Execution start: 2025-02-19 09:31:16.627711
{
    "in_dir": "dev_preproc",
    "grammar_file": "hrg_200.hrg",
    "out_dir": "dev_200"
}

Script name: parse

Loading grammar from /home/eiklodi/hrg/source/output/grammar/hrg_200.hrg
Last modified: Mon Feb 17 20:36:48 2025

Loaded hypergraph grammar with 199 rules.

Parsing sen 0
Parse did not finish:
- steps: 48834
- queue len: 37738
- attempted len: 20001170

Parsing sen 4
Parse did not finish:
- steps: 122368
- queue len: 275467
- attempted len: 20000453

Parsing sen 6
Parsing steps: 69118 steps
Cky conversion steps: 550595 steps
Chart START items len: 23867
Chart keys len: 24158
Chart items len: 102986

Parsing sen 7
Parsing steps: 4992 steps
Cky conversion steps: 14007 steps
Chart START items len: 677
Chart keys len: 707
Chart items len: 2883

Parsing sen 8
Parsing steps: 88540 steps
Cky conversion steps: 19499 steps
Chart START items len: 2317
Chart keys len: 2825
Chart items len: 7973

Parsing sen 11
Parsing steps: 21503 steps
Cky conversion steps: 226161 steps
Chart START items len: 6322
Chart keys len: 6369
Chart items len: 29868

Parsing sen 12
Parsing steps: 11515 steps
Cky conversion steps: 46927 steps
Chart START items len: 1817
Chart keys len: 1867
Chart items len: 7903

Parsing sen 16
Parsing steps: 5497 steps
Cky conversion steps: 3802 steps
Chart START items len: 526
Chart keys len: 561
Chart items len: 2051

Parsing sen 17
Parsing steps: 21282 steps
Cky conversion steps: 273310 steps
Chart START items len: 7503
Chart keys len: 7537
Chart items len: 35892

Parsing sen 20
Parse did not finish:
- steps: 72103
- queue len: 54456
- attempted len: 20001752

Parsing sen 24
Parse did not finish:
- steps: 75423
- queue len: 68369
- attempted len: 20000919

Parsing sen 33
Parse did not finish:
- steps: 230729
- queue len: 340432
- attempted len: 20000005

Parsing sen 37
Parsing steps: 13865 steps
Cky conversion steps: 114186 steps
Chart START items len: 3502
Chart keys len: 3561
Chart items len: 16676

Parsing sen 38
Parsing steps: 646 steps
Cky conversion steps: 89 steps
Chart START items len: 11
Chart keys len: 15
Chart items len: 33

Parsing sen 40
Parsing steps: 1916 steps
Cky conversion steps: 3279 steps
Chart START items len: 173
Chart keys len: 186
Chart items len: 758

Parsing sen 41
Parsing steps: 3651 steps
Cky conversion steps: 20822 steps
Chart START items len: 762
Chart keys len: 774
Chart items len: 3366

Parsing sen 42
Parsing steps: 16560 steps
Cky conversion steps: 51911 steps
Chart START items len: 3150
Chart keys len: 3303
Chart items len: 13147

Parsing sen 43
Parsing steps: 10749 steps
Cky conversion steps: 17097 steps
Chart START items len: 1336
Chart keys len: 1564
Chart items len: 5207

Parsing sen 45
Parsing steps: 31235 steps
Cky conversion steps: 153975 steps
Chart START items len: 6061
Chart keys len: 6237
Chart items len: 27049

Parsing sen 46
Parsing steps: 71183 steps
Cky conversion steps: 478417 steps
Chart START items len: 25116
Chart keys len: 25372
Chart items len: 112406

Parsing sen 48
Parse did not finish:
- steps: 105515
- queue len: 10000
- attempted len: 20000058

Parsing sen 50
Parsing steps: 2488 steps
Cky conversion steps: 3814 steps
Chart START items len: 334
Chart keys len: 367
Chart items len: 1338

Parsing sen 51
Parsing steps: 204647 steps
Cky conversion steps: 2410641 steps
Chart START items len: 80432
Chart keys len: 80645
Chart items len: 423210

Parsing sen 52
Parsing steps: 13735 steps
Cky conversion steps: 40870 steps
Chart START items len: 2110
Chart keys len: 2207
Chart items len: 8368

Parsing sen 53
Parsing steps: 114002 steps
Cky conversion steps: 99623 steps
Chart START items len: 12269
Chart keys len: 12416
Chart items len: 55501

Parsing sen 55
Parsing steps: 14640 steps
Cky conversion steps: 50612 steps
Chart START items len: 4488
Chart keys len: 4690
Chart items len: 18768

Parsing sen 57
Parsing steps: 10214 steps
Cky conversion steps: 23297 steps
Chart START items len: 1471
Chart keys len: 1564
Chart items len: 5906

Parsing sen 58
Parsing steps: 9033 steps
Cky conversion steps: 5104 steps
Chart START items len: 692
Chart keys len: 747
Chart items len: 2490

Parsing sen 59
Parsing steps: 29701 steps
Cky conversion steps: 98031 steps
Chart START items len: 4033
Chart keys len: 4159
Chart items len: 18478

Parsing sen 62
Parsing steps: 4186 steps
Cky conversion steps: 5133 steps
Chart START items len: 425
Chart keys len: 495
Chart items len: 1837

Parsing sen 64
Parse did not finish:
- steps: 61433
- queue len: 49665
- attempted len: 20000437

Parsing sen 67
Parse did not finish:
- steps: 160208
- queue len: 169549
- attempted len: 20000146

Parsing sen 69
Parse did not finish:
- steps: 67522
- queue len: 60516
- attempted len: 20000024

Parsing sen 71
Parsing steps: 3216 steps
Cky conversion steps: 7767 steps
Chart START items len: 417
Chart keys len: 442
Chart items len: 1813

Parsing sen 72
Parse did not finish:
- steps: 103270
- queue len: 557814
- attempted len: 20000059

Parsing sen 77
Parse did not finish:
- steps: 85697
- queue len: 80074
- attempted len: 20000580

Parsing sen 81
Parsing steps: 58274 steps
Cky conversion steps: 234465 steps
Chart START items len: 13368
Chart keys len: 13661
Chart items len: 58991

Parsing sen 84
Parse did not finish:
- steps: 364644
- queue len: 358944
- attempted len: 20000109

Parsing sen 86
Parsing steps: 169386 steps
Cky conversion steps: 268540 steps
Chart START items len: 27186
Chart keys len: 27519
Chart items len: 104580

Parsing sen 87
Parsing steps: 75631 steps
Cky conversion steps: 888590 steps
Chart START items len: 24184
Chart keys len: 24283
Chart items len: 130631

Parsing sen 90
Parsing steps: 1010490 steps
Cky conversion did not finish:
- steps: 10649891

Parsing sen 91
Parse did not finish:
- steps: 252627
- queue len: 52126
- attempted len: 20000062

Parsing sen 94
Parse did not finish:
- steps: 84748
- queue len: 143867
- attempted len: 20000914

Parsing sen 95
Parsing steps: 13830 steps
Cky conversion steps: 31826 steps
Chart START items len: 2123
Chart keys len: 2243
Chart items len: 8626

Parsing sen 98
Parsing steps: 960 steps
Cky conversion steps: 756 steps
Chart START items len: 58
Chart keys len: 66
Chart items len: 206

Parsing sen 99
Parsing steps: 16434 steps
Cky conversion steps: 45787 steps
Chart START items len: 3283
Chart keys len: 3541
Chart items len: 14340

Parsing sen 100
Parsing steps: 1484 steps
Cky conversion steps: 319 steps
Chart START items len: 44
Chart keys len: 51
Chart items len: 138

Parsing sen 101
Parsing steps: 10230 steps
Cky conversion steps: 8679 steps
Chart START items len: 746
Chart keys len: 1110
Chart items len: 3262

Parsing sen 104
Parsing steps: 49679 steps
Cky conversion steps: 37615 steps
Chart START items len: 3764
Chart keys len: 4532
Chart items len: 15240

Parsing sen 105
Parsing steps: 11687 steps
Cky conversion steps: 80241 steps
Chart START items len: 3532
Chart keys len: 3588
Chart items len: 15793

Parsing sen 107
Parse did not finish:
- steps: 179292
- queue len: 372197
- attempted len: 20000387

Parsing sen 110
Parsing steps: 21357 steps
Cky conversion steps: 10350 steps
Chart START items len: 954
Chart keys len: 1037
Chart items len: 3594

Parsing sen 112
Parsing steps: 2441 steps
Cky conversion steps: 1707 steps
Chart START items len: 197
Chart keys len: 236
Chart items len: 783

Parsing sen 114
Parsing steps: 990 steps
Cky conversion steps: 271 steps
Chart START items len: 40
Chart keys len: 43
Chart items len: 130

Parsing sen 115
Parsing steps: 629 steps
Cky conversion steps: 455 steps
Chart START items len: 48
Chart keys len: 51
Chart items len: 172

Parsing sen 117
Parsing steps: 1020 steps
Cky conversion steps: 2328 steps
Chart START items len: 148
Chart keys len: 157
Chart items len: 635

Parsing sen 118
Parsing steps: 56229 steps
Cky conversion steps: 676772 steps
Chart START items len: 20327
Chart keys len: 20409
Chart items len: 99588

Parsing sen 120
Parsing steps: 14445 steps
Cky conversion steps: 41645 steps
Chart START items len: 3459
Chart keys len: 3597
Chart items len: 16256

Parsing sen 123
Parsing steps: 30128 steps
Cky conversion steps: 4707 steps
Chart START items len: 451
Chart keys len: 587
Chart items len: 1597

Parsing sen 124
Parsing steps: 4329 steps
Cky conversion steps: 16635 steps
Chart START items len: 911
Chart keys len: 950
Chart items len: 3965

Parsing sen 127
Parse did not finish:
- steps: 58489
- queue len: 27590
- attempted len: 20000582

Parsing sen 128
Parsing steps: 179984 steps
Cky conversion steps: 2754937 steps
Chart START items len: 63060
Chart keys len: 63410
Chart items len: 306021

Parsing sen 130
Parsing steps: 2443 steps
Cky conversion steps: 4485 steps
Chart START items len: 273
Chart keys len: 294
Chart items len: 1046

Parsing sen 131
Parsing steps: 83792 steps
Cky conversion steps: 190785 steps
Chart START items len: 12740
Chart keys len: 13253
Chart items len: 54600

Parsing sen 133
Parsing steps: 1686 steps
Cky conversion steps: 1472 steps
Chart START items len: 99
Chart keys len: 119
Chart items len: 392

Parsing sen 134
Parsing steps: 1557 steps
Cky conversion steps: 78 steps
Chart START items len: 12
Chart keys len: 15
Chart items len: 37

Parsing sen 135
Parsing steps: 16346 steps
Cky conversion steps: 39787 steps
Chart START items len: 2570
Chart keys len: 2655
Chart items len: 10310

Parsing sen 137
Parsing steps: 20410 steps
Cky conversion steps: 93044 steps
Chart START items len: 4455
Chart keys len: 4621
Chart items len: 22110

Parsing sen 141
Parsing steps: 2039 steps
Cky conversion steps: 2712 steps
Chart START items len: 223
Chart keys len: 239
Chart items len: 877

Parsing sen 143
Parsing steps: 839 steps
Cky conversion steps: 840 steps
Chart START items len: 80
Chart keys len: 90
Chart items len: 289

Parsing sen 145
Parsing steps: 6501 steps
Cky conversion steps: 4695 steps
Chart START items len: 219
Chart keys len: 236
Chart items len: 838

Parsing sen 146
Parsing steps: 6206 steps
Cky conversion steps: 3008 steps
Chart START items len: 334
Chart keys len: 361
Chart items len: 1233

Parsing sen 147
Parsing steps: 43213 steps
Cky conversion steps: 19856 steps
Chart START items len: 2985
Chart keys len: 3099
Chart items len: 10886

Parsing sen 148
Parsing steps: 6024 steps
Cky conversion steps: 14544 steps
Chart START items len: 1050
Chart keys len: 1115
Chart items len: 4349

Parsing sen 149
Parsing steps: 7928 steps
Cky conversion steps: 4801 steps
Chart START items len: 712
Chart keys len: 759
Chart items len: 2588

Parsing sen 151
Parse did not finish:
- steps: 89305
- queue len: 116957
- attempted len: 20000195

Parsing sen 153
Parsing steps: 1418 steps
Cky conversion steps: 2608 steps
Chart START items len: 204
Chart keys len: 218
Chart items len: 832

Parsing sen 155
Parsing steps: 1160 steps
Cky conversion steps: 1496 steps
Chart START items len: 131
Chart keys len: 143
Chart items len: 503

Parsing sen 157
Parsing steps: 1894 steps
Cky conversion steps: 3100 steps
Chart START items len: 252
Chart keys len: 274
Chart items len: 984

Parsing sen 159
Parse did not finish:
- steps: 79609
- queue len: 67369
- attempted len: 20000056

Parsing sen 161
Parsing steps: 39041 steps
Cky conversion steps: 351140 steps
Chart START items len: 13381
Chart keys len: 13506
Chart items len: 65079

Parsing sen 163
Parse did not finish:
- steps: 124553
- queue len: 312244
- attempted len: 20000159

Parsing sen 166
Parsing steps: 12446 steps
Cky conversion steps: 95720 steps
Chart START items len: 4227
Chart keys len: 4273
Chart items len: 18811

Parsing sen 167
Parsing steps: 118536 steps
Cky conversion steps: 595982 steps
Chart START items len: 37559
Chart keys len: 38714
Chart items len: 166132

Parsing sen 170
Parse did not finish:
- steps: 80524
- queue len: 85570
- attempted len: 20000144

Parsing sen 174
Parsing steps: 10342 steps
Cky conversion steps: 9811 steps
Chart START items len: 1224
Chart keys len: 1291
Chart items len: 4654

Parsing sen 176
Parsing steps: 2520 steps
Cky conversion steps: 1639 steps
Chart START items len: 170
Chart keys len: 201
Chart items len: 657

Parsing sen 177
Parsing steps: 123011 steps
Cky conversion steps: 202041 steps
Chart START items len: 17832
Chart keys len: 18311
Chart items len: 69676

Parsing sen 180
Parsing steps: 1235 steps
Cky conversion steps: 3374 steps
Chart START items len: 167
Chart keys len: 176
Chart items len: 671

Parsing sen 181
Parsing steps: 5447 steps
Cky conversion steps: 16699 steps
Chart START items len: 786
Chart keys len: 846
Chart items len: 3271

Parsing sen 183
Parse did not finish:
- steps: 53712
- queue len: 35815
- attempted len: 20000169

Parsing sen 186
Parse did not finish:
- steps: 56214
- queue len: 28515
- attempted len: 20000042

Parsing sen 189
Parsing steps: 2898 steps
Cky conversion steps: 11593 steps
Chart START items len: 523
Chart keys len: 543
Chart items len: 2148

Parsing sen 190
Parsing steps: 14642 steps
Cky conversion steps: 9879 steps
Chart START items len: 1127
Chart keys len: 1253
Chart items len: 4141

Parsing sen 191
Parsing steps: 41767 steps
Cky conversion steps: 257254 steps
Chart START items len: 10450
Chart keys len: 10578
Chart items len: 49774

Parsing sen 193
Parsing steps: 22156 steps
Cky conversion steps: 109928 steps
Chart START items len: 5291
Chart keys len: 5448
Chart items len: 23898

Parsing sen 196
Parsing steps: 4577 steps
Cky conversion steps: 1548 steps
Chart START items len: 142
Chart keys len: 229
Chart items len: 637

Parsing sen 198
Parsing steps: 2397 steps
Cky conversion steps: 9783 steps
Chart START items len: 409
Chart keys len: 423
Chart items len: 1785

Parsing sen 199
Parsing steps: 176375 steps
Cky conversion steps: 2802827 steps
Chart START items len: 69407
Chart keys len: 69496
Chart items len: 333494

Parsing sen 202
Parsing steps: 19912 steps
Cky conversion steps: 4444 steps
Chart START items len: 513
Chart keys len: 613
Chart items len: 1801

Parsing sen 204
Parsing steps: 1410 steps
Cky conversion steps: 120 steps
Chart START items len: 14
Chart keys len: 19
Chart items len: 45

Parsing sen 205
Parse did not finish:
- steps: 52476
- queue len: 49568
- attempted len: 20000380

Parsing sen 208
Parsing steps: 1896 steps
Cky conversion steps: 1595 steps
Chart START items len: 185
Chart keys len: 205
Chart items len: 640

Parsing sen 209
Parsing steps: 124925 steps
Cky conversion steps: 798084 steps
Chart START items len: 33207
Chart keys len: 33692
Chart items len: 154753

Parsing sen 210
Parse did not finish:
- steps: 49324
- queue len: 25442
- attempted len: 20001556

Parsing sen 213
Parsing steps: 1077 steps
Cky conversion steps: 553 steps
Chart START items len: 62
Chart keys len: 71
Chart items len: 208

Parsing sen 214
Parse did not finish:
- steps: 87406
- queue len: 203870
- attempted len: 20001093

Parsing sen 220
Parsing steps: 110369 steps
Cky conversion steps: 702814 steps
Chart START items len: 26671
Chart keys len: 27307
Chart items len: 116163

Parsing sen 223
Parsing steps: 260737 steps
Cky conversion steps: 3095221 steps
Chart START items len: 106472
Chart keys len: 106677
Chart items len: 522890

Parsing sen 227
Parse did not finish:
- steps: 82723
- queue len: 234229
- attempted len: 20000159

Parsing sen 233
Parsing steps: 274078 steps
Cky conversion steps: 185 steps
Chart START items len: 26
Chart keys len: 30
Chart items len: 88

Parsing sen 238
Parsing steps: 58884 steps
Cky conversion steps: 85322 steps
Chart START items len: 7351
Chart keys len: 8191
Chart items len: 28974

Parsing sen 240
Parsing steps: 31686 steps
Cky conversion steps: 14859 steps
Chart START items len: 1599
Chart keys len: 1820
Chart items len: 5599

Parsing sen 241
Parsing steps: 50931 steps
Cky conversion steps: 297615 steps
Chart START items len: 9806
Chart keys len: 10014
Chart items len: 40961

Parsing sen 242
Parse did not finish:
- steps: 89786
- queue len: 267963
- attempted len: 20000537

Parsing sen 245
Parsing steps: 28481 steps
Cky conversion steps: 370 steps
Chart START items len: 55
Chart keys len: 61
Chart items len: 182

Parsing sen 249
Parsing steps: 296487 steps
Cky conversion steps: 2691510 steps
Chart START items len: 83420
Chart keys len: 83650
Chart items len: 372748

Parsing sen 250
Parse did not finish:
- steps: 314784
- queue len: 126803
- attempted len: 20000358

Parsing sen 254
Parsing steps: 12261 steps
Cky conversion steps: 17707 steps
Chart START items len: 1704
Chart keys len: 1792
Chart items len: 6308

Parsing sen 256
Parsing steps: 22141 steps
Cky conversion steps: 72694 steps
Chart START items len: 4417
Chart keys len: 4635
Chart items len: 19556

Parsing sen 261
Parse did not finish:
- steps: 73494
- queue len: 107601
- attempted len: 20001080

Parsing sen 267
Parsing steps: 2542 steps
Cky conversion steps: 4463 steps
Chart START items len: 341
Chart keys len: 371
Chart items len: 1333

Parsing sen 269
Parse did not finish:
- steps: 81243
- queue len: 33525
- attempted len: 20000709

Parsing sen 274
Parsing steps: 8246 steps
Cky conversion steps: 27201 steps
Chart START items len: 1277
Chart keys len: 1320
Chart items len: 5283

Parsing sen 275
Parse did not finish:
- steps: 71507
- queue len: 149038
- attempted len: 20000473

Parsing sen 277
Parsing steps: 27820 steps
Cky conversion steps: 3483 steps
Chart START items len: 365
Chart keys len: 510
Chart items len: 1632

Parsing sen 278
Parsing steps: 17419 steps
Cky conversion steps: 103470 steps
Chart START items len: 4124
Chart keys len: 4214
Chart items len: 18715

Parsing sen 279
Parsing steps: 33752 steps
Cky conversion steps: 99117 steps
Chart START items len: 6728
Chart keys len: 7181
Chart items len: 29989

Parsing sen 280
Parsing steps: 1198 steps
Cky conversion steps: 2255 steps
Chart START items len: 184
Chart keys len: 193
Chart items len: 729

Parsing sen 282
Parsing steps: 1812 steps
Cky conversion steps: 4522 steps
Chart START items len: 267
Chart keys len: 281
Chart items len: 1041

Parsing sen 283
Parsing steps: 1076 steps
Cky conversion steps: 2838 steps
Chart START items len: 134
Chart keys len: 137
Chart items len: 533

Parsing sen 284
Parsing steps: 4998 steps
Cky conversion steps: 2743 steps
Chart START items len: 365
Chart keys len: 392
Chart items len: 1419

Parsing sen 285
Parse did not finish:
- steps: 97849
- queue len: 61724
- attempted len: 20000071

Parsing sen 289
Parse did not finish:
- steps: 49847
- queue len: 87877
- attempted len: 20000840

Parsing sen 293
Parse did not finish:
- steps: 87130
- queue len: 89342
- attempted len: 20000371

Parsing sen 295
Parsing steps: 7066 steps
Cky conversion steps: 13555 steps
Chart START items len: 884
Chart keys len: 928
Chart items len: 3823

Parsing sen 297
Parsing steps: 37594 steps
Cky conversion steps: 121205 steps
Chart START items len: 6141
Chart keys len: 6450
Chart items len: 24881

Parsing sen 299
Parse did not finish:
- steps: 81805
- queue len: 71059
- attempted len: 20000914

Parsing sen 306
Parsing steps: 9830 steps
Cky conversion steps: 76595 steps
Chart START items len: 2813
Chart keys len: 2845
Chart items len: 13178

Parsing sen 308
Parsing steps: 8377 steps
Cky conversion steps: 4098 steps
Chart START items len: 386
Chart keys len: 434
Chart items len: 1536

Parsing sen 311
Parsing steps: 56215 steps
Cky conversion steps: 6109 steps
Chart START items len: 655
Chart keys len: 901
Chart items len: 2462

Parsing sen 313
Parsing steps: 89465 steps
Cky conversion steps: 49216 steps
Chart START items len: 7011
Chart keys len: 7130
Chart items len: 25881

Parsing sen 315
Parse did not finish:
- steps: 53558
- queue len: 170680
- attempted len: 20001142

Parsing sen 318
Parsing steps: 3772 steps
Cky conversion steps: 4426 steps
Chart START items len: 318
Chart keys len: 334
Chart items len: 1247

Parsing sen 319
Parse did not finish:
- steps: 61582
- queue len: 253980
- attempted len: 20000571

Parsing sen 321
Parsing steps: 174560 steps
Cky conversion steps: 214365 steps
Chart START items len: 22342
Chart keys len: 22707
Chart items len: 80921

Parsing sen 323
Parse did not finish:
- steps: 75869
- queue len: 53207
- attempted len: 20000825

Parsing sen 325
Parsing steps: 8624 steps
Cky conversion steps: 15520 steps
Chart START items len: 1030
Chart keys len: 1129
Chart items len: 4416

Parsing sen 327
Parsing steps: 40880 steps
Cky conversion steps: 392924 steps
Chart START items len: 11844
Chart keys len: 11929
Chart items len: 56840

Parsing sen 328
Parse did not finish:
- steps: 50145
- queue len: 38913
- attempted len: 20000057

Parsing sen 329
Parse did not finish:
- steps: 72344
- queue len: 8786
- attempted len: 20001026

Parsing sen 333
Parse did not finish:
- steps: 66900
- queue len: 175326
- attempted len: 20000208

Parsing sen 335
Parsing steps: 7735 steps
Cky conversion steps: 6511 steps
Chart START items len: 877
Chart keys len: 1137
Chart items len: 3399

Parsing sen 336
Parse did not finish:
- steps: 95576
- queue len: 335372
- attempted len: 20000141

Parsing sen 338
Parsing steps: 10102 steps
Cky conversion steps: 87216 steps
Chart START items len: 3356
Chart keys len: 3386
Chart items len: 16756

Parsing sen 340
Parse did not finish:
- steps: 142353
- queue len: 544298
- attempted len: 20000967

Parsing sen 344
Parsing steps: 2939 steps
Cky conversion steps: 2668 steps
Chart START items len: 380
Chart keys len: 431
Chart items len: 1514

Parsing sen 345
Parsing steps: 31767 steps
Cky conversion steps: 265076 steps
Chart START items len: 10284
Chart keys len: 10410
Chart items len: 52674

Parsing sen 348
Parse did not finish:
- steps: 240011
- queue len: 294499
- attempted len: 20000190

Parsing sen 350
Parse did not finish:
- steps: 106200
- queue len: 299515
- attempted len: 20000457

Parsing sen 351
Parsing steps: 2217 steps
Cky conversion steps: 10564 steps
Chart START items len: 378
Chart keys len: 388
Chart items len: 1622

Parsing sen 352
Parsing steps: 31840 steps
Cky conversion steps: 124261 steps
Chart START items len: 11837
Chart keys len: 12411
Chart items len: 58781

Parsing sen 356
Parsing steps: 6063 steps
Cky conversion steps: 11183 steps
Chart START items len: 734
Chart keys len: 831
Chart items len: 3129

Parsing sen 357
Parsing steps: 81978 steps
Cky conversion steps: 239446 steps
Chart START items len: 7869
Chart keys len: 8716
Chart items len: 32598

Parsing sen 361
Parsing steps: 64653 steps
Cky conversion steps: 15789 steps
Chart START items len: 2047
Chart keys len: 2689
Chart items len: 7493

Parsing sen 364
Parsing steps: 29872 steps
Cky conversion steps: 247744 steps
Chart START items len: 8494
Chart keys len: 8579
Chart items len: 39161

Parsing sen 366
Parsing steps: 1176 steps
Cky conversion steps: 1075 steps
Chart START items len: 128
Chart keys len: 144
Chart items len: 529

Parsing sen 368
Parse did not finish:
- steps: 44707
- queue len: 25962
- attempted len: 20001547

Parsing sen 371
Parse did not finish:
- steps: 227877
- queue len: 920536
- attempted len: 20000341

Parsing sen 373
Parse did not finish:
- steps: 60871
- queue len: 61081
- attempted len: 20000926

Parsing sen 376
Parse did not finish:
- steps: 98983
- queue len: 213272
- attempted len: 20000233

Parsing sen 379
Parsing steps: 22754 steps
Cky conversion steps: 18033 steps
Chart START items len: 1907
Chart keys len: 2249
Chart items len: 7373

Parsing sen 380
Parse did not finish:
- steps: 82831
- queue len: 57005
- attempted len: 20000187

Parsing sen 383
Parsing steps: 33153 steps
Cky conversion steps: 40708 steps
Chart START items len: 4707
Chart keys len: 4958
Chart items len: 17895

Parsing sen 386
Parse did not finish:
- steps: 74312
- queue len: 34522
- attempted len: 20000768

Parsing sen 387
Parsing steps: 4214 steps
Cky conversion steps: 2115 steps
Chart START items len: 202
Chart keys len: 270
Chart items len: 879

Parsing sen 388
Parsing steps: 804 steps
Cky conversion steps: 131 steps
Chart START items len: 17
Chart keys len: 25
Chart items len: 65

Parsing sen 390
Parsing steps: 164601 steps
Cky conversion steps: 7881 steps
Chart START items len: 768
Chart keys len: 925
Chart items len: 2858

Parsing sen 394
Parsing steps: 18732 steps
Cky conversion steps: 167832 steps
Chart START items len: 6177
Chart keys len: 6219
Chart items len: 30619

Parsing sen 396
Parse did not finish:
- steps: 329979
- queue len: 1006480
- attempted len: 20000005

Parsing sen 399
Parse did not finish:
- steps: 74186
- queue len: 1025285
- attempted len: 20000514

Parsing sen 402
Parse did not finish:
- steps: 121841
- queue len: 131754
- attempted len: 20000080

Parsing sen 405
Parsing steps: 22130 steps
Cky conversion steps: 3386 steps
Chart START items len: 447
Chart keys len: 486
Chart items len: 1421

Parsing sen 406
Parsing steps: 18195 steps
Cky conversion steps: 80844 steps
Chart START items len: 4523
Chart keys len: 4619
Chart items len: 20132

Parsing sen 408
Parsing steps: 81358 steps
Cky conversion steps: 473370 steps
Chart START items len: 21392
Chart keys len: 21894
Chart items len: 112541

Parsing sen 412
Parsing steps: 58574 steps
Cky conversion steps: 430409 steps
Chart START items len: 17304
Chart keys len: 17420
Chart items len: 83577

Parsing sen 414
Parsing steps: 32537 steps
Cky conversion steps: 233823 steps
Chart START items len: 13684
Chart keys len: 13849
Chart items len: 86247

Parsing sen 416
Parse did not finish:
- steps: 1093907
- queue len: 613824
- attempted len: 20000028

Parsing sen 419
Parse did not finish:
- steps: 153287
- queue len: 610001
- attempted len: 20000813

Parsing sen 424
Parsing steps: 6180 steps
Cky conversion steps: 8363 steps
Chart START items len: 450
Chart keys len: 469
Chart items len: 1935

Parsing sen 425
Parsing steps: 1621743 steps
Cky conversion did not finish:
- steps: 7354852

Parsing sen 429
Parsing steps: 18638 steps
Cky conversion steps: 147490 steps
Chart START items len: 5479
Chart keys len: 5524
Chart items len: 26042

Parsing sen 436
Parse did not finish:
- steps: 91539
- queue len: 36770
- attempted len: 20000322

Parsing sen 440
Parsing steps: 9544 steps
Cky conversion steps: 61312 steps
Chart START items len: 2134
Chart keys len: 2175
Chart items len: 9764

Parsing sen 441
Parsing steps: 15611 steps
Cky conversion steps: 31 steps
Chart START items len: 3
Chart keys len: 7
Chart items len: 9

Parsing sen 442
Parse did not finish:
- steps: 77643
- queue len: 160352
- attempted len: 20000115

Parsing sen 446
Parsing steps: 1930 steps
Cky conversion steps: 377 steps
Chart START items len: 29
Chart keys len: 32
Chart items len: 98

Parsing sen 448
Parse did not finish:
- steps: 90072
- queue len: 55673
- attempted len: 20000171

Parsing sen 452
Parsing steps: 74852 steps
Cky conversion steps: 428537 steps
Chart START items len: 16534
Chart keys len: 17048
Chart items len: 75550

Parsing sen 453
Parsing steps: 6594 steps
Cky conversion steps: 9507 steps
Chart START items len: 407
Chart keys len: 435
Chart items len: 1589

Parsing sen 454
Parsing steps: 9883 steps
Cky conversion steps: 28809 steps
Chart START items len: 1788
Chart keys len: 1901
Chart items len: 8588

Parsing sen 457
Parse did not finish:
- steps: 61875
- queue len: 99961
- attempted len: 20000253

Parsing sen 460
Parsing steps: 44573 steps
Cky conversion steps: 178983 steps
Chart START items len: 16656
Chart keys len: 17344
Chart items len: 91328

Parsing sen 463
Parse did not finish:
- steps: 53384
- queue len: 28963
- attempted len: 20000711

Parsing sen 465
Parsing steps: 27180 steps
Cky conversion steps: 2761 steps
Chart START items len: 395
Chart keys len: 430
Chart items len: 1273

Parsing sen 466
Parsing steps: 11328 steps
Cky conversion steps: 62553 steps
Chart START items len: 2031
Chart keys len: 2081
Chart items len: 9047

Parsing sen 469
Parsing steps: 27035 steps
Cky conversion steps: 7453 steps
Chart START items len: 699
Chart keys len: 768
Chart items len: 3011

Parsing sen 471
Parsing steps: 23774 steps
Cky conversion steps: 52822 steps
Chart START items len: 2297
Chart keys len: 2565
Chart items len: 8827

Parsing sen 472
Parse did not finish:
- steps: 105455
- queue len: 132488
- attempted len: 20000311

Parsing sen 474
Parsing steps: 5278 steps
Cky conversion steps: 19317 steps
Chart START items len: 546
Chart keys len: 559
Chart items len: 2322

Parsing sen 476
Parse did not finish:
- steps: 69123
- queue len: 136198
- attempted len: 20000013

Parsing sen 479
Parse did not finish:
- steps: 59008
- queue len: 45161
- attempted len: 20000647

Parsing sen 483
Parsing steps: 22073 steps
Cky conversion steps: 166348 steps
Chart START items len: 6894
Chart keys len: 6976
Chart items len: 33216

Parsing sen 485
Parse did not finish:
- steps: 123112
- queue len: 146204
- attempted len: 20000102

Parsing sen 487
Parse did not finish:
- steps: 112910
- queue len: 302004
- attempted len: 20001114

Parsing sen 488
Parse did not finish:
- steps: 56070
- queue len: 29208
- attempted len: 20000143

Parsing sen 490
Parse did not finish:
- steps: 105142
- queue len: 124179
- attempted len: 20000231

Parsing sen 495
Parsing steps: 121164 steps
Cky conversion steps: 727495 steps
Chart START items len: 31959
Chart keys len: 32165
Chart items len: 136926

Parsing sen 497
Parsing steps: 54980 steps
Cky conversion steps: 475041 steps
Chart START items len: 15759
Chart keys len: 15876
Chart items len: 70889

Parsing sen 498
Parsing steps: 17680 steps
Cky conversion steps: 129773 steps
Chart START items len: 5307
Chart keys len: 5364
Chart items len: 25746

Parsing sen 500
Parsing steps: 5304 steps
Cky conversion steps: 32207 steps
Chart START items len: 1185
Chart keys len: 1210
Chart items len: 5331

Parsing sen 501
Parsing steps: 1352 steps
Cky conversion steps: 2421 steps
Chart START items len: 107
Chart keys len: 114
Chart items len: 411

Parsing sen 502
Parsing steps: 175716 steps
Cky conversion steps: 1970288 steps
Chart START items len: 62337
Chart keys len: 62597
Chart items len: 303163

Parsing sen 503
Parsing steps: 8196 steps
Cky conversion steps: 33777 steps
Chart START items len: 1457
Chart keys len: 1517
Chart items len: 6287

Parsing sen 504
Parsing steps: 21591 steps
Cky conversion steps: 99384 steps
Chart START items len: 3667
Chart keys len: 3835
Chart items len: 15241

Parsing sen 505
Parsing steps: 23097 steps
Cky conversion steps: 167715 steps
Chart START items len: 5411
Chart keys len: 5481
Chart items len: 25214

Parsing sen 506
Parsing steps: 115423 steps
Cky conversion steps: 989966 steps
Chart START items len: 40555
Chart keys len: 40709
Chart items len: 189104

Parsing sen 508
Parsing steps: 56440 steps
Cky conversion steps: 369900 steps
Chart START items len: 14622
Chart keys len: 14900
Chart items len: 62971

Parsing sen 510
Parsing steps: 9257 steps
Cky conversion steps: 32256 steps
Chart START items len: 1547
Chart keys len: 1599
Chart items len: 7295

Parsing sen 511
Parse did not finish:
- steps: 120455
- queue len: 49415
- attempted len: 20000129

Parsing sen 512
Parsing steps: 8324 steps
Cky conversion steps: 14841 steps
Chart START items len: 1244
Chart keys len: 1302
Chart items len: 5115

Parsing sen 516
Parse did not finish:
- steps: 56125
- queue len: 42836
- attempted len: 20000494

Parsing sen 520
Parse did not finish:
- steps: 473724
- queue len: 1227935
- attempted len: 20000258

Parsing sen 524
Parse did not finish:
- steps: 63183
- queue len: 67490
- attempted len: 20001717

Parsing sen 533
Parsing steps: 3000 steps
Cky conversion steps: 10110 steps
Chart START items len: 544
Chart keys len: 567
Chart items len: 2612

Parsing sen 535
Parsing steps: 147138 steps
Cky conversion steps: 239256 steps
Chart START items len: 22688
Chart keys len: 23220
Chart items len: 100336

Parsing sen 538
Parse did not finish:
- steps: 86984
- queue len: 36233
- attempted len: 20000403

Parsing sen 545
Parsing steps: 5822 steps
Cky conversion steps: 14013 steps
Chart START items len: 909
Chart keys len: 942
Chart items len: 3980

Parsing sen 547
Parsing steps: 3178 steps
Cky conversion steps: 2602 steps
Chart START items len: 307
Chart keys len: 359
Chart items len: 1146

Parsing sen 549
Parsing steps: 257945 steps
Cky conversion steps: 2791858 steps
Chart START items len: 87530
Chart keys len: 87761
Chart items len: 401705

Parsing sen 551
Parse did not finish:
- steps: 133423
- queue len: 524332
- attempted len: 20000596

Parsing sen 553
Parse did not finish:
- steps: 52780
- queue len: 57261
- attempted len: 20000930

Parsing sen 558
Parsing steps: 61932 steps
Cky conversion steps: 178928 steps
Chart START items len: 11242
Chart keys len: 12014
Chart items len: 58022

Parsing sen 560
Parsing steps: 10862 steps
Cky conversion steps: 233 steps
Chart START items len: 23
Chart keys len: 37
Chart items len: 84

Parsing sen 561
Parse did not finish:
- steps: 1423405
- queue len: 1061774
- attempted len: 20000005

Parsing sen 563
Parsing steps: 94389 steps
Cky conversion steps: 1033990 steps
Chart START items len: 33654
Chart keys len: 33754
Chart items len: 160557

Parsing sen 566
Parsing steps: 61837 steps
Cky conversion steps: 62440 steps
Chart START items len: 5549
Chart keys len: 6823
Chart items len: 26575

Parsing sen 569
Parse did not finish:
- steps: 59278
- queue len: 50336
- attempted len: 20000358

Parsing sen 574
Parsing steps: 10062 steps
Cky conversion steps: 69719 steps
Chart START items len: 2650
Chart keys len: 2696
Chart items len: 13110

Parsing sen 576
Parsing steps: 32895 steps
Cky conversion steps: 194770 steps
Chart START items len: 6305
Chart keys len: 6474
Chart items len: 26260

Parsing sen 578
Parsing steps: 418842 steps
Cky conversion steps: 7804291 steps
Chart START items len: 170562
Chart keys len: 170690
Chart items len: 815905

Parsing sen 579
Parsing steps: 100917 steps
Cky conversion steps: 855311 steps
Chart START items len: 36333
Chart keys len: 36546
Chart items len: 176482

Parsing sen 583
Parsing steps: 55658 steps
Cky conversion steps: 379383 steps
Chart START items len: 17933
Chart keys len: 18079
Chart items len: 90083

Parsing sen 586
Parsing steps: 1952 steps
Cky conversion steps: 12097 steps
Chart START items len: 417
Chart keys len: 422
Chart items len: 1784

Parsing sen 587
Parsing steps: 12034 steps
Cky conversion steps: 30202 steps
Chart START items len: 2132
Chart keys len: 2310
Chart items len: 8561

Parsing sen 589
Parsing steps: 56002 steps
Cky conversion steps: 592965 steps
Chart START items len: 21992
Chart keys len: 22113
Chart items len: 117156

Parsing sen 592
Parse did not finish:
- steps: 116894
- queue len: 372352
- attempted len: 20001248

Parsing sen 595
Parsing steps: 10016 steps
Cky conversion steps: 55493 steps
Chart START items len: 2657
Chart keys len: 2696
Chart items len: 12662

Parsing sen 598
Parsing steps: 1784 steps
Cky conversion steps: 999 steps
Chart START items len: 90
Chart keys len: 112
Chart items len: 428

Parsing sen 599
Parsing steps: 8754 steps
Cky conversion steps: 23279 steps
Chart START items len: 1352
Chart keys len: 1462
Chart items len: 6129

Parsing sen 600
Parsing steps: 3032 steps
Cky conversion steps: 1990 steps
Chart START items len: 104
Chart keys len: 128
Chart items len: 398

Parsing sen 601
Parsing steps: 9000 steps
Cky conversion steps: 4707 steps
Chart START items len: 713
Chart keys len: 795
Chart items len: 2535

Parsing sen 603
Parsing steps: 42349 steps
Cky conversion steps: 144576 steps
Chart START items len: 10517
Chart keys len: 10722
Chart items len: 43262

Parsing sen 604
Parsing steps: 940 steps
Cky conversion steps: 147 steps
Chart START items len: 20
Chart keys len: 30
Chart items len: 64

Parsing sen 605
Parsing steps: 531 steps
Cky conversion steps: 65 steps
Chart START items len: 8
Chart keys len: 15
Chart items len: 24

Parsing sen 606
Parsing steps: 1787 steps
Cky conversion steps: 797 steps
Chart START items len: 89
Chart keys len: 106
Chart items len: 324

Parsing sen 607
Parsing steps: 67442 steps
Cky conversion steps: 428122 steps
Chart START items len: 20135
Chart keys len: 20272
Chart items len: 89270

Parsing sen 612
Parsing steps: 10995 steps
Cky conversion steps: 60271 steps
Chart START items len: 2086
Chart keys len: 2135
Chart items len: 9615

Parsing sen 613
Parsing steps: 28278 steps
Cky conversion steps: 62267 steps
Chart START items len: 4016
Chart keys len: 4222
Chart items len: 19632

Parsing sen 615
Parse did not finish:
- steps: 99282
- queue len: 244676
- attempted len: 20000609

Parsing sen 617
Parse did not finish:
- steps: 149364
- queue len: 40360
- attempted len: 20000008

Parsing sen 618
Parsing steps: 764 steps
Cky conversion steps: 216 steps
Chart START items len: 26
Chart keys len: 32
Chart items len: 84

Parsing sen 619
Parsing steps: 3422 steps
Cky conversion steps: 11023 steps
Chart START items len: 591
Chart keys len: 617
Chart items len: 2918

Parsing sen 621
Parse did not finish:
- steps: 118019
- queue len: 52002
- attempted len: 20000243

Parsing sen 623
Parsing steps: 7506 steps
Cky conversion steps: 27561 steps
Chart START items len: 1423
Chart keys len: 1466
Chart items len: 6540

Parsing sen 625
Parsing steps: 5664 steps
Cky conversion steps: 6580 steps
Chart START items len: 627
Chart keys len: 684
Chart items len: 2702

Parsing sen 627
Parsing steps: 12719 steps
Cky conversion steps: 28980 steps
Chart START items len: 2302
Chart keys len: 2457
Chart items len: 10777

Parsing sen 630
Parse did not finish:
- steps: 59515
- queue len: 43677
- attempted len: 20000001

Parsing sen 632
Parsing steps: 34558 steps
Cky conversion steps: 20660 steps
Chart START items len: 2888
Chart keys len: 2978
Chart items len: 11338

Parsing sen 633
Parsing steps: 12565 steps
Cky conversion steps: 16463 steps
Chart START items len: 1325
Chart keys len: 1543
Chart items len: 5230

Parsing sen 635
Parsing steps: 33848 steps
Cky conversion steps: 44145 steps
Chart START items len: 3521
Chart keys len: 3658
Chart items len: 13734

Parsing sen 636
Parsing steps: 13565 steps
Cky conversion steps: 13268 steps
Chart START items len: 1050
Chart keys len: 1185
Chart items len: 4122

Parsing sen 641
Parsing steps: 1320 steps
Cky conversion steps: 2520 steps
Chart START items len: 171
Chart keys len: 180
Chart items len: 723

Parsing sen 642
Parsing steps: 4507 steps
Cky conversion steps: 2984 steps
Chart START items len: 248
Chart keys len: 303
Chart items len: 895

Parsing sen 645
Parsing steps: 46005 steps
Cky conversion steps: 15084 steps
Chart START items len: 1719
Chart keys len: 2323
Chart items len: 6635

Parsing sen 647
Parsing steps: 4679 steps
Cky conversion steps: 773 steps
Chart START items len: 79
Chart keys len: 88
Chart items len: 282

Parsing sen 649
Parse did not finish:
- steps: 191332
- queue len: 147695
- attempted len: 20000003

Parsing sen 651
Parsing steps: 1871 steps
Cky conversion steps: 763 steps
Chart START items len: 48
Chart keys len: 49
Chart items len: 173

Parsing sen 652
Parsing steps: 1283 steps
Cky conversion steps: 142 steps
Chart START items len: 22
Chart keys len: 27
Chart items len: 70

Parsing sen 653
Parse did not finish:
- steps: 66270
- queue len: 94595
- attempted len: 20001181

Parsing sen 655
Parsing steps: 5815 steps
Cky conversion steps: 2039 steps
Chart START items len: 204
Chart keys len: 296
Chart items len: 803

Parsing sen 656
Parsing steps: 15696 steps
Cky conversion steps: 9421 steps
Chart START items len: 585
Chart keys len: 617
Chart items len: 2400

Parsing sen 657
Parse did not finish:
- steps: 92723
- queue len: 114979
- attempted len: 20000955

Parsing sen 661
Parsing steps: 35610 steps
Cky conversion steps: 22169 steps
Chart START items len: 3000
Chart keys len: 3309
Chart items len: 11036

Parsing sen 663
Parse did not finish:
- steps: 54809
- queue len: 71543
- attempted len: 20000584

Parsing sen 664
Parsing steps: 573251 steps
Cky conversion steps: 7394785 steps
Chart START items len: 232611
Chart keys len: 232850
Chart items len: 1262901

Parsing sen 667
Parsing steps: 7291 steps
Cky conversion steps: 25432 steps
Chart START items len: 1268
Chart keys len: 1337
Chart items len: 5258

Parsing sen 669
Parsing steps: 12464 steps
Cky conversion steps: 22667 steps
Chart START items len: 1215
Chart keys len: 1325
Chart items len: 5616

Parsing sen 670
Parsing steps: 19531 steps
Cky conversion steps: 2744 steps
Chart START items len: 377
Chart keys len: 418
Chart items len: 1372

Parsing sen 671
Parsing steps: 2118 steps
Cky conversion steps: 5854 steps
Chart START items len: 260
Chart keys len: 271
Chart items len: 1058

Parsing sen 672
Parsing steps: 91276 steps
Cky conversion steps: 310485 steps
Chart START items len: 14315
Chart keys len: 14547
Chart items len: 59892

Parsing sen 673
Parsing steps: 5847 steps
Cky conversion steps: 20377 steps
Chart START items len: 1094
Chart keys len: 1133
Chart items len: 5105

Parsing sen 675
Parsing steps: 10495 steps
Cky conversion steps: 6817 steps
Chart START items len: 661
Chart keys len: 823
Chart items len: 2404

Parsing sen 676
Parsing steps: 3006 steps
Cky conversion steps: 8521 steps
Chart START items len: 457
Chart keys len: 478
Chart items len: 1997

Parsing sen 677
Parsing steps: 16855 steps
Cky conversion steps: 96033 steps
Chart START items len: 4628
Chart keys len: 4755
Chart items len: 21763

Parsing sen 680
Parsing steps: 11718 steps
Cky conversion steps: 8147 steps
Chart START items len: 834
Chart keys len: 979
Chart items len: 3141

Parsing sen 682
Parsing steps: 977 steps
Cky conversion steps: 817 steps
Chart START items len: 64
Chart keys len: 72
Chart items len: 235

Parsing sen 683
Parsing steps: 6239 steps
Cky conversion steps: 68509 steps
Chart START items len: 1910
Chart keys len: 1931
Chart items len: 8746

Parsing sen 684
Parsing steps: 223 steps
Cky conversion steps: 19 steps
Chart START items len: 3
Chart keys len: 4
Chart items len: 7

Parsing sen 685
Parsing steps: 9656 steps
Cky conversion steps: 11491 steps
Chart START items len: 710
Chart keys len: 825
Chart items len: 2654

Parsing sen 689
Parsing steps: 1560 steps
Cky conversion steps: 2053 steps
Chart START items len: 169
Chart keys len: 180
Chart items len: 676

Parsing sen 691
Parsing steps: 62812 steps
Cky conversion steps: 30820 steps
Chart START items len: 2078
Chart keys len: 2451
Chart items len: 7934

Parsing sen 696
Parsing steps: 35220 steps
Cky conversion steps: 383389 steps
Chart START items len: 12299
Chart keys len: 12370
Chart items len: 62677

Parsing sen 699
Parsing steps: 66639 steps
Cky conversion steps: 155628 steps
Chart START items len: 12268
Chart keys len: 12478
Chart items len: 56056

Parsing sen 704
Parsing steps: 3536 steps
Cky conversion steps: 9044 steps
Chart START items len: 536
Chart keys len: 560
Chart items len: 2159

Parsing sen 705
Parsing steps: 543 steps
Cky conversion steps: 220 steps
Chart START items len: 26
Chart keys len: 31
Chart items len: 89

Parsing sen 706
Parsing steps: 23602 steps
Cky conversion steps: 8954 steps
Chart START items len: 596
Chart keys len: 806
Chart items len: 2322

Parsing sen 707
Parsing steps: 15147 steps
Cky conversion steps: 13826 steps
Chart START items len: 1707
Chart keys len: 1869
Chart items len: 6745

Parsing sen 711
Parse did not finish:
- steps: 189064
- queue len: 43500
- attempted len: 20000401

Parsing sen 714
Parse did not finish:
- steps: 87076
- queue len: 31928
- attempted len: 20000897

Parsing sen 716
Parsing steps: 9743 steps
Cky conversion steps: 29333 steps
Chart START items len: 1342
Chart keys len: 1454
Chart items len: 5371

Parsing sen 717
Parse did not finish:
- steps: 51913
- queue len: 29485
- attempted len: 20000100

Parsing sen 719
Parsing steps: 1270 steps
Cky conversion steps: 1639 steps
Chart START items len: 137
Chart keys len: 154
Chart items len: 503

Parsing sen 720
Parsing steps: 10563 steps
Cky conversion steps: 55480 steps
Chart START items len: 2327
Chart keys len: 2401
Chart items len: 10215

Parsing sen 722
Parse did not finish:
- steps: 62520
- queue len: 80814
- attempted len: 20000144

Parsing sen 725
Parse did not finish:
- steps: 174295
- queue len: 282437
- attempted len: 20000037

Parsing sen 726
Parsing steps: 31126 steps
Cky conversion steps: 201891 steps
Chart START items len: 10700
Chart keys len: 10818
Chart items len: 48895

Parsing sen 729
Parsing steps: 3124 steps
Cky conversion steps: 1423 steps
Chart START items len: 152
Chart keys len: 174
Chart items len: 541

Parsing sen 731
Parsing steps: 713 steps
Cky conversion steps: 347 steps
Chart START items len: 24
Chart keys len: 27
Chart items len: 79

Parsing sen 733
Parsing steps: 8774 steps
Cky conversion steps: 23238 steps
Chart START items len: 1508
Chart keys len: 1611
Chart items len: 7300

Parsing sen 735
Parsing steps: 988 steps
Cky conversion steps: 2161 steps
Chart START items len: 110
Chart keys len: 114
Chart items len: 428

Parsing sen 736
Parsing steps: 63218 steps
Cky conversion steps: 286078 steps
Chart START items len: 18903
Chart keys len: 19121
Chart items len: 85665

Parsing sen 742
Parsing steps: 13467 steps
Cky conversion steps: 17878 steps
Chart START items len: 1724
Chart keys len: 1806
Chart items len: 6896

Parsing sen 743
Parsing steps: 540 steps
Cky conversion steps: 112 steps
Chart START items len: 14
Chart keys len: 17
Chart items len: 43

Parsing sen 744
Parsing steps: 558 steps
Cky conversion steps: 377 steps
Chart START items len: 29
Chart keys len: 32
Chart items len: 98

Parsing sen 745
Parse did not finish:
- steps: 278931
- queue len: 159564
- attempted len: 20000026

Parsing sen 747
Parsing steps: 516 steps
Cky conversion steps: 71 steps
Chart START items len: 9
Chart keys len: 15
Chart items len: 28

Parsing sen 748
Parse did not finish:
- steps: 277107
- queue len: 340077
- attempted len: 20000194

Parsing sen 750
Parsing steps: 360173 steps
Cky conversion steps: 3830245 steps
Chart START items len: 125556
Chart keys len: 126169
Chart items len: 650271

Parsing sen 752
Parse did not finish:
- steps: 100552
- queue len: 132451
- attempted len: 20000557

Parsing sen 756
Parsing steps: 2998 steps
Cky conversion steps: 1957 steps
Chart START items len: 239
Chart keys len: 277
Chart items len: 855

Parsing sen 757
Parsing steps: 2283 steps
Cky conversion steps: 2663 steps
Chart START items len: 168
Chart keys len: 190
Chart items len: 702

Parsing sen 759
Parsing steps: 175362 steps
Cky conversion steps: 704916 steps
Chart START items len: 40767
Chart keys len: 41142
Chart items len: 170227

Parsing sen 761
Parsing steps: 6427 steps
Cky conversion steps: 10621 steps
Chart START items len: 677
Chart keys len: 748
Chart items len: 2808

Parsing sen 763
Parsing steps: 96655 steps
Cky conversion steps: 700348 steps
Chart START items len: 29708
Chart keys len: 29890
Chart items len: 141391

Parsing sen 765
Parsing steps: 2396 steps
Cky conversion steps: 4394 steps
Chart START items len: 304
Chart keys len: 323
Chart items len: 1188

Parsing sen 766
Parsing steps: 709 steps
Cky conversion steps: 1053 steps
Chart START items len: 55
Chart keys len: 58
Chart items len: 201

Parsing sen 767
Parse did not finish:
- steps: 103341
- queue len: 76984
- attempted len: 20000623

Parsing sen 770
Parsing steps: 2346 steps
Cky conversion steps: 9113 steps
Chart START items len: 513
Chart keys len: 527
Chart items len: 2307

Parsing sen 772
Parsing steps: 16723 steps
Cky conversion steps: 107002 steps
Chart START items len: 4632
Chart keys len: 4700
Chart items len: 21683

Parsing sen 774
Parsing steps: 483 steps
Cky conversion steps: 724 steps
Chart START items len: 44
Chart keys len: 45
Chart items len: 161

Parsing sen 775
Parsing steps: 32028 steps
Cky conversion steps: 216314 steps
Chart START items len: 10505
Chart keys len: 10566
Chart items len: 47132

Parsing sen 777
Parsing steps: 12796 steps
Cky conversion steps: 34146 steps
Chart START items len: 1813
Chart keys len: 1956
Chart items len: 7429

Parsing sen 778
Parsing steps: 82358 steps
Cky conversion steps: 444359 steps
Chart START items len: 20817
Chart keys len: 20993
Chart items len: 96307

Parsing sen 780
Parse did not finish:
- steps: 86431
- queue len: 84266
- attempted len: 20000609

Parsing sen 782
Parse did not finish:
- steps: 53091
- queue len: 35249
- attempted len: 20001141

Parsing sen 786
Parse did not finish:
- steps: 61208
- queue len: 26955
- attempted len: 20000784

Parsing sen 789
Parsing steps: 40858 steps
Cky conversion steps: 69071 steps
Chart START items len: 4911
Chart keys len: 5616
Chart items len: 19713

Parsing sen 791
Parsing steps: 1456 steps
Cky conversion steps: 949 steps
Chart START items len: 130
Chart keys len: 151
Chart items len: 487

Parsing sen 792
Parsing steps: 34712 steps
Cky conversion steps: 25158 steps
Chart START items len: 1824
Chart keys len: 2767
Chart items len: 8416

Parsing sen 796
Parsing steps: 1246 steps
Cky conversion steps: 738 steps
Chart START items len: 102
Chart keys len: 116
Chart items len: 371

Parsing sen 797
Parsing steps: 1014662 steps
Cky conversion did not finish:
- steps: 10243403

Parsing sen 800
Parse did not finish:
- steps: 53616
- queue len: 85736
- attempted len: 20000396

Parsing sen 801
Parse did not finish:
- steps: 179122
- queue len: 554458
- attempted len: 20001217

Parsing sen 804
Parsing steps: 1782 steps
Cky conversion steps: 7964 steps
Chart START items len: 357
Chart keys len: 366
Chart items len: 1498

Parsing sen 805
Parse did not finish:
- steps: 75385
- queue len: 65143
- attempted len: 20000619

Parsing sen 811
Parsing steps: 8382 steps
Cky conversion steps: 7702 steps
Chart START items len: 845
Chart keys len: 891
Chart items len: 3106

Parsing sen 812
Parsing steps: 4201 steps
Cky conversion steps: 19591 steps
Chart START items len: 847
Chart keys len: 865
Chart items len: 3788

Parsing sen 813
Parsing steps: 2084 steps
Cky conversion steps: 273 steps
Chart START items len: 38
Chart keys len: 46
Chart items len: 114

Parsing sen 814
Parse did not finish:
- steps: 72081
- queue len: 66191
- attempted len: 20000902

Parsing sen 817
Parsing steps: 5951 steps
Cky conversion steps: 6315 steps
Chart START items len: 525
Chart keys len: 569
Chart items len: 1933

Parsing sen 822
Parsing steps: 8662 steps
Cky conversion steps: 7458 steps
Chart START items len: 455
Chart keys len: 534
Chart items len: 1981

Parsing sen 824
Parse did not finish:
- steps: 106939
- queue len: 73363
- attempted len: 20000064

Parsing sen 829
Parsing steps: 77446 steps
Cky conversion steps: 724341 steps
Chart START items len: 22503
Chart keys len: 22752
Chart items len: 103714

Parsing sen 831
Parse did not finish:
- steps: 69001
- queue len: 34904
- attempted len: 20000021

Parsing sen 835
Parsing steps: 38140 steps
Cky conversion steps: 288080 steps
Chart START items len: 13418
Chart keys len: 13512
Chart items len: 63938

Parsing sen 836
Parsing steps: 23329 steps
Cky conversion steps: 56722 steps
Chart START items len: 3038
Chart keys len: 3298
Chart items len: 13102

Parsing sen 839
Parsing steps: 4801 steps
Cky conversion steps: 12390 steps
Chart START items len: 1169
Chart keys len: 1206
Chart items len: 4778

Parsing sen 841
Parsing steps: 700 steps
Cky conversion steps: 394 steps
Chart START items len: 30
Chart keys len: 34
Chart items len: 103

Parsing sen 842
Parsing steps: 30226 steps
Cky conversion steps: 210767 steps
Chart START items len: 9570
Chart keys len: 9701
Chart items len: 43835

Parsing sen 845
Parsing steps: 75586 steps
Cky conversion steps: 51720 steps
Chart START items len: 5507
Chart keys len: 6387
Chart items len: 22075

Parsing sen 850
Parsing steps: 1807 steps
Cky conversion steps: 236 steps
Chart START items len: 28
Chart keys len: 34
Chart items len: 94

Parsing sen 851
Parse did not finish:
- steps: 102554
- queue len: 30285
- attempted len: 20000242

Parsing sen 853
Parsing steps: 3004 steps
Cky conversion steps: 8485 steps
Chart START items len: 439
Chart keys len: 460
Chart items len: 1883

Parsing sen 854
Parsing steps: 22154 steps
Cky conversion steps: 1301 steps
Chart START items len: 137
Chart keys len: 169
Chart items len: 482

Parsing sen 856
Parsing steps: 6826 steps
Cky conversion steps: 13780 steps
Chart START items len: 851
Chart keys len: 919
Chart items len: 3445

Parsing sen 858
Parsing steps: 3368 steps
Cky conversion steps: 2473 steps
Chart START items len: 309
Chart keys len: 337
Chart items len: 1158

Parsing sen 860
Parsing steps: 3508 steps
Cky conversion steps: 7457 steps
Chart START items len: 463
Chart keys len: 491
Chart items len: 1836

Parsing sen 862
Parse did not finish:
- steps: 181994
- queue len: 318573
- attempted len: 20000319

Parsing sen 867
Parsing steps: 1509 steps
Cky conversion steps: 19 steps
Chart START items len: 3
Chart keys len: 4
Chart items len: 7

Parsing sen 868
Parsing steps: 8389 steps
Cky conversion steps: 19604 steps
Chart START items len: 1424
Chart keys len: 1480
Chart items len: 5485

Parsing sen 871
Parse did not finish:
- steps: 87819
- queue len: 41522
- attempted len: 20000334

Parsing sen 874
Parsing steps: 125309 steps
Cky conversion steps: 1493360 steps
Chart START items len: 42318
Chart keys len: 42588
Chart items len: 204927

Parsing sen 876
Parse did not finish:
- steps: 119345
- queue len: 41603
- attempted len: 20000412

Parsing sen 879
Parsing steps: 1092 steps
Cky conversion steps: 2300 steps
Chart START items len: 133
Chart keys len: 139
Chart items len: 512

Parsing sen 880
Parsing steps: 1375 steps
Cky conversion steps: 523 steps
Chart START items len: 51
Chart keys len: 67
Chart items len: 220

Parsing sen 881
Parsing steps: 6129 steps
Cky conversion steps: 2397 steps
Chart START items len: 172
Chart keys len: 267
Chart items len: 647

Parsing sen 882
Parse did not finish:
- steps: 69474
- queue len: 37044
- attempted len: 20000250

Parsing sen 885
Parsing steps: 1542 steps
Cky conversion steps: 19 steps
Chart START items len: 3
Chart keys len: 4
Chart items len: 7

Parsing sen 886
Parsing steps: 3099 steps
Cky conversion steps: 4560 steps
Chart START items len: 361
Chart keys len: 386
Chart items len: 1503

Parsing sen 888
Parsing steps: 595 steps
Cky conversion steps: 174 steps
Chart START items len: 21
Chart keys len: 27
Chart items len: 68

Parsing sen 889
Parsing steps: 9005 steps
Cky conversion steps: 34359 steps
Chart START items len: 2019
Chart keys len: 2123
Chart items len: 10520

Parsing sen 892
Parsing steps: 6071 steps
Cky conversion steps: 15587 steps
Chart START items len: 1140
Chart keys len: 1183
Chart items len: 4702

Parsing sen 894
Parsing steps: 1044 steps
Cky conversion steps: 19 steps
Chart START items len: 3
Chart keys len: 4
Chart items len: 7

Parsing sen 896
Parsing steps: 50116 steps
Cky conversion steps: 22039 steps
Chart START items len: 1707
Chart keys len: 2215
Chart items len: 6452

Parsing sen 898
Parsing steps: 686 steps
Cky conversion steps: 705 steps
Chart START items len: 51
Chart keys len: 56
Chart items len: 187

Parsing sen 899
Parsing steps: 2057 steps
Cky conversion steps: 1280 steps
Chart START items len: 131
Chart keys len: 156
Chart items len: 535

Parsing sen 901
Parse did not finish:
- steps: 644668
- queue len: 1531794
- attempted len: 20000008

Parsing sen 905
Parsing steps: 2314 steps
Cky conversion steps: 3189 steps
Chart START items len: 224
Chart keys len: 245
Chart items len: 931

Parsing sen 906
Parsing steps: 37907 steps
Cky conversion steps: 323779 steps
Chart START items len: 12329
Chart keys len: 12416
Chart items len: 60500

Parsing sen 909
Parsing steps: 3900 steps
Cky conversion steps: 5103 steps
Chart START items len: 627
Chart keys len: 670
Chart items len: 2355

Parsing sen 910
Parsing steps: 4660 steps
Cky conversion steps: 16438 steps
Chart START items len: 978
Chart keys len: 1028
Chart items len: 4024

Parsing sen 912
Parsing steps: 50167 steps
Cky conversion steps: 77700 steps
Chart START items len: 6818
Chart keys len: 7717
Chart items len: 26142

Parsing sen 915
Parsing steps: 8266 steps
Cky conversion steps: 34486 steps
Chart START items len: 1659
Chart keys len: 1699
Chart items len: 7310

Parsing sen 916
Parsing steps: 1903 steps
Cky conversion steps: 1638 steps
Chart START items len: 140
Chart keys len: 170
Chart items len: 564

Parsing sen 919
Parsing steps: 19706 steps
Cky conversion steps: 5264 steps
Chart START items len: 275
Chart keys len: 341
Chart items len: 1057

Parsing sen 924
Parsing steps: 236073 steps
Cky conversion steps: 1540065 steps
Chart START items len: 69362
Chart keys len: 70305
Chart items len: 319434

Parsing sen 928
Parsing steps: 20876 steps
Cky conversion steps: 129768 steps
Chart START items len: 5619
Chart keys len: 5792
Chart items len: 27571

Parsing sen 930
Parsing steps: 3233 steps
Cky conversion steps: 8210 steps
Chart START items len: 615
Chart keys len: 651
Chart items len: 2528

Parsing sen 932
Parsing steps: 8777 steps
Cky conversion steps: 49921 steps
Chart START items len: 2420
Chart keys len: 2468
Chart items len: 11151

Parsing sen 933
Parsing steps: 1475 steps
Cky conversion steps: 920 steps
Chart START items len: 97
Chart keys len: 116
Chart items len: 380

Parsing sen 934
Parsing steps: 1900 steps
Cky conversion steps: 2997 steps
Chart START items len: 229
Chart keys len: 253
Chart items len: 893

Parsing sen 936
Parsing steps: 4218 steps
Cky conversion steps: 9750 steps
Chart START items len: 589
Chart keys len: 621
Chart items len: 2334

Parsing sen 937
Parse did not finish:
- steps: 192263
- queue len: 319099
- attempted len: 20000274

Parsing sen 939
Parsing steps: 797 steps
Cky conversion steps: 711 steps
Chart START items len: 52
Chart keys len: 58
Chart items len: 182

Parsing sen 940
Parse did not finish:
- steps: 90551
- queue len: 218561
- attempted len: 20000009

Parsing sen 947
Parse did not finish:
- steps: 51566
- queue len: 14613
- attempted len: 20000034

Parsing sen 951
Parse did not finish:
- steps: 139562
- queue len: 94480
- attempted len: 20000455

Parsing sen 953
Parsing steps: 11730 steps
Cky conversion steps: 35204 steps
Chart START items len: 3403
Chart keys len: 3538
Chart items len: 16563

Parsing sen 957
Parsing steps: 8002 steps
Cky conversion steps: 12077 steps
Chart START items len: 848
Chart keys len: 993
Chart items len: 3269

Parsing sen 958
Parse did not finish:
- steps: 52543
- queue len: 330658
- attempted len: 20000711

Parsing sen 962
Parsing steps: 2064 steps
Cky conversion steps: 1514 steps
Chart START items len: 142
Chart keys len: 166
Chart items len: 599

Parsing sen 963
Parse did not finish:
- steps: 49483
- queue len: 38453
- attempted len: 20001097

Parsing sen 964
Parse did not finish:
- steps: 386084
- queue len: 827867
- attempted len: 20000104

Parsing sen 966
Parsing steps: 47867 steps
Cky conversion steps: 73570 steps
Chart START items len: 5127
Chart keys len: 5675
Chart items len: 21150

Parsing sen 968
Parse did not finish:
- steps: 195833
- queue len: 225026
- attempted len: 20000217

Parsing sen 975
Parse did not finish:
- steps: 66747
- queue len: 141415
- attempted len: 20002824

Parsing sen 980
Parsing steps: 568644 steps
Cky conversion steps: 8356480 steps
Chart START items len: 240071
Chart keys len: 240301
Chart items len: 1232009

Parsing sen 981
Parsing steps: 1735 steps
Cky conversion steps: 58 steps
Chart START items len: 7
Chart keys len: 8
Chart items len: 19

Parsing sen 982
Parsing steps: 1789 steps
Cky conversion steps: 3123 steps
Chart START items len: 173
Chart keys len: 184
Chart items len: 679

Parsing sen 983
Parsing steps: 3355 steps
Cky conversion steps: 13755 steps
Chart START items len: 571
Chart keys len: 586
Chart items len: 2541

Parsing sen 984
Parsing steps: 1211 steps
Cky conversion steps: 294 steps
Chart START items len: 43
Chart keys len: 53
Chart items len: 142

Parsing sen 985
Parsing steps: 106147 steps
Cky conversion steps: 18289 steps
Chart START items len: 1044
Chart keys len: 1086
Chart items len: 4462

Parsing sen 992
Parsing steps: 19472 steps
Cky conversion steps: 33277 steps
Chart START items len: 2101
Chart keys len: 2295
Chart items len: 8437

Parsing sen 994
Parsing steps: 59791 steps
Cky conversion steps: 883 steps
Chart START items len: 65
Chart keys len: 72
Chart items len: 225

Parsing sen 997
Parsing steps: 185794 steps
Cky conversion steps: 1173744 steps
Chart START items len: 49069
Chart keys len: 49518
Chart items len: 214015

Parsing sen 1000
Parsing steps: 168010 steps
Cky conversion steps: 1087965 steps
Chart START items len: 34742
Chart keys len: 35103
Chart items len: 160632

Parsing sen 1003
Parsing steps: 4342 steps
Cky conversion steps: 16380 steps
Chart START items len: 670
Chart keys len: 689
Chart items len: 2786

Parsing sen 1004
Parsing steps: 24986 steps
Cky conversion steps: 44800 steps
Chart START items len: 2910
Chart keys len: 3263
Chart items len: 12188

Parsing sen 1005
Parse did not finish:
- steps: 109740
- queue len: 37477
- attempted len: 20000701

Parsing sen 1006
Parsing steps: 3320 steps
Cky conversion steps: 111 steps
Chart START items len: 17
Chart keys len: 20
Chart items len: 52

Parsing sen 1008
Parsing steps: 30361 steps
Cky conversion steps: 49234 steps
Chart START items len: 2906
Chart keys len: 3181
Chart items len: 12017

Parsing sen 1012
Parsing steps: 104132 steps
Cky conversion steps: 126679 steps
Chart START items len: 6233
Chart keys len: 6525
Chart items len: 26534

Parsing sen 1014
Parse did not finish:
- steps: 79957
- queue len: 145522
- attempted len: 20000176

Parsing sen 1018
Parse did not finish:
- steps: 41761
- queue len: 28818
- attempted len: 20002670

Parsing sen 1022
Parse did not finish:
- steps: 64596
- queue len: 72083
- attempted len: 20000887

Parsing sen 1026
Parse did not finish:
- steps: 62459
- queue len: 24895
- attempted len: 20000855

Parsing sen 1030
Parsing steps: 2760 steps
Cky conversion steps: 14308 steps
Chart START items len: 504
Chart keys len: 516
Chart items len: 2118

Parsing sen 1031
Parsing steps: 47584 steps
Cky conversion steps: 237068 steps
Chart START items len: 10013
Chart keys len: 10704
Chart items len: 59655

Parsing sen 1035
Parse did not finish:
- steps: 242175
- queue len: 195694
- attempted len: 20000078

Parsing sen 1037
Parsing steps: 57105 steps
Cky conversion steps: 24006 steps
Chart START items len: 2120
Chart keys len: 4170
Chart items len: 9526

Parsing sen 1039
Parsing steps: 1934 steps
Cky conversion steps: 2714 steps
Chart START items len: 224
Chart keys len: 242
Chart items len: 879

Parsing sen 1041
Parse did not finish:
- steps: 61954
- queue len: 54922
- attempted len: 20001134

Parsing sen 1044
Parse did not finish:
- steps: 64398
- queue len: 63140
- attempted len: 20000392

Parsing sen 1049
Parsing steps: 9043 steps
Cky conversion steps: 32634 steps
Chart START items len: 1666
Chart keys len: 1737
Chart items len: 7390

Parsing sen 1050
Parsing steps: 2612 steps
Cky conversion steps: 947 steps
Chart START items len: 98
Chart keys len: 135
Chart items len: 369

Parsing sen 1051
Parse did not finish:
- steps: 147430
- queue len: 243020
- attempted len: 20000486

Parsing sen 1054
Parsing steps: 66291 steps
Cky conversion steps: 375471 steps
Chart START items len: 18372
Chart keys len: 19066
Chart items len: 83844

Parsing sen 1057
Parsing steps: 7072 steps
Cky conversion steps: 8596 steps
Chart START items len: 860
Chart keys len: 906
Chart items len: 3195

Parsing sen 1058
Parsing steps: 27837 steps
Cky conversion steps: 13783 steps
Chart START items len: 1976
Chart keys len: 2042
Chart items len: 7199

Parsing sen 1059
Parse did not finish:
- steps: 63434
- queue len: 30680
- attempted len: 20001002

Parsing sen 1061
Parsing steps: 30088 steps
Cky conversion steps: 52125 steps
Chart START items len: 3651
Chart keys len: 4085
Chart items len: 22565

Parsing sen 1063
Parse did not finish:
- steps: 59981
- queue len: 60597
- attempted len: 20001163

Parsing sen 1067
Parsing steps: 164406 steps
Cky conversion steps: 1829880 steps
Chart START items len: 53929
Chart keys len: 54130
Chart items len: 264165

Parsing sen 1070
Parsing steps: 2806 steps
Cky conversion steps: 589 steps
Chart START items len: 59
Chart keys len: 88
Chart items len: 236

Parsing sen 1071
Parsing steps: 23278 steps
Cky conversion steps: 70457 steps
Chart START items len: 6377
Chart keys len: 6634
Chart items len: 33654

Parsing sen 1076
Parse did not finish:
- steps: 247875
- queue len: 202331
- attempted len: 20000119

Parsing sen 1078
Parse did not finish:
- steps: 553782
- queue len: 1028428
- attempted len: 20000102

Parsing sen 1079
Parsing steps: 1747 steps
Cky conversion steps: 421 steps
Chart START items len: 47
Chart keys len: 58
Chart items len: 157

Parsing sen 1080
Parse did not finish:
- steps: 228924
- queue len: 28846
- attempted len: 20000039

Parsing sen 1084
Parsing steps: 3473 steps
Cky conversion steps: 6779 steps
Chart START items len: 348
Chart keys len: 384
Chart items len: 1458

Parsing sen 1085
Parse did not finish:
- steps: 59391
- queue len: 54783
- attempted len: 20000358

Parsing sen 1089
Parsing steps: 12955 steps
Cky conversion steps: 100518 steps
Chart START items len: 4071
Chart keys len: 4120
Chart items len: 19167

Parsing sen 1092
Parse did not finish:
- steps: 84322
- queue len: 44489
- attempted len: 20001362

Parsing sen 1094
Parsing steps: 3713 steps
Cky conversion steps: 1298 steps
Chart START items len: 79
Chart keys len: 83
Chart items len: 298

Parsing sen 1095
Parse did not finish:
- steps: 81499
- queue len: 404886
- attempted len: 20000154

Parsing sen 1099
Parsing steps: 18113 steps
Cky conversion steps: 137812 steps
Chart START items len: 5555
Chart keys len: 5613
Chart items len: 27150

Parsing sen 1100
Parse did not finish:
- steps: 93433
- queue len: 67661
- attempted len: 20000128

Parsing sen 1104
Parse did not finish:
- steps: 167060
- queue len: 160486
- attempted len: 20000267

Parsing sen 1108
Parse did not finish:
- steps: 115968
- queue len: 699418
- attempted len: 20000335

Parsing sen 1113
Parse did not finish:
- steps: 86766
- queue len: 42619
- attempted len: 20000348

Parsing sen 1116
Parse did not finish:
- steps: 72313
- queue len: 59812
- attempted len: 20000734

Parsing sen 1120
Parsing steps: 5402 steps
Cky conversion steps: 18843 steps
Chart START items len: 758
Chart keys len: 782
Chart items len: 3398

Parsing sen 1121
Parsing steps: 11357 steps
Cky conversion steps: 34647 steps
Chart START items len: 2312
Chart keys len: 2412
Chart items len: 10491

Parsing sen 1123
Parsing steps: 5774 steps
Cky conversion steps: 3182 steps
Chart START items len: 427
Chart keys len: 453
Chart items len: 1715

Parsing sen 1125
Parsing steps: 6457 steps
Cky conversion steps: 30969 steps
Chart START items len: 1645
Chart keys len: 1684
Chart items len: 7764

Parsing sen 1127
Parsing steps: 2404 steps
Cky conversion steps: 10957 steps
Chart START items len: 500
Chart keys len: 510
Chart items len: 2141

Parsing sen 1129
Parsing steps: 35871 steps
Cky conversion steps: 212317 steps
Chart START items len: 9296
Chart keys len: 9518
Chart items len: 42202

Parsing sen 1131
Parse did not finish:
- steps: 68897
- queue len: 64162
- attempted len: 20001541

Parsing sen 1135
Parse did not finish:
- steps: 63375
- queue len: 49682
- attempted len: 20000933

Parsing sen 1141
Parsing steps: 65027 steps
Cky conversion steps: 621256 steps
Chart START items len: 24561
Chart keys len: 24662
Chart items len: 115732

Parsing sen 1143
Parsing steps: 11619 steps
Cky conversion steps: 4339 steps
Chart START items len: 578
Chart keys len: 618
Chart items len: 2058

Parsing sen 1144
Parsing steps: 13765 steps
Cky conversion steps: 92637 steps
Chart START items len: 2949
Chart keys len: 3009
Chart items len: 13228

Parsing sen 1145
Parsing steps: 674 steps
Cky conversion steps: 210 steps
Chart START items len: 25
Chart keys len: 31
Chart items len: 81

Parsing sen 1146
Parsing steps: 42397 steps
Cky conversion steps: 408638 steps
Chart START items len: 14781
Chart keys len: 14857
Chart items len: 70574

Parsing sen 1148
Parsing steps: 11661 steps
Cky conversion steps: 896 steps
Chart START items len: 137
Chart keys len: 159
Chart items len: 472

Parsing sen 1149
Parse did not finish:
- steps: 204959
- queue len: 1133973
- attempted len: 20000409

Parsing sen 1152
Parsing steps: 18562 steps
Cky conversion steps: 151591 steps
Chart START items len: 5667
Chart keys len: 5719
Chart items len: 29254

Parsing sen 1153
Parsing steps: 1251 steps
Cky conversion steps: 1639 steps
Chart START items len: 137
Chart keys len: 154
Chart items len: 503

Parsing sen 1156
Parse did not finish:
- steps: 166608
- queue len: 76445
- attempted len: 20000470

Parsing sen 1157
Parsing steps: 131959 steps
Cky conversion steps: 1354747 steps
Chart START items len: 45578
Chart keys len: 45728
Chart items len: 211051

Parsing sen 1160
Parsing steps: 5188 steps
Cky conversion steps: 18941 steps
Chart START items len: 1038
Chart keys len: 1075
Chart items len: 4695

Parsing sen 1162
Parsing steps: 39936 steps
Cky conversion steps: 223176 steps
Chart START items len: 9442
Chart keys len: 9550
Chart items len: 40970

Parsing sen 1163
Parsing steps: 28236 steps
Cky conversion steps: 86350 steps
Chart START items len: 5698
Chart keys len: 5912
Chart items len: 25580

Parsing sen 1166
Parsing steps: 29146 steps
Cky conversion steps: 48339 steps
Chart START items len: 3120
Chart keys len: 3593
Chart items len: 12140

Parsing sen 1167
Parsing steps: 17647 steps
Cky conversion steps: 17800 steps
Chart START items len: 1988
Chart keys len: 2295
Chart items len: 7580

Parsing sen 1169
Parsing steps: 177650 steps
Cky conversion steps: 1780769 steps
Chart START items len: 69263
Chart keys len: 69607
Chart items len: 366107

Parsing sen 1173
Parsing steps: 2301 steps
Cky conversion steps: 4847 steps
Chart START items len: 303
Chart keys len: 322
Chart items len: 1222

Parsing sen 1174
Parsing steps: 3900 steps
Cky conversion steps: 6493 steps
Chart START items len: 550
Chart keys len: 603
Chart items len: 2190

Parsing sen 1175
Parsing steps: 6017 steps
Cky conversion steps: 29920 steps
Chart START items len: 1513
Chart keys len: 1547
Chart items len: 6968

Parsing sen 1178
Parse did not finish:
- steps: 257997
- queue len: 225655
- attempted len: 20000020

Parsing sen 1179
Parsing steps: 14409 steps
Cky conversion steps: 78696 steps
Chart START items len: 3571
Chart keys len: 3687
Chart items len: 15370

Parsing sen 1180
Parsing steps: 9805 steps
Cky conversion steps: 73309 steps
Chart START items len: 3369
Chart keys len: 3400
Chart items len: 15551

Parsing sen 1182
Parsing steps: 1290 steps
Cky conversion steps: 2229 steps
Chart START items len: 187
Chart keys len: 197
Chart items len: 732

Parsing sen 1183
Parsing steps: 1914 steps
Cky conversion steps: 2478 steps
Chart START items len: 158
Chart keys len: 172
Chart items len: 604

Parsing sen 1184
Parsing steps: 15920 steps
Cky conversion steps: 22069 steps
Chart START items len: 2144
Chart keys len: 2396
Chart items len: 9290

Parsing sen 1187
Parsing steps: 100897 steps
Cky conversion steps: 716760 steps
Chart START items len: 32150
Chart keys len: 32444
Chart items len: 153053

Parsing sen 1189
Parsing steps: 5399 steps
Cky conversion steps: 16404 steps
Chart START items len: 829
Chart keys len: 865
Chart items len: 3693

Parsing sen 1190
Parsing steps: 12140 steps
Cky conversion steps: 14717 steps
Chart START items len: 1671
Chart keys len: 1909
Chart items len: 6514

Parsing sen 1191
Parsing steps: 388893 steps
Cky conversion steps: 5238314 steps
Chart START items len: 155847
Chart keys len: 156103
Chart items len: 843555

Parsing sen 1194
Parse did not finish:
- steps: 116890
- queue len: 100436
- attempted len: 20001178

Parsing sen 1196
Parse did not finish:
- steps: 127835
- queue len: 154185
- attempted len: 20000183

Parsing sen 1199
Parsing steps: 49768 steps
Cky conversion steps: 208771 steps
Chart START items len: 11984
Chart keys len: 12215
Chart items len: 56993

Parsing sen 1202
Parsing steps: 33103 steps
Cky conversion steps: 274094 steps
Chart START items len: 11870
Chart keys len: 11948
Chart items len: 54319

Parsing sen 1204
Parsing steps: 10638 steps
Cky conversion steps: 35602 steps
Chart START items len: 1377
Chart keys len: 1415
Chart items len: 6261

Parsing sen 1205
Parsing steps: 4476 steps
Cky conversion steps: 875 steps
Chart START items len: 101
Chart keys len: 128
Chart items len: 342

Parsing sen 1206
Parsing steps: 4710 steps
Cky conversion steps: 26677 steps
Chart START items len: 800
Chart keys len: 820
Chart items len: 3370

Parsing sen 1207
Parsing steps: 1584 steps
Cky conversion steps: 2663 steps
Chart START items len: 179
Chart keys len: 195
Chart items len: 705

Parsing sen 1208
Parsing steps: 9113 steps
Cky conversion steps: 24949 steps
Chart START items len: 2731
Chart keys len: 2848
Chart items len: 12559

Parsing sen 1210
Parse did not finish:
- steps: 70939
- queue len: 258653
- attempted len: 20000112

Parsing sen 1213
Parsing steps: 44807 steps
Cky conversion steps: 80678 steps
Chart START items len: 5489
Chart keys len: 6157
Chart items len: 24127

Parsing sen 1214
Parse did not finish:
- steps: 167074
- queue len: 1120348
- attempted len: 20000325

Parsing sen 1216
Parsing steps: 21175 steps
Cky conversion steps: 58417 steps
Chart START items len: 3171
Chart keys len: 3349
Chart items len: 13017

Parsing sen 1218
Parsing steps: 70036 steps
Cky conversion steps: 157841 steps
Chart START items len: 7220
Chart keys len: 7683
Chart items len: 35274

Parsing sen 1222
Parsing steps: 706 steps
Cky conversion steps: 449 steps
Chart START items len: 55
Chart keys len: 66
Chart items len: 224

Parsing sen 1223
Parsing steps: 28242 steps
Cky conversion steps: 271638 steps
Chart START items len: 9427
Chart keys len: 9499
Chart items len: 47426

Parsing sen 1225
Parsing steps: 4559 steps
Cky conversion steps: 9399 steps
Chart START items len: 545
Chart keys len: 602
Chart items len: 2270

Parsing sen 1226
Parse did not finish:
- steps: 75751
- queue len: 37213
- attempted len: 20000676

Parsing sen 1232
Parsing steps: 5345 steps
Cky conversion steps: 7748 steps
Chart START items len: 442
Chart keys len: 488
Chart items len: 2091

Parsing sen 1234
Parse did not finish:
- steps: 50680
- queue len: 75870
- attempted len: 20000478

Parsing sen 1236
Parsing steps: 4020 steps
Cky conversion steps: 3524 steps
Chart START items len: 482
Chart keys len: 547
Chart items len: 1950

Parsing sen 1237
Parse did not finish:
- steps: 56099
- queue len: 29341
- attempted len: 20001533

Parsing sen 1240
Parsing steps: 1274 steps
Cky conversion steps: 478 steps
Chart START items len: 54
Chart keys len: 65
Chart items len: 191

Parsing sen 1241
Parse did not finish:
- steps: 118900
- queue len: 110586
- attempted len: 20000027

Parsing sen 1245
Parse did not finish:
- steps: 47498
- queue len: 94883
- attempted len: 20000579

Parsing sen 1248
Parsing steps: 3868 steps
Cky conversion steps: 7372 steps
Chart START items len: 579
Chart keys len: 619
Chart items len: 2446

Parsing sen 1250
Parse did not finish:
- steps: 568559
- queue len: 230399
- attempted len: 20000223

Parsing sen 1253
Parsing steps: 30589 steps
Cky conversion steps: 180439 steps
Chart START items len: 10921
Chart keys len: 11157
Chart items len: 69190

Parsing sen 1255
Parsing steps: 24104 steps
Cky conversion steps: 105578 steps
Chart START items len: 5355
Chart keys len: 5491
Chart items len: 24062

Parsing sen 1257
Parse did not finish:
- steps: 66242
- queue len: 51060
- attempted len: 20000087

Parsing sen 1260
Parsing steps: 31299 steps
Cky conversion steps: 208147 steps
Chart START items len: 11292
Chart keys len: 11455
Chart items len: 68305

Parsing sen 1263
Parsing steps: 10720 steps
Cky conversion steps: 17412 steps
Chart START items len: 1505
Chart keys len: 1711
Chart items len: 7295

Parsing sen 1266
Parsing steps: 6310 steps
Cky conversion steps: 37365 steps
Chart START items len: 1834
Chart keys len: 1874
Chart items len: 9251

Parsing sen 1268
Parse did not finish:
- steps: 61187
- queue len: 16123
- attempted len: 20000262

Parsing sen 1269
Parsing steps: 6917 steps
Cky conversion steps: 9921 steps
Chart START items len: 658
Chart keys len: 744
Chart items len: 2732

Parsing sen 1272
Parse did not finish:
- steps: 130712
- queue len: 572238
- attempted len: 20000345

Parsing sen 1276
Parsing steps: 14363 steps
Cky conversion steps: 77655 steps
Chart START items len: 3644
Chart keys len: 3777
Chart items len: 20778

Parsing sen 1279
Parsing steps: 24772 steps
Cky conversion steps: 66069 steps
Chart START items len: 2930
Chart keys len: 3197
Chart items len: 12693

Parsing sen 1281
Parsing steps: 17070 steps
Cky conversion steps: 2551 steps
Chart START items len: 216
Chart keys len: 304
Chart items len: 821

Parsing sen 1284
Parse did not finish:
- steps: 59828
- queue len: 80825
- attempted len: 20001975

Parsing sen 1287
Parse did not finish:
- steps: 84148
- queue len: 273099
- attempted len: 20001271

Parsing sen 1289
Parse did not finish:
- steps: 66142
- queue len: 94013
- attempted len: 20000973

Parsing sen 1294
Parsing steps: 36399 steps
Cky conversion steps: 191336 steps
Chart START items len: 6721
Chart keys len: 6952
Chart items len: 28469

Parsing sen 1296
Parse did not finish:
- steps: 51581
- queue len: 136554
- attempted len: 20000747

Parsing sen 1298
Parsing steps: 9556 steps
Cky conversion steps: 22855 steps
Chart START items len: 1359
Chart keys len: 1455
Chart items len: 5908

Parsing sen 1300
Parse did not finish:
- steps: 151667
- queue len: 157198
- attempted len: 20000100

Parsing sen 1305
Parse did not finish:
- steps: 108898
- queue len: 37699
- attempted len: 20000982

Parsing sen 1307
Parsing steps: 794 steps
Cky conversion steps: 1733 steps
Chart START items len: 81
Chart keys len: 85
Chart items len: 305

Parsing sen 1308
Parse did not finish:
- steps: 142847
- queue len: 119357
- attempted len: 20000196

Parsing sen 1310
Parsing steps: 4372 steps
Cky conversion steps: 4235 steps
Chart START items len: 351
Chart keys len: 390
Chart items len: 1443

Parsing sen 1313
Parsing steps: 35524 steps
Cky conversion steps: 203154 steps
Chart START items len: 7288
Chart keys len: 7828
Chart items len: 37270

Parsing sen 1315
Parse did not finish:
- steps: 67491
- queue len: 81466
- attempted len: 20000945

Parsing sen 1317
Parse did not finish:
- steps: 59651
- queue len: 97770
- attempted len: 20000391

Parsing sen 1320
Parse did not finish:
- steps: 86025
- queue len: 164769
- attempted len: 20000917

Parsing sen 1322
Parse did not finish:
- steps: 148396
- queue len: 241457
- attempted len: 20000134

Parsing sen 1326
Parsing steps: 27503 steps
Cky conversion steps: 139606 steps
Chart START items len: 6557
Chart keys len: 6718
Chart items len: 29838

Parsing sen 1328
Parsing steps: 27673 steps
Cky conversion steps: 246147 steps
Chart START items len: 8912
Chart keys len: 8997
Chart items len: 43212

Parsing sen 1330
Parse did not finish:
- steps: 340958
- queue len: 211915
- attempted len: 20000144

Parsing sen 1332
Parsing steps: 69520 steps
Cky conversion steps: 9398 steps
Chart START items len: 741
Chart keys len: 1129
Chart items len: 2863

Parsing sen 1333
Parsing steps: 1930 steps
Cky conversion steps: 405 steps
Chart START items len: 55
Chart keys len: 66
Chart items len: 181

Parsing sen 1336
Parsing steps: 16058 steps
Cky conversion steps: 90166 steps
Chart START items len: 3473
Chart keys len: 3585
Chart items len: 16542

Parsing sen 1337
Parse did not finish:
- steps: 53232
- queue len: 124978
- attempted len: 20000089

Parsing sen 1342
Parsing steps: 8282 steps
Cky conversion steps: 1848 steps
Chart START items len: 222
Chart keys len: 304
Chart items len: 758

Parsing sen 1344
Parse did not finish:
- steps: 146751
- queue len: 111113
- attempted len: 20000721

Parsing sen 1347
Parse did not finish:
- steps: 47469
- queue len: 47502
- attempted len: 20001347

Parsing sen 1352
Parsing steps: 21664 steps
Cky conversion steps: 6496 steps
Chart START items len: 986
Chart keys len: 1090
Chart items len: 3523

Parsing sen 1353
Parse did not finish:
- steps: 133739
- queue len: 293445
- attempted len: 20000283

Parsing sen 1356
Parsing steps: 11775 steps
Cky conversion steps: 3608 steps
Chart START items len: 491
Chart keys len: 539
Chart items len: 1736

Parsing sen 1357
Parse did not finish:
- steps: 108082
- queue len: 96109
- attempted len: 20000448

Parsing sen 1359
Parse did not finish:
- steps: 42324
- queue len: 35829
- attempted len: 20001022

Parsing sen 1361
Parsing steps: 90616 steps
Cky conversion steps: 1302356 steps
Chart START items len: 30681
Chart keys len: 30794
Chart items len: 146736

Parsing sen 1363
Parsing steps: 1501 steps
Cky conversion steps: 2924 steps
Chart START items len: 206
Chart keys len: 217
Chart items len: 808

Parsing sen 1364
Parsing steps: 63879 steps
Cky conversion steps: 616906 steps
Chart START items len: 17708
Chart keys len: 17939
Chart items len: 79509

Parsing sen 1365
Parse did not finish:
- steps: 173473
- queue len: 82716
- attempted len: 20000084

Parsing sen 1366
Parse did not finish:
- steps: 111818
- queue len: 41254
- attempted len: 20000082

Parsing sen 1370
Parsing steps: 19434 steps
Cky conversion steps: 26481 steps
Chart START items len: 2589
Chart keys len: 2772
Chart items len: 10517

Parsing sen 1372
Parse did not finish:
- steps: 126084
- queue len: 112813
- attempted len: 20000263

Parsing sen 1375
Parse did not finish:
- steps: 78265
- queue len: 41957
- attempted len: 20000250

Parsing sen 1377
Parsing steps: 146303 steps
Cky conversion steps: 610160 steps
Chart START items len: 32081
Chart keys len: 33010
Chart items len: 136150

Parsing sen 1379
Parsing steps: 1905 steps
Cky conversion steps: 2660 steps
Chart START items len: 249
Chart keys len: 269
Chart items len: 1002

Parsing sen 1381
Parse did not finish:
- steps: 101501
- queue len: 46457
- attempted len: 20000660

Parsing sen 1384
Parse did not finish:
- steps: 72579
- queue len: 163764
- attempted len: 20000723

Parsing sen 1388
Parsing steps: 93861 steps
Cky conversion steps: 172934 steps
Chart START items len: 22079
Chart keys len: 22634
Chart items len: 86175

Parsing sen 1393
Parsing steps: 39392 steps
Cky conversion steps: 118752 steps
Chart START items len: 7275
Chart keys len: 7629
Chart items len: 29532

Parsing sen 1395
Parse did not finish:
- steps: 109705
- queue len: 312829
- attempted len: 20000074

Parsing sen 1398
Parsing steps: 4652 steps
Cky conversion steps: 43 steps
Chart START items len: 6
Chart keys len: 9
Chart items len: 17

Parsing sen 1399
Parsing steps: 46586 steps
Cky conversion steps: 306405 steps
Chart START items len: 11586
Chart keys len: 11737
Chart items len: 51981

Parsing sen 1401
Parsing steps: 7486 steps
Cky conversion steps: 24608 steps
Chart START items len: 1036
Chart keys len: 1085
Chart items len: 4279

Parsing sen 1402
Parsing steps: 65405 steps
Cky conversion steps: 22450 steps
Chart START items len: 1211
Chart keys len: 1302
Chart items len: 6182

Parsing sen 1405
Parsing steps: 4371 steps
Cky conversion steps: 11350 steps
Chart START items len: 684
Chart keys len: 721
Chart items len: 3122

Parsing sen 1406
Parsing steps: 9777 steps
Cky conversion steps: 9684 steps
Chart START items len: 954
Chart keys len: 1287
Chart items len: 4871

Parsing sen 1409
Parse did not finish:
- steps: 129286
- queue len: 133896
- attempted len: 20000066

Parsing sen 1411
Parse did not finish:
- steps: 132215
- queue len: 339105
- attempted len: 20000294

Parsing sen 1415
Parsing steps: 88283 steps
Cky conversion steps: 49199 steps
Chart START items len: 5936
Chart keys len: 7355
Chart items len: 23769

Parsing sen 1420
Parse did not finish:
- steps: 61794
- queue len: 68213
- attempted len: 20000028

Parsing sen 1422
Parse did not finish:
- steps: 52167
- queue len: 56643
- attempted len: 20001050

Parsing sen 1424
Parse did not finish:
- steps: 119756
- queue len: 74737
- attempted len: 20000650

Parsing sen 1428
Parse did not finish:
- steps: 78280
- queue len: 54041
- attempted len: 20000277

Parsing sen 1431
Parse did not finish:
- steps: 77081
- queue len: 37858
- attempted len: 20000774

Parsing sen 1432
Parsing steps: 296437 steps
Cky conversion steps: 1598023 steps
Chart START items len: 86059
Chart keys len: 86556
Chart items len: 386499

Parsing sen 1435
Parsing steps: 1568 steps
Cky conversion steps: 885 steps
Chart START items len: 103
Chart keys len: 131
Chart items len: 368

Parsing sen 1436
Parse did not finish:
- steps: 64431
- queue len: 11750
- attempted len: 20001270

Parsing sen 1439
Parse did not finish:
- steps: 65340
- queue len: 51623
- attempted len: 20000523

Parsing sen 1446
Parsing steps: 17773 steps
Cky conversion steps: 90276 steps
Chart START items len: 3826
Chart keys len: 4015
Chart items len: 18656

Parsing sen 1447
Parse did not finish:
- steps: 137100
- queue len: 186876
- attempted len: 20000255

Parsing sen 1451
Parsing steps: 158435 steps
Cky conversion steps: 1131698 steps
Chart START items len: 42142
Chart keys len: 42516
Chart items len: 174733

Parsing sen 1453
Parse did not finish:
- steps: 64500
- queue len: 38508
- attempted len: 20000424

Parsing sen 1457
Parse did not finish:
- steps: 132223
- queue len: 261480
- attempted len: 20000046

Parsing sen 1460
Parse did not finish:
- steps: 134001
- queue len: 177091
- attempted len: 20000934

Parsing sen 1462
Parsing steps: 333207 steps
Cky conversion steps: 3049116 steps
Chart START items len: 79688
Chart keys len: 80289
Chart items len: 365431

Parsing sen 1464
Parsing steps: 118714 steps
Cky conversion steps: 2203005 steps
Chart START items len: 45483
Chart keys len: 45566
Chart items len: 218555

Parsing sen 1465
Parsing steps: 3813 steps
Cky conversion steps: 18029 steps
Chart START items len: 709
Chart keys len: 728
Chart items len: 3105

Parsing sen 1467
Parse did not finish:
- steps: 58926
- queue len: 54087
- attempted len: 20000588

Parsing sen 1472
Parse did not finish:
- steps: 103615
- queue len: 127688
- attempted len: 20000009

Parsing sen 1476
Parsing steps: 56621 steps
Cky conversion steps: 237884 steps
Chart START items len: 14766
Chart keys len: 15269
Chart items len: 65734

Parsing sen 1478
Parsing steps: 3742 steps
Cky conversion steps: 3074 steps
Chart START items len: 242
Chart keys len: 272
Chart items len: 1036

Parsing sen 1480
Parse did not finish:
- steps: 51553
- queue len: 113121
- attempted len: 20001162

Parsing sen 1483
Parse did not finish:
- steps: 62831
- queue len: 40339
- attempted len: 20000673

Parsing sen 1486
Parsing steps: 147562 steps
Cky conversion steps: 551939 steps
Chart START items len: 28476
Chart keys len: 29141
Chart items len: 123580

Parsing sen 1489
Parse did not finish:
- steps: 319598
- queue len: 411861
- attempted len: 20000122

Parsing sen 1494
Parsing steps: 5751 steps
Cky conversion steps: 30453 steps
Chart START items len: 1393
Chart keys len: 1425
Chart items len: 7119

Parsing sen 1496
Parse did not finish:
- steps: 194616
- queue len: 125973
- attempted len: 20000072

Parsing sen 1501
Parsing steps: 171382 steps
Cky conversion steps: 990661 steps
Chart START items len: 91942
Chart keys len: 93269
Chart items len: 487840

Parsing sen 1508
Parse did not finish:
- steps: 352813
- queue len: 332414
- attempted len: 20000151

Parsing sen 1510
Parse did not finish:
- steps: 508709
- queue len: 1030704
- attempted len: 20000184

Parsing sen 1513
Parsing steps: 25125 steps
Cky conversion steps: 11334 steps
Chart START items len: 503
Chart keys len: 522
Chart items len: 2110

Parsing sen 1514
Parse did not finish:
- steps: 271138
- queue len: 647470
- attempted len: 20000161

Parsing sen 1517
Parsing steps: 74511 steps
Cky conversion steps: 404019 steps
Chart START items len: 20612
Chart keys len: 20808
Chart items len: 112608

Parsing sen 1522
Parsing steps: 42936 steps
Cky conversion steps: 5681 steps
Chart START items len: 406
Chart keys len: 474
Chart items len: 1527

Parsing sen 1523
Parsing steps: 320322 steps
Cky conversion steps: 3314400 steps
Chart START items len: 124032
Chart keys len: 124368
Chart items len: 673730

Parsing sen 1526
Parse did not finish:
- steps: 61394
- queue len: 31591
- attempted len: 20000052

Parsing sen 1527
Parsing steps: 201891 steps
Cky conversion steps: 1574055 steps
Chart START items len: 59570
Chart keys len: 59953
Chart items len: 285413

Parsing sen 1529
Parse did not finish:
- steps: 68078
- queue len: 126534
- attempted len: 20000275

Parsing sen 1533
Parsing steps: 24443 steps
Cky conversion steps: 91415 steps
Chart START items len: 10012
Chart keys len: 10165
Chart items len: 47243

Parsing sen 1534
Parse did not finish:
- steps: 54535
- queue len: 73007
- attempted len: 20001135

Parsing sen 1537
Parsing steps: 37498 steps
Cky conversion steps: 230478 steps
Chart START items len: 11276
Chart keys len: 11409
Chart items len: 55743

Parsing sen 1539
Parse did not finish:
- steps: 91421
- queue len: 42654
- attempted len: 20000403

Parsing sen 1541
Parsing steps: 2196 steps
Cky conversion steps: 2165 steps
Chart START items len: 188
Chart keys len: 215
Chart items len: 693

Parsing sen 1542
Parse did not finish:
- steps: 66442
- queue len: 36257
- attempted len: 20000188

Parsing sen 1545
Parse did not finish:
- steps: 47524
- queue len: 14289
- attempted len: 20000508

Parsing sen 1547
Parsing steps: 9551 steps
Cky conversion steps: 19021 steps
Chart START items len: 1102
Chart keys len: 1142
Chart items len: 4677

Parsing sen 1549
Parsing steps: 1958 steps
Cky conversion steps: 437 steps
Chart START items len: 48
Chart keys len: 60
Chart items len: 161

Parsing sen 1550
Parse did not finish:
- steps: 49360
- queue len: 38414
- attempted len: 20000710

Parsing sen 1553
Parsing steps: 6511 steps
Cky conversion steps: 10443 steps
Chart START items len: 807
Chart keys len: 861
Chart items len: 3040

Parsing sen 1556
Parsing steps: 24385 steps
Cky conversion steps: 58398 steps
Chart START items len: 4795
Chart keys len: 5251
Chart items len: 24275

Parsing sen 1558
Parse did not finish:
- steps: 52256
- queue len: 19998
- attempted len: 20000694

Parsing sen 1566
Parsing steps: 5658 steps
Cky conversion steps: 504 steps
Chart START items len: 64
Chart keys len: 95
Chart items len: 218

Parsing sen 1568
Parse did not finish:
- steps: 90951
- queue len: 95495
- attempted len: 20000203

Parsing sen 1572
Parse did not finish:
- steps: 204714
- queue len: 148241
- attempted len: 20000025

Parsing sen 1574
Parsing steps: 5650 steps
Cky conversion steps: 25079 steps
Chart START items len: 1167
Chart keys len: 1200
Chart items len: 5264

Parsing sen 1575
Parsing steps: 207375 steps
Cky conversion steps: 293008 steps
Chart START items len: 34954
Chart keys len: 35675
Chart items len: 124803

Parsing sen 1578
Parse did not finish:
- steps: 181542
- queue len: 234951
- attempted len: 20000399

Parsing sen 1583
Parse did not finish:
- steps: 136000
- queue len: 72963
- attempted len: 20000209

Parsing sen 1590
Parse did not finish:
- steps: 238930
- queue len: 474876
- attempted len: 20000250

Parsing sen 1591
Parsing steps: 31002 steps
Cky conversion steps: 2222 steps
Chart START items len: 287
Chart keys len: 319
Chart items len: 1008

Parsing sen 1594
Parse did not finish:
- steps: 100621
- queue len: 188186
- attempted len: 20000622

Parsing sen 1599
Parsing steps: 101138 steps
Cky conversion steps: 340679 steps
Chart START items len: 16500
Chart keys len: 17350
Chart items len: 69842

Parsing sen 1602
Parsing steps: 37765 steps
Cky conversion steps: 2779 steps
Chart START items len: 202
Chart keys len: 342
Chart items len: 771

Parsing sen 1604
Parsing steps: 38067 steps
Cky conversion steps: 159826 steps
Chart START items len: 9427
Chart keys len: 9566
Chart items len: 40527

Parsing sen 1607
Parsing steps: 933 steps
Cky conversion steps: 100 steps
Chart START items len: 14
Chart keys len: 15
Chart items len: 39

Parsing sen 1608
Parse did not finish:
- steps: 292124
- queue len: 166113
- attempted len: 20000184

Parsing sen 1610
Parse did not finish:
- steps: 133844
- queue len: 83029
- attempted len: 20000185

Parsing sen 1613
Parse did not finish:
- steps: 244300
- queue len: 80356
- attempted len: 20000045

Parsing sen 1616
Parsing steps: 59934 steps
Cky conversion steps: 197512 steps
Chart START items len: 11638
Chart keys len: 11893
Chart items len: 46688

Parsing sen 1618
Parsing steps: 9554 steps
Cky conversion steps: 2393 steps
Chart START items len: 248
Chart keys len: 304
Chart items len: 869

Parsing sen 1619
Parsing steps: 1682 steps
Cky conversion steps: 3390 steps
Chart START items len: 168
Chart keys len: 178
Chart items len: 653

Parsing sen 1620
Parse did not finish:
- steps: 75087
- queue len: 364450
- attempted len: 20001926

Parsing sen 1627
Parse did not finish:
- steps: 327415
- queue len: 902513
- attempted len: 20000086

Parsing sen 1629
Parse did not finish:
- steps: 501067
- queue len: 464650
- attempted len: 20000021

Parsing sen 1637
Parsing steps: 13385 steps
Cky conversion steps: 64055 steps
Chart START items len: 2497
Chart keys len: 2574
Chart items len: 10574

Parsing sen 1638
Parse did not finish:
- steps: 150519
- queue len: 289068
- attempted len: 20000035

Parsing sen 1640
Parsing steps: 10638 steps
Cky conversion steps: 63795 steps
Chart START items len: 2999
Chart keys len: 3030
Chart items len: 14913

Parsing sen 1642
Parsing steps: 43369 steps
Cky conversion steps: 175756 steps
Chart START items len: 8074
Chart keys len: 8522
Chart items len: 36821

Parsing sen 1646
Parsing steps: 148363 steps
Cky conversion steps: 1553381 steps
Chart START items len: 41546
Chart keys len: 41767
Chart items len: 193708

Parsing sen 1649
Parsing steps: 207954 steps
Cky conversion steps: 1348697 steps
Chart START items len: 131886
Chart keys len: 133485
Chart items len: 686231

Parsing sen 1654
Parse did not finish:
- steps: 91032
- queue len: 98536
- attempted len: 20002179

Parsing sen 1658
Parsing steps: 140792 steps
Cky conversion steps: 255088 steps
Chart START items len: 24954
Chart keys len: 25334
Chart items len: 108960

Parsing sen 1662
Parsing steps: 21480 steps
Cky conversion steps: 85882 steps
Chart START items len: 5131
Chart keys len: 5281
Chart items len: 27484

Parsing sen 1664
Parsing steps: 10424 steps
Cky conversion steps: 31388 steps
Chart START items len: 1540
Chart keys len: 1599
Chart items len: 6519

Parsing sen 1668
Parse did not finish:
- steps: 81562
- queue len: 14831
- attempted len: 20000018

Parsing sen 1671
Parsing steps: 9044 steps
Cky conversion steps: 18400 steps
Chart START items len: 838
Chart keys len: 874
Chart items len: 3523

Parsing sen 1672
Parsing steps: 49320 steps
Cky conversion steps: 74660 steps
Chart START items len: 5386
Chart keys len: 5846
Chart items len: 22458

Parsing sen 1676
Parsing steps: 83197 steps
Cky conversion steps: 608182 steps
Chart START items len: 25990
Chart keys len: 26356
Chart items len: 116227

Parsing sen 1681
Parsing steps: 15663 steps
Cky conversion steps: 471 steps
Chart START items len: 41
Chart keys len: 44
Chart items len: 143

Parsing sen 1683
Parse did not finish:
- steps: 75751
- queue len: 505074
- attempted len: 20001624

Parsing sen 1685
Parse did not finish:
- steps: 186078
- queue len: 76231
- attempted len: 20000092

Parsing sen 1687
Parsing steps: 3104 steps
Cky conversion steps: 141 steps
Chart START items len: 16
Chart keys len: 21
Chart items len: 51

Parsing sen 1688
Parse did not finish:
- steps: 127567
- queue len: 94643
- attempted len: 20000163

Parsing sen 1691
Parsing steps: 39560 steps
Cky conversion steps: 45032 steps
Chart START items len: 4624
Chart keys len: 5197
Chart items len: 21381

Parsing sen 1694
Parse did not finish:
- steps: 89701
- queue len: 209310
- attempted len: 20000127

Parsing sen 1698
Parse did not finish:
- steps: 63530
- queue len: 98469
- attempted len: 20001570

Parsing sen 1702
Parsing steps: 382271 steps
Cky conversion steps: 4771790 steps
Chart START items len: 144179
Chart keys len: 144515
Chart items len: 752119

Parsing sen 1705
Parsing steps: 78147 steps
Cky conversion steps: 57019 steps
Chart START items len: 7107
Chart keys len: 9704
Chart items len: 26992

Parsing sen 1708
Parse did not finish:
- steps: 222229
- queue len: 232431
- attempted len: 20000285

Parsing sen 1711
Parsing steps: 56707 steps
Cky conversion steps: 399385 steps
Chart START items len: 17982
Chart keys len: 18107
Chart items len: 85095

Parsing sen 1712
Parsing steps: 9943 steps
Cky conversion steps: 28364 steps
Chart START items len: 1523
Chart keys len: 1599
Chart items len: 6171

Parsing sen 1714
Parsing steps: 27940 steps
Cky conversion steps: 5894 steps
Chart START items len: 439
Chart keys len: 535
Chart items len: 2103

Parsing sen 1718
Parse did not finish:
- steps: 71915
- queue len: 73061
- attempted len: 20001256

Parsing sen 1724
Parse did not finish:
- steps: 48501
- queue len: 28130
- attempted len: 20000347

Parsing sen 1727
Parsing steps: 361498 steps
Cky conversion steps: 3377852 steps
Chart START items len: 132417
Chart keys len: 132795
Chart items len: 659180

Parsing sen 1729
Parse did not finish:
- steps: 66137
- queue len: 18231
- attempted len: 20001081

Parsing sen 1730
Parse did not finish:
- steps: 87073
- queue len: 19245
- attempted len: 20000077

Parsing sen 1731
Parse did not finish:
- steps: 1009626
- queue len: 1159258
- attempted len: 20000273

Parsing sen 1737
Parsing steps: 149764 steps
Cky conversion steps: 830891 steps
Chart START items len: 40664
Chart keys len: 41538
Chart items len: 186343

Parsing sen 1740
Parse did not finish:
- steps: 167593
- queue len: 115654
- attempted len: 20000294

Parsing sen 1750
Parse did not finish:
- steps: 147052
- queue len: 343314
- attempted len: 20000087

Parsing sen 1755
Parsing steps: 11908 steps
Cky conversion steps: 68924 steps
Chart START items len: 2747
Chart keys len: 2791
Chart items len: 12217

Parsing sen 1756
Parse did not finish:
- steps: 72470
- queue len: 69927
- attempted len: 20000812

Parsing sen 1764
Parse did not finish:
- steps: 157307
- queue len: 279998
- attempted len: 20000985

Parsing sen 1769
Parse did not finish:
- steps: 100337
- queue len: 117079
- attempted len: 20000376

Parsing sen 1770
Parsing steps: 207383 steps
Cky conversion steps: 1803036 steps
Chart START items len: 56340
Chart keys len: 56935
Chart items len: 261374

Parsing sen 1771
Parse did not finish:
- steps: 75093
- queue len: 52830
- attempted len: 20001288

Parsing sen 1775
Parse did not finish:
- steps: 48822
- queue len: 53298
- attempted len: 20001204

Parsing sen 1778
Parse did not finish:
- steps: 236944
- queue len: 88250
- attempted len: 20000189

Parsing sen 1780
Parse did not finish:
- steps: 120187
- queue len: 192228
- attempted len: 20000479

Parsing sen 1783
Parsing steps: 10185 steps
Cky conversion steps: 1495 steps
Chart START items len: 146
Chart keys len: 186
Chart items len: 591

Parsing sen 1786
Parsing steps: 6939 steps
Cky conversion steps: 871 steps
Chart START items len: 107
Chart keys len: 137
Chart items len: 381

Parsing sen 1787
Parsing steps: 58627 steps
Cky conversion steps: 22248 steps
Chart START items len: 1271
Chart keys len: 1899
Chart items len: 5465

Parsing sen 1790
Parse did not finish:
- steps: 752171
- queue len: 102210
- attempted len: 20000181

Parsing sen 1794
Parsing steps: 4766 steps
Cky conversion steps: 25791 steps
Chart START items len: 978
Chart keys len: 998
Chart items len: 4257

Parsing sen 1795
Parsing steps: 1681 steps
Cky conversion steps: 1840 steps
Chart START items len: 94
Chart keys len: 99
Chart items len: 336

Parsing sen 1796
Parse did not finish:
- steps: 70660
- queue len: 182820
- attempted len: 20000027

Parsing sen 1799
Parse did not finish:
- steps: 52976
- queue len: 22913
- attempted len: 20000934

Parsing sen 1801
Parsing steps: 42802 steps
Cky conversion steps: 153541 steps
Chart START items len: 7457
Chart keys len: 7804
Chart items len: 31384

Parsing sen 1803
Parsing steps: 10790 steps
Cky conversion steps: 65159 steps
Chart START items len: 3264
Chart keys len: 3308
Chart items len: 14602

Parsing sen 1806
Parsing steps: 26454 steps
Cky conversion steps: 68150 steps
Chart START items len: 5116
Chart keys len: 5449
Chart items len: 21044

Parsing sen 1808
Parsing steps: 62451 steps
Cky conversion steps: 302363 steps
Chart START items len: 31077
Chart keys len: 32169
Chart items len: 161178

Parsing sen 1811
Parsing steps: 10630 steps
Cky conversion steps: 55154 steps
Chart START items len: 3172
Chart keys len: 3221
Chart items len: 14633

Parsing sen 1814
Parsing steps: 25560 steps
Cky conversion steps: 100203 steps
Chart START items len: 6530
Chart keys len: 6709
Chart items len: 27580

Parsing sen 1816
Parse did not finish:
- steps: 112406
- queue len: 167026
- attempted len: 20000843

Parsing sen 1820
Parse did not finish:
- steps: 76465
- queue len: 34237
- attempted len: 20000856

Parsing sen 1822
Parsing steps: 47124 steps
Cky conversion steps: 331091 steps
Chart START items len: 16533
Chart keys len: 16679
Chart items len: 77075

Parsing sen 1829
Parsing steps: 18161 steps
Cky conversion steps: 79500 steps
Chart START items len: 3280
Chart keys len: 3445
Chart items len: 13920

Parsing sen 1830
Parsing steps: 3076 steps
Cky conversion steps: 3120 steps
Chart START items len: 299
Chart keys len: 335
Chart items len: 1301

Parsing sen 1831
Parsing steps: 1172 steps
Cky conversion steps: 112 steps
Chart START items len: 14
Chart keys len: 17
Chart items len: 43

Parsing sen 1832
Parse did not finish:
- steps: 69706
- queue len: 189244
- attempted len: 20000764

Parsing sen 1833
Parse did not finish:
- steps: 54569
- queue len: 77050
- attempted len: 20001075

Parsing sen 1838
Parsing steps: 3198 steps
Cky conversion steps: 5853 steps
Chart START items len: 300
Chart keys len: 316
Chart items len: 1198

Parsing sen 1839
Parse did not finish:
- steps: 124167
- queue len: 660019
- attempted len: 20000281

Parsing sen 1843
Parsing steps: 13696 steps
Cky conversion steps: 87016 steps
Chart START items len: 2883
Chart keys len: 2919
Chart items len: 12980

Parsing sen 1844
Parsing steps: 39610 steps
Cky conversion steps: 95 steps
Chart START items len: 9
Chart keys len: 13
Chart items len: 30

Parsing sen 1845
Parse did not finish:
- steps: 117301
- queue len: 1707861
- attempted len: 20000383

Parsing sen 1850
Parsing steps: 68137 steps
Cky conversion steps: 273825 steps
Chart START items len: 12625
Chart keys len: 13094
Chart items len: 66153

Parsing sen 1852
Parse did not finish:
- steps: 155919
- queue len: 551056
- attempted len: 20000409

Parsing sen 1858
Parsing steps: 23098 steps
Cky conversion steps: 114951 steps
Chart START items len: 4962
Chart keys len: 5132
Chart items len: 20932

Parsing sen 1859
Parsing steps: 2580 steps
Cky conversion steps: 1395 steps
Chart START items len: 123
Chart keys len: 154
Chart items len: 431

Parsing sen 1860
Parsing steps: 136932 steps
Cky conversion steps: 64968 steps
Chart START items len: 2577
Chart keys len: 2611
Chart items len: 12446

Parsing sen 1863
Parse did not finish:
- steps: 133404
- queue len: 193637
- attempted len: 20000107

Parsing sen 1865
Parsing steps: 52472 steps
Cky conversion steps: 595360 steps
Chart START items len: 15795
Chart keys len: 15882
Chart items len: 80515

Parsing sen 1866
Parsing steps: 15988 steps
Cky conversion steps: 120651 steps
Chart START items len: 3709
Chart keys len: 3766
Chart items len: 16239

Parsing sen 1867
Parse did not finish:
- steps: 458401
- queue len: 409668
- attempted len: 20000172

Parsing sen 1869
Parsing steps: 394090 steps
Cky conversion steps: 5527299 steps
Chart START items len: 147436
Chart keys len: 147604
Chart items len: 688044

Parsing sen 1871
Parse did not finish:
- steps: 53982
- queue len: 36426
- attempted len: 20000057

Parsing sen 1875
Parse did not finish:
- steps: 131879
- queue len: 17186
- attempted len: 20000618

Parsing sen 1877
Parse did not finish:
- steps: 64542
- queue len: 26233
- attempted len: 20000427

Parsing sen 1880
Parsing steps: 23809 steps
Cky conversion steps: 5407 steps
Chart START items len: 619
Chart keys len: 772
Chart items len: 2172

Parsing sen 1881
Parse did not finish:
- steps: 85060
- queue len: 288010
- attempted len: 20000853

Parsing sen 1885
Parsing steps: 1777 steps
Cky conversion steps: 6157 steps
Chart START items len: 290
Chart keys len: 303
Chart items len: 1167

Parsing sen 1886
Parsing steps: 30293 steps
Cky conversion steps: 9381 steps
Chart START items len: 1122
Chart keys len: 1353
Chart items len: 4358

Parsing sen 1888
Parse did not finish:
- steps: 54624
- queue len: 18875
- attempted len: 20000843

Parsing sen 1890
Parsing steps: 22311 steps
Cky conversion steps: 92166 steps
Chart START items len: 4303
Chart keys len: 4501
Chart items len: 17977

Parsing sen 1893
Parse did not finish:
- steps: 134132
- queue len: 182072
- attempted len: 20000423

Parsing sen 1898
Parse did not finish:
- steps: 172254
- queue len: 143654
- attempted len: 20000423

Parsing sen 1901
Parse did not finish:
- steps: 127917
- queue len: 114767
- attempted len: 20000214

Parsing sen 1904
Parse did not finish:
- steps: 59931
- queue len: 19568
- attempted len: 20000539

Parsing sen 1906
Parse did not finish:
- steps: 64026
- queue len: 50021
- attempted len: 20000217

Parsing sen 1909
Parsing steps: 12376 steps
Cky conversion steps: 41172 steps
Chart START items len: 1997
Chart keys len: 2081
Chart items len: 8067

Parsing sen 1912
Parsing steps: 135528 steps
Cky conversion steps: 978993 steps
Chart START items len: 33574
Chart keys len: 34113
Chart items len: 168282

Parsing sen 1913
Parsing steps: 7149 steps
Cky conversion steps: 10234 steps
Chart START items len: 627
Chart keys len: 700
Chart items len: 2580

Parsing sen 1914
Parsing steps: 11568 steps
Cky conversion steps: 79438 steps
Chart START items len: 2726
Chart keys len: 2783
Chart items len: 12333

Parsing sen 1915
Parsing steps: 2527 steps
Cky conversion steps: 6488 steps
Chart START items len: 306
Chart keys len: 325
Chart items len: 1294

Parsing sen 1916
Parsing steps: 22724 steps
Cky conversion steps: 127941 steps
Chart START items len: 5299
Chart keys len: 5386
Chart items len: 24134

Parsing sen 1918
Parsing steps: 16552 steps
Cky conversion steps: 14328 steps
Chart START items len: 1311
Chart keys len: 1460
Chart items len: 4828

Parsing sen 1919
Parsing steps: 960 steps
Cky conversion steps: 1372 steps
Chart START items len: 96
Chart keys len: 105
Chart items len: 370

Parsing sen 1920
Parsing steps: 1980 steps
Cky conversion steps: 3638 steps
Chart START items len: 286
Chart keys len: 304
Chart items len: 1175

Parsing sen 1921
Parsing steps: 686 steps
Cky conversion steps: 705 steps
Chart START items len: 51
Chart keys len: 56
Chart items len: 187

Parsing sen 1922
Parsing steps: 1044 steps
Cky conversion steps: 1309 steps
Chart START items len: 89
Chart keys len: 97
Chart items len: 336

Parsing sen 1923
Parse did not finish:
- steps: 222396
- queue len: 570659
- attempted len: 20000342

Parsing sen 1924
Parsing steps: 2666 steps
Cky conversion steps: 3973 steps
Chart START items len: 316
Chart keys len: 349
Chart items len: 1268

Parsing sen 1926
Parsing steps: 919 steps
Cky conversion steps: 2838 steps
Chart START items len: 134
Chart keys len: 137
Chart items len: 533

Parsing sen 1927
Parsing steps: 940 steps
Cky conversion steps: 764 steps
Chart START items len: 51
Chart keys len: 59
Chart items len: 215

Parsing sen 1928
Parsing steps: 3888 steps
Cky conversion steps: 13511 steps
Chart START items len: 684
Chart keys len: 719
Chart items len: 3200

Parsing sen 1930
Parsing steps: 1189 steps
Cky conversion steps: 779 steps
Chart START items len: 47
Chart keys len: 53
Chart items len: 164

Parsing sen 1931
Parsing steps: 18587 steps
Cky conversion steps: 79872 steps
Chart START items len: 5277
Chart keys len: 5373
Chart items len: 23150

Parsing sen 1934
Parsing steps: 13623 steps
Cky conversion steps: 86183 steps
Chart START items len: 3008
Chart keys len: 3056
Chart items len: 13454

Parsing sen 1935
Parsing steps: 33732 steps
Cky conversion steps: 298409 steps
Chart START items len: 12478
Chart keys len: 12571
Chart items len: 60531

Parsing sen 1939
Parse did not finish:
- steps: 45349
- queue len: 74446
- attempted len: 20000753

Parsing sen 1941
Parsing steps: 9642 steps
Cky conversion steps: 24341 steps
Chart START items len: 783
Chart keys len: 927
Chart items len: 3126

Parsing sen 1943
Parse did not finish:
- steps: 71706
- queue len: 35592
- attempted len: 20000513

Parsing sen 1945
Parsing steps: 48442 steps
Cky conversion steps: 82321 steps
Chart START items len: 4040
Chart keys len: 4190
Chart items len: 19047

Parsing sen 1950
Parsing steps: 40509 steps
Cky conversion steps: 221409 steps
Chart START items len: 9441
Chart keys len: 9559
Chart items len: 40518

Parsing sen 1951
Parsing steps: 198689 steps
Cky conversion steps: 907848 steps
Chart START items len: 56570
Chart keys len: 57164
Chart items len: 242068

Parsing sen 1954
Parsing steps: 1188 steps
Cky conversion steps: 658 steps
Chart START items len: 70
Chart keys len: 82
Chart items len: 276

Parsing sen 1955
Parsing steps: 5732 steps
Cky conversion steps: 38573 steps
Chart START items len: 1306
Chart keys len: 1333
Chart items len: 5939

Parsing sen 1956
Parsing steps: 1520 steps
Cky conversion steps: 84 steps
Chart START items len: 13
Chart keys len: 16
Chart items len: 39

Parsing sen 1959
Parsing steps: 47793 steps
Cky conversion steps: 26391 steps
Chart START items len: 3668
Chart keys len: 3759
Chart items len: 13225

Parsing sen 1960
Parse did not finish:
- steps: 71341
- queue len: 127018
- attempted len: 20000417

Parsing sen 1961
Parsing steps: 38247 steps
Cky conversion steps: 155866 steps
Chart START items len: 8788
Chart keys len: 9081
Chart items len: 40124

Parsing sen 1963
Parse did not finish:
- steps: 195493
- queue len: 92561
- attempted len: 20000232

Parsing sen 1965
Parse did not finish:
- steps: 55603
- queue len: 71535
- attempted len: 20000569

Parsing sen 1968
Parse did not finish:
- steps: 92196
- queue len: 51835
- attempted len: 20001486

Parsing sen 1971
Parse did not finish:
- steps: 69626
- queue len: 42064
- attempted len: 20000763

Parsing sen 1972
Parse did not finish:
- steps: 68359
- queue len: 49006
- attempted len: 20000662

Parsing sen 1976
Parsing steps: 80090 steps
Cky conversion steps: 1099412 steps
Chart START items len: 28439
Chart keys len: 28581
Chart items len: 145207

Parsing sen 1977
Parsing steps: 95573 steps
Cky conversion steps: 325752 steps
Chart START items len: 14748
Chart keys len: 15970
Chart items len: 69544

Parsing sen 1979
Parsing steps: 490606 steps
Cky conversion steps: 7419672 steps
Chart START items len: 185787
Chart keys len: 186125
Chart items len: 939565

Parsing sen 1982
Parse did not finish:
- steps: 63777
- queue len: 23495
- attempted len: 20000129

Parsing sen 1984
Parsing steps: 32839 steps
Cky conversion steps: 25032 steps
Chart START items len: 2428
Chart keys len: 2778
Chart items len: 9410

Parsing sen 1987
Parse did not finish:
- steps: 93564
- queue len: 91440
- attempted len: 20000547

Parsing sen 1995
Parsing steps: 14010 steps
Cky conversion steps: 59237 steps
Chart START items len: 2683
Chart keys len: 2743
Chart items len: 11706

Parsing sen 1996
Parsing steps: 66185 steps
Cky conversion steps: 102832 steps
Chart START items len: 11764
Chart keys len: 12300
Chart items len: 48360

Parsing sen 1999
Parse did not finish:
- steps: 221302
- queue len: 77731
- attempted len: 20000370

Parsing sen 2003
Parsing steps: 2275 steps
Cky conversion steps: 13 steps
Chart START items len: 1
Chart keys len: 2
Chart items len: 3

Parsing sen 2004
Parse did not finish:
- steps: 110640
- queue len: 215899
- attempted len: 20000562

Parsing sen 2009
Parse did not finish:
- steps: 44283
- queue len: 22003
- attempted len: 20000032

Parsing sen 2010
Parse did not finish:
- steps: 59760
- queue len: 20535
- attempted len: 20000001

Parsing sen 2014
Parsing steps: 8432 steps
Cky conversion steps: 4971 steps
Chart START items len: 560
Chart keys len: 706
Chart items len: 2048

Parsing sen 2015
Parsing steps: 6452 steps
Cky conversion steps: 4402 steps
Chart START items len: 678
Chart keys len: 743
Chart items len: 2388

Parsing sen 2016
Parse did not finish:
- steps: 91616
- queue len: 293523
- attempted len: 20001370

Parsing sen 2025
Parsing steps: 3491 steps
Cky conversion steps: 10706 steps
Chart START items len: 543
Chart keys len: 571
Chart items len: 2211

Parsing sen 2027
Parsing steps: 16464 steps
Cky conversion steps: 69454 steps
Chart START items len: 2906
Chart keys len: 3015
Chart items len: 12570

Parsing sen 2028
Parsing steps: 31690 steps
Cky conversion steps: 118564 steps
Chart START items len: 6455
Chart keys len: 6663
Chart items len: 26160

Parsing sen 2030
Parsing steps: 39479 steps
Cky conversion steps: 47714 steps
Chart START items len: 5000
Chart keys len: 5316
Chart items len: 21546

Parsing sen 2033
Parse did not finish:
- steps: 59600
- queue len: 87712
- attempted len: 20000305

Parsing sen 2037
Parsing steps: 7147 steps
Cky conversion steps: 64980 steps
Chart START items len: 1628
Chart keys len: 1645
Chart items len: 7174

Parsing sen 2038
Parsing steps: 6368 steps
Cky conversion steps: 22266 steps
Chart START items len: 1257
Chart keys len: 1311
Chart items len: 5525

Parsing sen 2039
Parsing steps: 5039 steps
Cky conversion steps: 2168 steps
Chart START items len: 331
Chart keys len: 363
Chart items len: 1162

Parsing sen 2040
Parsing steps: 3640 steps
Cky conversion steps: 2647 steps
Chart START items len: 292
Chart keys len: 372
Chart items len: 1239

Parsing sen 2043
Parsing steps: 4665 steps
Cky conversion steps: 17301 steps
Chart START items len: 823
Chart keys len: 848
Chart items len: 3481

Parsing sen 2044
Parsing steps: 34376 steps
Cky conversion steps: 125750 steps
Chart START items len: 6053
Chart keys len: 6286
Chart items len: 25566

Parsing sen 2047
Parse did not finish:
- steps: 185125
- queue len: 84085
- attempted len: 20000173

Parsing sen 2048
Parsing steps: 19110 steps
Cky conversion steps: 14231 steps
Chart START items len: 1341
Chart keys len: 1739
Chart items len: 5118

Parsing sen 2049
Parse did not finish:
- steps: 66682
- queue len: 149818
- attempted len: 20000326

Parsing sen 2050
Parsing steps: 127007 steps
Cky conversion steps: 658209 steps
Chart START items len: 23818
Chart keys len: 24578
Chart items len: 101456

Parsing sen 2051
Parse did not finish:
- steps: 80618
- queue len: 23814
- attempted len: 20001193

Parsing sen 2053
Parsing steps: 107903 steps
Cky conversion steps: 294150 steps
Chart START items len: 17234
Chart keys len: 18694
Chart items len: 71737

Parsing sen 2056
Parse did not finish:
- steps: 80424
- queue len: 91388
- attempted len: 20000566

Parsing sen 2060
Parse did not finish:
- steps: 100982
- queue len: 167390
- attempted len: 20000589

Parsing sen 2062
Parse did not finish:
- steps: 60167
- queue len: 32307
- attempted len: 20000274

Parsing sen 2064
Parsing steps: 917 steps
Cky conversion steps: 2838 steps
Chart START items len: 134
Chart keys len: 137
Chart items len: 533

Parsing sen 2065
Parse did not finish:
- steps: 153327
- queue len: 485477
- attempted len: 20000046

Parsing sen 2068
Parsing steps: 17854 steps
Cky conversion steps: 148699 steps
Chart START items len: 5947
Chart keys len: 6017
Chart items len: 28465

Parsing sen 2070
Parsing steps: 406 steps
Cky conversion steps: 136 steps
Chart START items len: 19
Chart keys len: 25
Chart items len: 69

Parsing sen 2071
Parsing steps: 5353 steps
Cky conversion steps: 14245 steps
Chart START items len: 1035
Chart keys len: 1098
Chart items len: 4607

Parsing sen 2072
Parsing steps: 41446 steps
Cky conversion steps: 274675 steps
Chart START items len: 9598
Chart keys len: 9811
Chart items len: 41910

Parsing sen 2073
Parsing steps: 31340 steps
Cky conversion steps: 4301 steps
Chart START items len: 213
Chart keys len: 226
Chart items len: 857

Parsing sen 2074
Parsing steps: 14128 steps
Cky conversion steps: 11051 steps
Chart START items len: 906
Chart keys len: 1129
Chart items len: 3451

Parsing sen 2075
Parse did not finish:
- steps: 63302
- queue len: 27467
- attempted len: 20000278

Parsing sen 2081
Parsing steps: 63124 steps
Cky conversion steps: 141225 steps
Chart START items len: 6234
Chart keys len: 6800
Chart items len: 24241

Parsing sen 2085
Parsing steps: 22306 steps
Cky conversion steps: 9516 steps
Chart START items len: 1446
Chart keys len: 1549
Chart items len: 5323

Parsing sen 2086
Parse did not finish:
- steps: 146192
- queue len: 278322
- attempted len: 20000074

Parsing sen 2091
Parsing steps: 26862 steps
Cky conversion steps: 68263 steps
Chart START items len: 3632
Chart keys len: 3920
Chart items len: 14830

Parsing sen 2092
Parsing steps: 10453 steps
Cky conversion steps: 40388 steps
Chart START items len: 1842
Chart keys len: 1950
Chart items len: 8358

Parsing sen 2093
Parse did not finish:
- steps: 61371
- queue len: 130990
- attempted len: 20000305

Parsing sen 2095
Parse did not finish:
- steps: 521610
- queue len: 370180
- attempted len: 20000115

Parsing sen 2099
Parsing steps: 4339 steps
Cky conversion steps: 129 steps
Chart START items len: 16
Chart keys len: 23
Chart items len: 51

Parsing sen 2100
Parsing steps: 6321 steps
Cky conversion steps: 2812 steps
Chart START items len: 184
Chart keys len: 201
Chart items len: 729

Parsing sen 2102
Parsing steps: 18902 steps
Cky conversion steps: 90289 steps
Chart START items len: 4332
Chart keys len: 4457
Chart items len: 19312

Parsing sen 2104
Parsing steps: 3571 steps
Cky conversion steps: 9002 steps
Chart START items len: 497
Chart keys len: 530
Chart items len: 2051

Parsing sen 2105
Parse did not finish:
- steps: 416397
- queue len: 309969
- attempted len: 20000182

Parsing sen 2106
Parse did not finish:
- steps: 109936
- queue len: 61041
- attempted len: 20000014

Parsing sen 2110
Parsing steps: 2028 steps
Cky conversion steps: 3239 steps
Chart START items len: 208
Chart keys len: 220
Chart items len: 810

Parsing sen 2112
Parse did not finish:
- steps: 138766
- queue len: 93205
- attempted len: 20000879

Parsing sen 2114
Parsing steps: 18476 steps
Cky conversion steps: 405 steps
Chart START items len: 59
Chart keys len: 72
Chart items len: 190

Parsing sen 2116
Parse did not finish:
- steps: 72520
- queue len: 570383
- attempted len: 20000119

Parsing sen 2117
Parsing steps: 6378 steps
Cky conversion steps: 26244 steps
Chart START items len: 1477
Chart keys len: 1513
Chart items len: 6460

Parsing sen 2119
Parsing steps: 7309 steps
Cky conversion steps: 8883 steps
Chart START items len: 756
Chart keys len: 891
Chart items len: 3005

Parsing sen 2121
Parsing steps: 657 steps
Cky conversion steps: 44 steps
Chart START items len: 5
Chart keys len: 7
Chart items len: 14

Parsing sen 2122
Parsing steps: 25905 steps
Cky conversion steps: 174112 steps
Chart START items len: 7197
Chart keys len: 7320
Chart items len: 34449

Parsing sen 2124
Parsing steps: 33209 steps
Cky conversion steps: 3311 steps
Chart START items len: 330
Chart keys len: 474
Chart items len: 1307

Parsing sen 2126
Parsing steps: 3069 steps
Cky conversion steps: 159 steps
Chart START items len: 21
Chart keys len: 31
Chart items len: 67

Parsing sen 2127
Parse did not finish:
- steps: 52635
- queue len: 24466
- attempted len: 20000449

Parsing sen 2128
Parsing steps: 20076 steps
Cky conversion steps: 15299 steps
Chart START items len: 1586
Chart keys len: 2094
Chart items len: 6264

Parsing sen 2130
Parsing steps: 35761 steps
Cky conversion steps: 99106 steps
Chart START items len: 5432
Chart keys len: 5857
Chart items len: 24785

Parsing sen 2131
Parsing steps: 1581 steps
Cky conversion steps: 168 steps
Chart START items len: 22
Chart keys len: 29
Chart items len: 67

Parsing sen 2133
Parse did not finish:
- steps: 65162
- queue len: 76458
- attempted len: 20000217

Parsing sen 2134
Parsing steps: 646 steps
Cky conversion steps: 1 steps
Chart START items len: 0
Chart keys len: 0
Chart items len: 0

Parsing sen 2135
Parsing steps: 66309 steps
Cky conversion steps: 667476 steps
Chart START items len: 20614
Chart keys len: 20837
Chart items len: 100117

Parsing sen 2137
Parsing steps: 5728 steps
Cky conversion steps: 8997 steps
Chart START items len: 617
Chart keys len: 648
Chart items len: 2462

Parsing sen 2138
Parsing steps: 214 steps
Cky conversion steps: 19 steps
Chart START items len: 3
Chart keys len: 4
Chart items len: 7

Parsing sen 2139
Parse did not finish:
- steps: 202039
- queue len: 495353
- attempted len: 20000328

Parsing sen 2142
Parse did not finish:
- steps: 108607
- queue len: 86033
- attempted len: 20000254

Parsing sen 2145
Parsing steps: 2468 steps
Cky conversion steps: 10254 steps
Chart START items len: 515
Chart keys len: 535
Chart items len: 2319

Parsing sen 2147
Parsing steps: 3440 steps
Cky conversion steps: 1403 steps
Chart START items len: 213
Chart keys len: 228
Chart items len: 748

Parsing sen 2149
Parsing steps: 1128 steps
Cky conversion steps: 528 steps
Chart START items len: 67
Chart keys len: 78
Chart items len: 225

Parsing sen 2150
Parsing steps: 37858 steps
Cky conversion steps: 452016 steps
Chart START items len: 12215
Chart keys len: 12287
Chart items len: 60574

Parsing sen 2151
Parsing steps: 16123 steps
Cky conversion steps: 140236 steps
Chart START items len: 4522
Chart keys len: 4572
Chart items len: 21302

Parsing sen 2152
Parsing steps: 5798 steps
Cky conversion steps: 1598 steps
Chart START items len: 193
Chart keys len: 234
Chart items len: 745

Parsing sen 2154
Parsing steps: 114942 steps
Cky conversion steps: 758734 steps
Chart START items len: 28110
Chart keys len: 28284
Chart items len: 146889

Parsing sen 2155
Parsing steps: 4989 steps
Cky conversion steps: 23544 steps
Chart START items len: 769
Chart keys len: 800
Chart items len: 3291

Parsing sen 2158
Parsing steps: 9269 steps
Cky conversion steps: 60421 steps
Chart START items len: 2307
Chart keys len: 2351
Chart items len: 10924

Parsing sen 2160
Parse did not finish:
- steps: 65091
- queue len: 102384
- attempted len: 20000853

Parsing sen 2163
Parsing steps: 73857 steps
Cky conversion steps: 444760 steps
Chart START items len: 13778
Chart keys len: 13988
Chart items len: 61574

Parsing sen 2165
Parsing steps: 9245 steps
Cky conversion steps: 12653 steps
Chart START items len: 834
Chart keys len: 929
Chart items len: 3562

Parsing sen 2166
Parsing steps: 1581 steps
Cky conversion steps: 732 steps
Chart START items len: 84
Chart keys len: 97
Chart items len: 308

Parsing sen 2168
Parsing steps: 498 steps
Cky conversion steps: 112 steps
Chart START items len: 14
Chart keys len: 17
Chart items len: 43

Parsing sen 2169
Parsing steps: 105166 steps
Cky conversion steps: 1407662 steps
Chart START items len: 44554
Chart keys len: 44639
Chart items len: 211545

Parsing sen 2170
Parsing steps: 19213 steps
Cky conversion steps: 40276 steps
Chart START items len: 2474
Chart keys len: 2679
Chart items len: 10742

Parsing sen 2172
Parsing steps: 36706 steps
Cky conversion steps: 328461 steps
Chart START items len: 13900
Chart keys len: 13964
Chart items len: 68496

Parsing sen 2175
Parsing steps: 4969 steps
Cky conversion steps: 12835 steps
Chart START items len: 970
Chart keys len: 1023
Chart items len: 3865

Parsing sen 2177
Parsing steps: 29245 steps
Cky conversion steps: 1367 steps
Chart START items len: 137
Chart keys len: 169
Chart items len: 474

Parsing sen 2180
Parsing steps: 58853 steps
Cky conversion steps: 338338 steps
Chart START items len: 11316
Chart keys len: 11407
Chart items len: 53942

Parsing sen 2181
Parse did not finish:
- steps: 182650
- queue len: 216088
- attempted len: 20000125

Parsing sen 2183
Parsing steps: 8128 steps
Cky conversion steps: 47674 steps
Chart START items len: 2026
Chart keys len: 2070
Chart items len: 9050

Parsing sen 2184
Parse did not finish:
- steps: 127048
- queue len: 142810
- attempted len: 20000252

Parsing sen 2187
Parsing steps: 16793 steps
Cky conversion steps: 60519 steps
Chart START items len: 3386
Chart keys len: 3440
Chart items len: 15380

Parsing sen 2189
Parsing steps: 2117 steps
Cky conversion steps: 3959 steps
Chart START items len: 210
Chart keys len: 221
Chart items len: 890

Parsing sen 2190
Parsing steps: 527840 steps
Cky conversion steps: 6737005 steps
Chart START items len: 205958
Chart keys len: 206315
Chart items len: 1182929

Parsing sen 2194
Parsing steps: 7845 steps
Cky conversion steps: 51433 steps
Chart START items len: 2620
Chart keys len: 2657
Chart items len: 12138

Parsing sen 2197
Parsing steps: 4225 steps
Cky conversion steps: 1053 steps
Chart START items len: 55
Chart keys len: 58
Chart items len: 201

Parsing sen 2198
Parse did not finish:
- steps: 285044
- queue len: 804472
- attempted len: 20000241

Parsing sen 2200
Parse did not finish:
- steps: 645962
- queue len: 182784
- attempted len: 20000091

Parsing sen 2203
Parsing steps: 6381 steps
Cky conversion steps: 250 steps
Chart START items len: 28
Chart keys len: 49
Chart items len: 100

Parsing sen 2204
Parsing steps: 14123 steps
Cky conversion steps: 23338 steps
Chart START items len: 1694
Chart keys len: 1751
Chart items len: 7316

Parsing sen 2205
Parsing steps: 57474 steps
Cky conversion steps: 196128 steps
Chart START items len: 10050
Chart keys len: 10373
Chart items len: 52424

Parsing sen 2207
Parsing steps: 29542 steps
Cky conversion steps: 118186 steps
Chart START items len: 6678
Chart keys len: 6894
Chart items len: 31157

Parsing sen 2210
Parsing steps: 2689 steps
Cky conversion steps: 3355 steps
Chart START items len: 244
Chart keys len: 272
Chart items len: 949

Parsing sen 2211
Parsing steps: 2866 steps
Cky conversion steps: 5776 steps
Chart START items len: 317
Chart keys len: 335
Chart items len: 1198

Parsing sen 2212
Parsing steps: 343549 steps
Cky conversion steps: 2729074 steps
Chart START items len: 124696
Chart keys len: 125351
Chart items len: 620715

Parsing sen 2217
Parsing steps: 375166 steps
Cky conversion steps: 4546369 steps
Chart START items len: 151994
Chart keys len: 152412
Chart items len: 780984

Parsing sen 2219
Parsing steps: 2611 steps
Cky conversion steps: 2462 steps
Chart START items len: 150
Chart keys len: 154
Chart items len: 618

Parsing sen 2220
Parsing steps: 642 steps
Cky conversion steps: 239 steps
Chart START items len: 29
Chart keys len: 36
Chart items len: 96

Parsing sen 2221
Parsing steps: 20205 steps
Cky conversion steps: 29437 steps
Chart START items len: 1934
Chart keys len: 2164
Chart items len: 7722

Parsing sen 2226
Parsing steps: 187822 steps
Cky conversion steps: 7108 steps
Chart START items len: 454
Chart keys len: 489
Chart items len: 1788

Parsing sen 2229
Parsing steps: 9704 steps
Cky conversion steps: 1000 steps
Chart START items len: 118
Chart keys len: 151
Chart items len: 428

Parsing sen 2231
Parsing steps: 14954 steps
Cky conversion steps: 22088 steps
Chart START items len: 1636
Chart keys len: 1792
Chart items len: 6738

Parsing sen 2233
Parsing steps: 8639 steps
Cky conversion steps: 50455 steps
Chart START items len: 1841
Chart keys len: 1881
Chart items len: 8546

Parsing sen 2234
Parsing steps: 2643 steps
Cky conversion steps: 5586 steps
Chart START items len: 428
Chart keys len: 453
Chart items len: 1703

Parsing sen 2236
Parsing steps: 10113 steps
Cky conversion steps: 57575 steps
Chart START items len: 2453
Chart keys len: 2511
Chart items len: 13435

Parsing sen 2239
Parsing steps: 7343 steps
Cky conversion steps: 27758 steps
Chart START items len: 1091
Chart keys len: 1138
Chart items len: 6099

Parsing sen 2240
Parsing steps: 67244 steps
Cky conversion steps: 396392 steps
Chart START items len: 14172
Chart keys len: 14439
Chart items len: 62030

Parsing sen 2241
Parsing steps: 4332 steps
Cky conversion steps: 16631 steps
Chart START items len: 911
Chart keys len: 949
Chart items len: 3964

Parsing sen 2243
Parse did not finish:
- steps: 74022
- queue len: 34578
- attempted len: 20000067

Parsing sen 2246
Parsing steps: 38187 steps
Cky conversion steps: 5235 steps
Chart START items len: 612
Chart keys len: 654
Chart items len: 2240

Parsing sen 2248
Parse did not finish:
- steps: 304840
- queue len: 122789
- attempted len: 20000013

Parsing sen 2252
Parsing steps: 15004 steps
Cky conversion steps: 10156 steps
Chart START items len: 946
Chart keys len: 1060
Chart items len: 3795

Parsing sen 2254
Parsing steps: 8116 steps
Cky conversion steps: 10869 steps
Chart START items len: 898
Chart keys len: 976
Chart items len: 3619

Parsing sen 2257
Parsing steps: 26981 steps
Cky conversion steps: 138186 steps
Chart START items len: 7309
Chart keys len: 7429
Chart items len: 33742

Parsing sen 2258
Parse did not finish:
- steps: 121867
- queue len: 121892
- attempted len: 20000473

Parsing sen 2260
Parsing steps: 3440 steps
Cky conversion steps: 14038 steps
Chart START items len: 560
Chart keys len: 578
Chart items len: 2424

Parsing sen 2261
Parse did not finish:
- steps: 147378
- queue len: 293490
- attempted len: 20000583

Parsing sen 2264
Parsing steps: 28941 steps
Cky conversion steps: 58412 steps
Chart START items len: 3389
Chart keys len: 3682
Chart items len: 12808

Parsing sen 2266
Parsing steps: 6746 steps
Cky conversion steps: 21170 steps
Chart START items len: 1333
Chart keys len: 1386
Chart items len: 6169

Parsing sen 2268
Parsing steps: 10706 steps
Cky conversion steps: 7 steps
Chart START items len: 1
Chart keys len: 2
Chart items len: 2

Parsing sen 2269
Parse did not finish:
- steps: 126793
- queue len: 156006
- attempted len: 20000104

Parsing sen 2271
Parsing steps: 63619 steps
Cky conversion steps: 53679 steps
Chart START items len: 6114
Chart keys len: 7398
Chart items len: 24490

Parsing sen 2275
Parsing steps: 29906 steps
Cky conversion steps: 13785 steps
Chart START items len: 1606
Chart keys len: 1830
Chart items len: 6082

Parsing sen 2277
Parse did not finish:
- steps: 77671
- queue len: 107066
- attempted len: 20000540

Parsing sen 2279
Parse did not finish:
- steps: 59935
- queue len: 17440
- attempted len: 20000528

Parsing sen 2282
Parsing steps: 322464 steps
Cky conversion steps: 496 steps
Chart START items len: 38
Chart keys len: 69
Chart items len: 161

Parsing sen 2283
Parsing steps: 4861 steps
Cky conversion steps: 850 steps
Chart START items len: 94
Chart keys len: 112
Chart items len: 337

Parsing sen 2286
Parsing steps: 70055 steps
Cky conversion steps: 1037 steps
Chart START items len: 155
Chart keys len: 179
Chart items len: 521

Parsing sen 2287
Parse did not finish:
- steps: 159942
- queue len: 61070
- attempted len: 20000248

Parsing sen 2291
Parse did not finish:
- steps: 183426
- queue len: 2142885
- attempted len: 20000224

Parsing sen 2295
Parsing steps: 344172 steps
Cky conversion steps: 533 steps
Chart START items len: 60
Chart keys len: 70
Chart items len: 203

Parsing sen 2298
Parse did not finish:
- steps: 142356
- queue len: 236669
- attempted len: 20000017

Parsing sen 2301
Parsing steps: 16752 steps
Cky conversion steps: 882 steps
Chart START items len: 97
Chart keys len: 113
Chart items len: 363

Parsing sen 2302
Parse did not finish:
- steps: 58154
- queue len: 330638
- attempted len: 20000714

Parsing sen 2307
Parsing steps: 19239 steps
Cky conversion steps: 84227 steps
Chart START items len: 4644
Chart keys len: 4881
Chart items len: 22607

Parsing sen 2310
Parse did not finish:
- steps: 91815
- queue len: 24266
- attempted len: 20000170

Parsing sen 2312
Parsing steps: 10550 steps
Cky conversion steps: 3329 steps
Chart START items len: 283
Chart keys len: 481
Chart items len: 1016

Parsing sen 2313
Parsing steps: 3362 steps
Cky conversion steps: 10889 steps
Chart START items len: 616
Chart keys len: 655
Chart items len: 2950

Parsing sen 2315
Parse did not finish:
- steps: 355668
- queue len: 748616
- attempted len: 20000054

Parsing sen 2316
Parsing steps: 38088 steps
Cky conversion steps: 230867 steps
Chart START items len: 11272
Chart keys len: 11405
Chart items len: 50710

Parsing sen 2318
Parsing steps: 176738 steps
Cky conversion steps: 36565 steps
Chart START items len: 5469
Chart keys len: 5587
Chart items len: 19233

Parsing sen 2319
Parse did not finish:
- steps: 94978
- queue len: 187455
- attempted len: 20000663

Parsing sen 2322
Parsing steps: 116476 steps
Cky conversion steps: 1688660 steps
Chart START items len: 48400
Chart keys len: 48510
Chart items len: 260088

Parsing sen 2324
Parse did not finish:
- steps: 315317
- queue len: 1939915
- attempted len: 20000269

Parsing sen 2325
Parse did not finish:
- steps: 258641
- queue len: 1232005
- attempted len: 20000023

Parsing sen 2329
Parsing steps: 78618 steps
Cky conversion steps: 368012 steps
Chart START items len: 12870
Chart keys len: 13785
Chart items len: 50978

Parsing sen 2330
Parsing steps: 23444 steps
Cky conversion steps: 48771 steps
Chart START items len: 5326
Chart keys len: 5619
Chart items len: 25901

Parsing sen 2333
Parse did not finish:
- steps: 72883
- queue len: 40001
- attempted len: 20000599

Parsing sen 2335
Parsing steps: 8966 steps
Cky conversion steps: 4926 steps
Chart START items len: 479
Chart keys len: 632
Chart items len: 2254

Parsing sen 2337
Parsing steps: 102809 steps
Cky conversion steps: 255002 steps
Chart START items len: 14539
Chart keys len: 15906
Chart items len: 58902

Parsing sen 2339
Parsing steps: 16511 steps
Cky conversion steps: 3864 steps
Chart START items len: 454
Chart keys len: 559
Chart items len: 1562

Parsing sen 2340
Parsing steps: 371395 steps
Cky conversion steps: 2824556 steps
Chart START items len: 111710
Chart keys len: 112096
Chart items len: 494736

Parsing sen 2342
Parsing steps: 30758 steps
Cky conversion steps: 9250 steps
Chart START items len: 1111
Chart keys len: 1222
Chart items len: 3602

Parsing sen 2343
Parse did not finish:
- steps: 333495
- queue len: 503478
- attempted len: 20000383

Parsing sen 2345
Parsing steps: 36974 steps
Cky conversion steps: 91248 steps
Chart START items len: 6406
Chart keys len: 6897
Chart items len: 26127

Parsing sen 2347
Parse did not finish:
- steps: 52375
- queue len: 69120
- attempted len: 20000812

Parsing sen 2349
Parsing steps: 10596 steps
Cky conversion steps: 6030 steps
Chart START items len: 898
Chart keys len: 968
Chart items len: 3223

Parsing sen 2351
Parse did not finish:
- steps: 79132
- queue len: 109237
- attempted len: 20000297

Parsing sen 2357
Parse did not finish:
- steps: 147757
- queue len: 148425
- attempted len: 20000471

Parsing sen 2360
Parsing steps: 18700 steps
Cky conversion steps: 61794 steps
Chart START items len: 2841
Chart keys len: 2920
Chart items len: 13054

Parsing sen 2362
Parse did not finish:
- steps: 87009
- queue len: 75154
- attempted len: 20000287

Parsing sen 2366
Parsing steps: 2690 steps
Cky conversion steps: 1013 steps
Chart START items len: 107
Chart keys len: 144
Chart items len: 396

Parsing sen 2367
Parsing steps: 3815 steps
Cky conversion steps: 11742 steps
Chart START items len: 520
Chart keys len: 548
Chart items len: 2326

Parsing sen 2368
Parsing steps: 7711 steps
Cky conversion steps: 3962 steps
Chart START items len: 432
Chart keys len: 524
Chart items len: 1678

Parsing sen 2370
Parsing steps: 1576 steps
Cky conversion steps: 1709 steps
Chart START items len: 137
Chart keys len: 151
Chart items len: 502

Parsing sen 2371
Parsing steps: 48494 steps
Cky conversion steps: 30743 steps
Chart START items len: 3037
Chart keys len: 3546
Chart items len: 11871

Parsing sen 2374
Parsing steps: 82160 steps
Cky conversion steps: 404957 steps
Chart START items len: 17437
Chart keys len: 17836
Chart items len: 75086

Parsing sen 2377
Parsing steps: 1453 steps
Cky conversion steps: 3374 steps
Chart START items len: 167
Chart keys len: 176
Chart items len: 671

Parsing sen 2378
Parsing steps: 2616 steps
Cky conversion steps: 1554 steps
Chart START items len: 174
Chart keys len: 224
Chart items len: 641

Parsing sen 2380
Parsing steps: 89240 steps
Cky conversion steps: 1720 steps
Chart START items len: 138
Chart keys len: 233
Chart items len: 583

Parsing sen 2382
Parsing steps: 378 steps
Cky conversion steps: 46 steps
Chart START items len: 6
Chart keys len: 7
Chart items len: 16

Parsing sen 2383
Parsing steps: 34182 steps
Cky conversion steps: 30057 steps
Chart START items len: 2090
Chart keys len: 2268
Chart items len: 8266

Parsing sen 2385
Parsing steps: 2999 steps
Cky conversion steps: 322 steps
Chart START items len: 40
Chart keys len: 48
Chart items len: 129

Parsing sen 2387
Parse did not finish:
- steps: 49908
- queue len: 41639
- attempted len: 20000598

Parsing sen 2388
Parse did not finish:
- steps: 131405
- queue len: 192798
- attempted len: 20000070

Parsing sen 2392
Parse did not finish:
- steps: 76899
- queue len: 22200
- attempted len: 20000181

Parsing sen 2394
Parse did not finish:
- steps: 107444
- queue len: 141145
- attempted len: 20000640

Parsing sen 2397
Parsing steps: 3543 steps
Cky conversion steps: 17924 steps
Chart START items len: 915
Chart keys len: 936
Chart items len: 4099

Parsing sen 2399
Parsing steps: 45840 steps
Cky conversion steps: 621250 steps
Chart START items len: 15955
Chart keys len: 16025
Chart items len: 77935

Parsing sen 2400
Parsing steps: 7078 steps
Cky conversion steps: 818 steps
Chart START items len: 117
Chart keys len: 132
Chart items len: 407

Parsing sen 2401
Parse did not finish:
- steps: 103509
- queue len: 68954
- attempted len: 20001087

Parsing sen 2404
Parsing steps: 18020 steps
Cky conversion steps: 137963 steps
Chart START items len: 4498
Chart keys len: 4564
Chart items len: 21065

Parsing sen 2405
Parsing steps: 100809 steps
Cky conversion steps: 256630 steps
Chart START items len: 22202
Chart keys len: 22592
Chart items len: 103263

Parsing sen 2406
Parse did not finish:
- steps: 528567
- queue len: 643960
- attempted len: 20000193

Parsing sen 2412
Parsing steps: 19682 steps
Cky conversion steps: 197086 steps
Chart START items len: 6138
Chart keys len: 6191
Chart items len: 28970

Parsing sen 2413
Parse did not finish:
- steps: 123038
- queue len: 129116
- attempted len: 20000617

Parsing sen 2416
Parsing steps: 2064 steps
Cky conversion steps: 996 steps
Chart START items len: 150
Chart keys len: 162
Chart items len: 529

Parsing sen 2418
Parsing steps: 13003 steps
Cky conversion steps: 212 steps
Chart START items len: 20
Chart keys len: 30
Chart items len: 74

Parsing sen 2419
Parsing steps: 21595 steps
Cky conversion steps: 164393 steps
Chart START items len: 5383
Chart keys len: 5445
Chart items len: 23364

Parsing sen 2420
Parsing steps: 56443 steps
Cky conversion steps: 311276 steps
Chart START items len: 14503
Chart keys len: 14713
Chart items len: 64517

Parsing sen 2422
Parse did not finish:
- steps: 420028
- queue len: 795363
- attempted len: 20000094

Parsing sen 2425
Parse did not finish:
- steps: 82192
- queue len: 121897
- attempted len: 20001020

Parsing sen 2431
Parsing steps: 14078 steps
Cky conversion steps: 46488 steps
Chart START items len: 1919
Chart keys len: 2034
Chart items len: 8041

Parsing sen 2432
Parse did not finish:
- steps: 214053
- queue len: 216740
- attempted len: 20000419

Parsing sen 2434
Parsing steps: 53667 steps
Cky conversion steps: 216416 steps
Chart START items len: 9232
Chart keys len: 9682
Chart items len: 43727

Parsing sen 2435
Parse did not finish:
- steps: 50894
- queue len: 33468
- attempted len: 20000990

Parsing sen 2439
Parse did not finish:
- steps: 83363
- queue len: 50845
- attempted len: 20001425

Parsing sen 2443
Parsing steps: 38382 steps
Cky conversion steps: 337562 steps
Chart START items len: 10982
Chart keys len: 11103
Chart items len: 54391

Parsing sen 2447
Parsing steps: 29648 steps
Cky conversion steps: 251092 steps
Chart START items len: 8863
Chart keys len: 8942
Chart items len: 43087

Parsing sen 2448
Parsing steps: 835 steps
Cky conversion steps: 164 steps
Chart START items len: 16
Chart keys len: 21
Chart items len: 53

Parsing sen 2449
Parsing steps: 2595 steps
Cky conversion steps: 7282 steps
Chart START items len: 438
Chart keys len: 460
Chart items len: 1791

Parsing sen 2451
Parse did not finish:
- steps: 70599
- queue len: 94276
- attempted len: 20000291

Parsing sen 2453
Parsing steps: 2833 steps
Cky conversion steps: 358 steps
Chart START items len: 50
Chart keys len: 65
Chart items len: 161

Parsing sen 2456
Parse did not finish:
- steps: 57496
- queue len: 37607
- attempted len: 20000782

Parsing sen 2459
Parsing steps: 33614 steps
Cky conversion steps: 171456 steps
Chart START items len: 8148
Chart keys len: 8492
Chart items len: 41602

Parsing sen 2462
Parsing steps: 5891 steps
Cky conversion steps: 11189 steps
Chart START items len: 921
Chart keys len: 1007
Chart items len: 4101

Parsing sen 2466
Parsing steps: 111221 steps
Cky conversion steps: 606716 steps
Chart START items len: 28431
Chart keys len: 28947
Chart items len: 149104

Parsing sen 2467
Parse did not finish:
- steps: 62642
- queue len: 38912
- attempted len: 20000075

Parsing sen 2468
Parse did not finish:
- steps: 168531
- queue len: 315438
- attempted len: 20000114

Parsing sen 2469
Parse did not finish:
- steps: 270371
- queue len: 1184960
- attempted len: 20000015

Parsing sen 2473
Parse did not finish:
- steps: 55477
- queue len: 26479
- attempted len: 20000623

Parsing sen 2477
Parsing steps: 1755 steps
Cky conversion steps: 607 steps
Chart START items len: 91
Chart keys len: 99
Chart items len: 320

Parsing sen 2478
Parsing steps: 275831 steps
Cky conversion steps: 1037614 steps
Chart START items len: 55146
Chart keys len: 57106
Chart items len: 240913

Parsing sen 2483
Parse did not finish:
- steps: 82355
- queue len: 122764
- attempted len: 20000494

Parsing sen 2489
Parsing steps: 45706 steps
Cky conversion steps: 366395 steps
Chart START items len: 14206
Chart keys len: 14325
Chart items len: 68392

Parsing sen 2493
Parsing steps: 129046 steps
Cky conversion steps: 1622786 steps
Chart START items len: 49254
Chart keys len: 49412
Chart items len: 245384

Parsing sen 2495
Parse did not finish:
- steps: 67601
- queue len: 51065
- attempted len: 20000008

Parsing sen 2501
Parse did not finish:
- steps: 63137
- queue len: 78451
- attempted len: 20000529

Parsing sen 2507
Parsing steps: 158277 steps
Cky conversion steps: 1235072 steps
Chart START items len: 63158
Chart keys len: 63564
Chart items len: 319186

Parsing sen 2511
Parsing steps: 5802 steps
Cky conversion steps: 36738 steps
Chart START items len: 1517
Chart keys len: 1542
Chart items len: 6839

Parsing sen 2512
Parsing steps: 10415 steps
Cky conversion steps: 22744 steps
Chart START items len: 1613
Chart keys len: 1747
Chart items len: 7164

Parsing sen 2514
Parse did not finish:
- steps: 82987
- queue len: 17195
- attempted len: 20000512

Parsing sen 2516
Parse did not finish:
- steps: 56589
- queue len: 116623
- attempted len: 20000421

Parsing sen 2518
Parsing steps: 46459 steps
Cky conversion steps: 5003 steps
Chart START items len: 731
Chart keys len: 812
Chart items len: 2314

Parsing sen 2521
Parsing steps: 90828 steps
Cky conversion steps: 1057905 steps
Chart START items len: 33641
Chart keys len: 33784
Chart items len: 180977

Parsing sen 2524
Parsing steps: 13300 steps
Cky conversion steps: 48332 steps
Chart START items len: 2047
Chart keys len: 2157
Chart items len: 8646

Parsing sen 2525
Parse did not finish:
- steps: 114267
- queue len: 349729
- attempted len: 20000098

Parsing sen 2529
Parsing steps: 451467 steps
Cky conversion steps: 7014138 steps
Chart START items len: 170610
Chart keys len: 170918
Chart items len: 818634

Parsing sen 2531
Parse did not finish:
- steps: 97846
- queue len: 56841
- attempted len: 20000020

Parsing sen 2533
Parsing steps: 61191 steps
Cky conversion steps: 76397 steps
Chart START items len: 4054
Chart keys len: 5408
Chart items len: 19825

Parsing sen 2536
Parse did not finish:
- steps: 57434
- queue len: 92913
- attempted len: 20000554

Parsing sen 2540
Parsing steps: 27812 steps
Cky conversion steps: 68729 steps
Chart START items len: 7359
Chart keys len: 7548
Chart items len: 31307

Parsing sen 2544
Parsing steps: 4084 steps
Cky conversion steps: 3720 steps
Chart START items len: 229
Chart keys len: 251
Chart items len: 904

Parsing sen 2545
Parse did not finish:
- steps: 65273
- queue len: 37570
- attempted len: 20000282

Parsing sen 2553
Parsing steps: 2115 steps
Cky conversion steps: 361 steps
Chart START items len: 49
Chart keys len: 60
Chart items len: 164

Parsing sen 2554
Parse did not finish:
- steps: 80170
- queue len: 43592
- attempted len: 20000694

Parsing sen 2559
Parse did not finish:
- steps: 107874
- queue len: 71365
- attempted len: 20000143

Parsing sen 2565
Parse did not finish:
- steps: 252982
- queue len: 535342
- attempted len: 20000689

Parsing sen 2569
Parsing steps: 4009 steps
Cky conversion steps: 4239 steps
Chart START items len: 255
Chart keys len: 287
Chart items len: 943

Parsing sen 2570
Parsing steps: 1502 steps
Cky conversion steps: 5380 steps
Chart START items len: 238
Chart keys len: 248
Chart items len: 973

Parsing sen 2571
Parse did not finish:
- steps: 46344
- queue len: 30291
- attempted len: 20000986

Parsing sen 2572
Parse did not finish:
- steps: 70506
- queue len: 631566
- attempted len: 20000272

Parsing sen 2574
Parsing steps: 3848 steps
Cky conversion steps: 2972 steps
Chart START items len: 212
Chart keys len: 223
Chart items len: 826

Parsing sen 2575
Parse did not finish:
- steps: 149887
- queue len: 42357
- attempted len: 20000171

Parsing sen 2577
Parse did not finish:
- steps: 49598
- queue len: 75880
- attempted len: 20000517

Parsing sen 2580
Parsing steps: 2746 steps
Cky conversion steps: 9504 steps
Chart START items len: 389
Chart keys len: 404
Chart items len: 1635

Parsing sen 2581
Parsing steps: 19356 steps
Cky conversion steps: 41822 steps
Chart START items len: 1757
Chart keys len: 1807
Chart items len: 7320

Parsing sen 2584
Parsing steps: 10271 steps
Cky conversion steps: 54982 steps
Chart START items len: 2145
Chart keys len: 2185
Chart items len: 9726

Parsing sen 2585
Parsing steps: 2076 steps
Cky conversion steps: 478 steps
Chart START items len: 54
Chart keys len: 82
Chart items len: 192

Parsing sen 2586
Parsing steps: 61478 steps
Cky conversion steps: 564660 steps
Chart START items len: 21171
Chart keys len: 21304
Chart items len: 102736

Parsing sen 2587
Parsing steps: 14527 steps
Cky conversion steps: 10503 steps
Chart START items len: 1018
Chart keys len: 1338
Chart items len: 4230

Parsing sen 2588
Parsing steps: 4797 steps
Cky conversion steps: 3512 steps
Chart START items len: 337
Chart keys len: 378
Chart items len: 1346

Parsing sen 2590
Parse did not finish:
- steps: 85350
- queue len: 192248
- attempted len: 20000075

Parsing sen 2592
Parsing steps: 6395 steps
Cky conversion steps: 11649 steps
Chart START items len: 465
Chart keys len: 499
Chart items len: 1848

Parsing sen 2593
Parsing steps: 2507 steps
Cky conversion steps: 3822 steps
Chart START items len: 232
Chart keys len: 256
Chart items len: 997

Parsing sen 2594
Parsing steps: 23556 steps
Cky conversion steps: 90978 steps
Chart START items len: 5051
Chart keys len: 5164
Chart items len: 22268

Parsing sen 2596
Parsing steps: 3047 steps
Cky conversion steps: 3057 steps
Chart START items len: 355
Chart keys len: 392
Chart items len: 1474

Parsing sen 2597
Parse did not finish:
- steps: 59424
- queue len: 35488
- attempted len: 20000585

Parsing sen 2601
Parse did not finish:
- steps: 200671
- queue len: 106714
- attempted len: 20001697

Parsing sen 2605
Parse did not finish:
- steps: 129565
- queue len: 62167
- attempted len: 20000695

Parsing sen 2606
Parsing steps: 20515 steps
Cky conversion steps: 1093 steps
Chart START items len: 147
Chart keys len: 219
Chart items len: 516

Parsing sen 2610
Parse did not finish:
- steps: 84025
- queue len: 87894
- attempted len: 20000299

Parsing sen 2612
Parse did not finish:
- steps: 109371
- queue len: 114199
- attempted len: 20000319

Parsing sen 2613
Parse did not finish:
- steps: 53044
- queue len: 42315
- attempted len: 20000073

Parsing sen 2614
Parse did not finish:
- steps: 56096
- queue len: 33052
- attempted len: 20000001

Parsing sen 2617
Parsing steps: 9038 steps
Cky conversion steps: 1371 steps
Chart START items len: 188
Chart keys len: 221
Chart items len: 606

Parsing sen 2618
Parsing steps: 9809 steps
Cky conversion steps: 37761 steps
Chart START items len: 1813
Chart keys len: 1863
Chart items len: 7767

Parsing sen 2619
Parse did not finish:
- steps: 60498
- queue len: 84118
- attempted len: 20001727

Parsing sen 2620
Parsing steps: 21978 steps
Cky conversion steps: 128659 steps
Chart START items len: 6708
Chart keys len: 6774
Chart items len: 30189

Parsing sen 2622
Parse did not finish:
- steps: 123064
- queue len: 395973
- attempted len: 20000069

Parsing sen 2623
Parsing steps: 14122 steps
Cky conversion steps: 1461 steps
Chart START items len: 186
Chart keys len: 215
Chart items len: 691

Parsing sen 2626
Parsing steps: 187714 steps
Cky conversion steps: 181676 steps
Chart START items len: 23429
Chart keys len: 23723
Chart items len: 102190

Parsing sen 2630
Parsing steps: 107912 steps
Cky conversion steps: 738589 steps
Chart START items len: 28770
Chart keys len: 29314
Chart items len: 126738

Parsing sen 2632
Parsing steps: 322751 steps
Cky conversion steps: 2621790 steps
Chart START items len: 89009
Chart keys len: 89355
Chart items len: 439415

Parsing sen 2637
Parsing steps: 33502 steps
Cky conversion steps: 200947 steps
Chart START items len: 8518
Chart keys len: 8612
Chart items len: 38626

Parsing sen 2638
Parse did not finish:
- steps: 234281
- queue len: 510409
- attempted len: 20000033

Parsing sen 2640
Parse did not finish:
- steps: 342531
- queue len: 921647
- attempted len: 20000156

Parsing sen 2641
Parsing steps: 1825 steps
Cky conversion steps: 1446 steps
Chart START items len: 96
Chart keys len: 113
Chart items len: 364

Parsing sen 2642
Parsing steps: 56506 steps
Cky conversion steps: 314839 steps
Chart START items len: 12434
Chart keys len: 12572
Chart items len: 58968

Parsing sen 2644
Parse did not finish:
- steps: 47183
- queue len: 16561
- attempted len: 20000338

Parsing sen 2645
Parse did not finish:
- steps: 56454
- queue len: 71266
- attempted len: 20000284

Parsing sen 2650
Parsing steps: 3552 steps
Cky conversion steps: 20938 steps
Chart START items len: 672
Chart keys len: 681
Chart items len: 2928

Parsing sen 2651
Parsing steps: 14799 steps
Cky conversion steps: 19411 steps
Chart START items len: 1341
Chart keys len: 1482
Chart items len: 5177

Parsing sen 2653
Parse did not finish:
- steps: 63579
- queue len: 37926
- attempted len: 20001245

Parsing sen 2657
Parsing steps: 2607 steps
Cky conversion steps: 796 steps
Chart START items len: 76
Chart keys len: 102
Chart items len: 336

Parsing sen 2658
Parsing steps: 22220 steps
Cky conversion steps: 120213 steps
Chart START items len: 6466
Chart keys len: 6562
Chart items len: 30959

Parsing sen 2660
Parse did not finish:
- steps: 118904
- queue len: 103247
- attempted len: 20000695

Parsing sen 2663
Parsing steps: 17161 steps
Cky conversion steps: 160803 steps
Chart START items len: 4564
Chart keys len: 4607
Chart items len: 22130

Parsing sen 2664
Parsing steps: 51705 steps
Cky conversion steps: 408124 steps
Chart START items len: 16879
Chart keys len: 16991
Chart items len: 78335

Parsing sen 2666
Parsing steps: 25221 steps
Cky conversion steps: 97776 steps
Chart START items len: 5689
Chart keys len: 5837
Chart items len: 24426

Parsing sen 2668
Parsing steps: 22041 steps
Cky conversion steps: 111136 steps
Chart START items len: 5524
Chart keys len: 5648
Chart items len: 25016

Parsing sen 2670
Parsing steps: 9283 steps
Cky conversion steps: 10642 steps
Chart START items len: 704
Chart keys len: 842
Chart items len: 2852

Parsing sen 2671
Parse did not finish:
- steps: 163684
- queue len: 167242
- attempted len: 20000067

Parsing sen 2675
Parsing steps: 207236 steps
Cky conversion steps: 2837580 steps
Chart START items len: 87578
Chart keys len: 87850
Chart items len: 470341

Parsing sen 2677
Parse did not finish:
- steps: 123736
- queue len: 366512
- attempted len: 20000762

Parsing sen 2678
Parsing steps: 30068 steps
Cky conversion steps: 129726 steps
Chart START items len: 8114
Chart keys len: 8306
Chart items len: 36948

Parsing sen 2679
Parsing steps: 3142 steps
Cky conversion steps: 3795 steps
Chart START items len: 339
Chart keys len: 390
Chart items len: 1308

Parsing sen 2681
Parse did not finish:
- steps: 75899
- queue len: 47482
- attempted len: 20000392

Parsing sen 2684
Parsing steps: 158986 steps
Cky conversion steps: 1119115 steps
Chart START items len: 52538
Chart keys len: 52826
Chart items len: 253750

Parsing sen 2685
Parse did not finish:
- steps: 599682
- queue len: 317103
- attempted len: 20000037

Parsing sen 2686
Parsing steps: 17070 steps
Cky conversion steps: 19086 steps
Chart START items len: 1106
Chart keys len: 1254
Chart items len: 4348

Parsing sen 2687
Parse did not finish:
- steps: 50428
- queue len: 54337
- attempted len: 20000039

Parsing sen 2690
Parse did not finish:
- steps: 92585
- queue len: 128750
- attempted len: 20000723

Parsing sen 2693
Parse did not finish:
- steps: 58117
- queue len: 66035
- attempted len: 20001679

Parsing sen 2697
Parse did not finish:
- steps: 72344
- queue len: 108227
- attempted len: 20002303

Parsing sen 2700
Parse did not finish:
- steps: 55869
- queue len: 66980
- attempted len: 20002012

Parsing sen 2702
Parsing steps: 9314 steps
Cky conversion steps: 2028 steps
Chart START items len: 269
Chart keys len: 352
Chart items len: 903

Parsing sen 2703
Parse did not finish:
- steps: 65042
- queue len: 47635
- attempted len: 20001469

Parsing sen 2704
Parse did not finish:
- steps: 71495
- queue len: 218916
- attempted len: 20000214

Parsing sen 2707
Parse did not finish:
- steps: 67791
- queue len: 552613
- attempted len: 20000213

Parsing sen 2711
Parse did not finish:
- steps: 223464
- queue len: 747170
- attempted len: 20000130

Parsing sen 2713
Parsing steps: 12089 steps
Cky conversion steps: 62752 steps
Chart START items len: 2809
Chart keys len: 2860
Chart items len: 12489

Parsing sen 2714
Parsing steps: 428776 steps
Cky conversion steps: 4463204 steps
Chart START items len: 146915
Chart keys len: 147427
Chart items len: 685022

Parsing sen 2715
Parsing steps: 64811 steps
Cky conversion steps: 467073 steps
Chart START items len: 16415
Chart keys len: 16543
Chart items len: 79326

Parsing sen 2717
Parse did not finish:
- steps: 89218
- queue len: 61373
- attempted len: 20000790

Parsing sen 2721
Parsing steps: 52701 steps
Cky conversion steps: 41434 steps
Chart START items len: 3791
Chart keys len: 4926
Chart items len: 14415

Parsing sen 2722
Parsing steps: 18285 steps
Cky conversion steps: 5295 steps
Chart START items len: 428
Chart keys len: 554
Chart items len: 1578

Parsing sen 2723
Parsing steps: 16535 steps
Cky conversion steps: 74707 steps
Chart START items len: 4219
Chart keys len: 4355
Chart items len: 25670

Parsing sen 2728
Parse did not finish:
- steps: 100602
- queue len: 19503
- attempted len: 20000816

Parsing sen 2730
Parsing steps: 29584 steps
Cky conversion steps: 162549 steps
Chart START items len: 6453
Chart keys len: 6559
Chart items len: 28578

Parsing sen 2733
Parsing steps: 2644 steps
Cky conversion steps: 3722 steps
Chart START items len: 286
Chart keys len: 318
Chart items len: 1124

Parsing sen 2734
Parse did not finish:
- steps: 82737
- queue len: 82732
- attempted len: 20000533

Parsing sen 2735
Parsing steps: 4349 steps
Cky conversion steps: 16713 steps
Chart START items len: 852
Chart keys len: 881
Chart items len: 3711

Parsing sen 2736
Parsing steps: 1145 steps
Cky conversion steps: 1098 steps
Chart START items len: 59
Chart keys len: 65
Chart items len: 213

Parsing sen 2737
Parsing steps: 823 steps
Cky conversion steps: 377 steps
Chart START items len: 29
Chart keys len: 32
Chart items len: 98

Parsing sen 2739
Parsing steps: 9653 steps
Cky conversion steps: 3260 steps
Chart START items len: 341
Chart keys len: 420
Chart items len: 1263

Parsing sen 2740
Parsing steps: 107708 steps
Cky conversion steps: 936341 steps
Chart START items len: 35984
Chart keys len: 36260
Chart items len: 173464

Parsing sen 2742
Parsing steps: 180699 steps
Cky conversion steps: 1083466 steps
Chart START items len: 46048
Chart keys len: 46709
Chart items len: 204516

Parsing sen 2743
Parsing steps: 73333 steps
Cky conversion steps: 21108 steps
Chart START items len: 2555
Chart keys len: 3174
Chart items len: 8958

Parsing sen 2744
Parsing steps: 34785 steps
Cky conversion steps: 221629 steps
Chart START items len: 8399
Chart keys len: 8627
Chart items len: 37970

Parsing sen 2748
Parsing steps: 8516 steps
Cky conversion steps: 30589 steps
Chart START items len: 1421
Chart keys len: 1457
Chart items len: 6283

Parsing sen 2749
Parsing steps: 13433 steps
Cky conversion steps: 86895 steps
Chart START items len: 3764
Chart keys len: 3811
Chart items len: 18362

Parsing sen 2750
Parsing steps: 23195 steps
Cky conversion steps: 42381 steps
Chart START items len: 2682
Chart keys len: 2958
Chart items len: 11038

Parsing sen 2751
Parsing steps: 12462 steps
Cky conversion steps: 58017 steps
Chart START items len: 2562
Chart keys len: 2616
Chart items len: 11829

Parsing sen 2752
Parsing steps: 153168 steps
Cky conversion steps: 348419 steps
Chart START items len: 40447
Chart keys len: 40955
Chart items len: 170662

Parsing sen 2756
Parsing steps: 3589 steps
Cky conversion steps: 2916 steps
Chart START items len: 193
Chart keys len: 235
Chart items len: 776

Parsing sen 2757
Parsing steps: 14253 steps
Cky conversion steps: 8959 steps
Chart START items len: 1282
Chart keys len: 1343
Chart items len: 4672

Parsing sen 2758
Parsing steps: 43978 steps
Cky conversion steps: 17440 steps
Chart START items len: 1002
Chart keys len: 1072
Chart items len: 4315

Parsing sen 2761
Parsing steps: 2752 steps
Cky conversion steps: 1512 steps
Chart START items len: 151
Chart keys len: 197
Chart items len: 575

Parsing sen 2764
Parsing steps: 34625 steps
Cky conversion steps: 168516 steps
Chart START items len: 9216
Chart keys len: 9420
Chart items len: 40915

Parsing sen 2766
Parsing steps: 912 steps
Cky conversion steps: 408 steps
Chart START items len: 47
Chart keys len: 55
Chart items len: 166

Parsing sen 2767
Parsing steps: 246 steps
Cky conversion steps: 19 steps
Chart START items len: 2
Chart keys len: 3
Chart items len: 5

Parsing sen 2768
Parsing steps: 6098 steps
Cky conversion steps: 9208 steps
Chart START items len: 766
Chart keys len: 913
Chart items len: 3290

Parsing sen 2773
Parsing steps: 4350 steps
Cky conversion steps: 4199 steps
Chart START items len: 370
Chart keys len: 457
Chart items len: 1541

Parsing sen 2775
Parsing steps: 53209 steps
Cky conversion steps: 348943 steps
Chart START items len: 14479
Chart keys len: 14606
Chart items len: 66757

Parsing sen 2777
Parsing steps: 75480 steps
Cky conversion steps: 188772 steps
Chart START items len: 13064
Chart keys len: 14202
Chart items len: 57253

Parsing sen 2779
Parsing steps: 1208 steps
Cky conversion steps: 1619 steps
Chart START items len: 150
Chart keys len: 158
Chart items len: 574

Parsing sen 2781
Parsing steps: 1423 steps
Cky conversion steps: 514 steps
Chart START items len: 50
Chart keys len: 65
Chart items len: 215

Parsing sen 2782
Parsing steps: 9363 steps
Cky conversion steps: 38483 steps
Chart START items len: 1901
Chart keys len: 1983
Chart items len: 8535

Parsing sen 2783
Parse did not finish:
- steps: 77109
- queue len: 185643
- attempted len: 20000299

Parsing sen 2790
Parsing steps: 13914 steps
Cky conversion steps: 8536 steps
Chart START items len: 872
Chart keys len: 1255
Chart items len: 3316

Parsing sen 2792
Parsing steps: 21034 steps
Cky conversion steps: 18344 steps
Chart START items len: 1760
Chart keys len: 1991
Chart items len: 6880

Parsing sen 2798
Parsing steps: 1188 steps
Cky conversion steps: 167 steps
Chart START items len: 20
Chart keys len: 25
Chart items len: 63

Parsing sen 2799
Parsing steps: 5654 steps
Cky conversion steps: 11091 steps
Chart START items len: 1178
Chart keys len: 1264
Chart items len: 4824

Parsing sen 2801
Parsing steps: 10595 steps
Cky conversion steps: 79661 steps
Chart START items len: 3525
Chart keys len: 3566
Chart items len: 16451

Parsing sen 2803
Parsing steps: 7926 steps
Cky conversion steps: 1414 steps
Chart START items len: 178
Chart keys len: 216
Chart items len: 599

Parsing sen 2804
Parsing steps: 39036 steps
Cky conversion steps: 4751 steps
Chart START items len: 690
Chart keys len: 746
Chart items len: 2173

Parsing sen 2805
Parsing steps: 11918 steps
Cky conversion steps: 68384 steps
Chart START items len: 3296
Chart keys len: 3377
Chart items len: 14977

Parsing sen 2807
Parsing steps: 28750 steps
Cky conversion steps: 2021 steps
Chart START items len: 110
Chart keys len: 117
Chart items len: 409

Parsing sen 2808
Parse did not finish:
- steps: 351958
- queue len: 395816
- attempted len: 20000007

Parsing sen 2810
Parsing steps: 52123 steps
Cky conversion steps: 56729 steps
Chart START items len: 5068
Chart keys len: 6376
Chart items len: 22554

Parsing sen 2814
Parsing steps: 1121771 steps
Cky conversion did not finish:
- steps: 12146305

Parsing sen 2818
Parsing steps: 23969 steps
Cky conversion steps: 10291 steps
Chart START items len: 1087
Chart keys len: 1564
Chart items len: 4153

Parsing sen 2819
Parsing steps: 123319 steps
Cky conversion steps: 165226 steps
Chart START items len: 14881
Chart keys len: 15656
Chart items len: 57371

Parsing sen 2822
Parsing steps: 29450 steps
Cky conversion steps: 19374 steps
Chart START items len: 2956
Chart keys len: 3050
Chart items len: 11072

Parsing sen 2823
Parsing steps: 31673 steps
Cky conversion steps: 34384 steps
Chart START items len: 3694
Chart keys len: 4868
Chart items len: 17838

Parsing sen 2829
Parsing steps: 574607 steps
Cky conversion steps: 9410364 steps
Chart START items len: 244493
Chart keys len: 244675
Chart items len: 1177336

Parsing sen 2831
Parsing steps: 61605 steps
Cky conversion steps: 425185 steps
Chart START items len: 16686
Chart keys len: 16801
Chart items len: 74653

Parsing sen 2832
Parsing steps: 46199 steps
Cky conversion steps: 85819 steps
Chart START items len: 5512
Chart keys len: 6057
Chart items len: 22349

Parsing sen 2836
Parse did not finish:
- steps: 50407
- queue len: 62221
- attempted len: 20000083

Parsing sen 2837
Parsing steps: 4232 steps
Cky conversion steps: 620 steps
Chart START items len: 64
Chart keys len: 88
Chart items len: 227

Parsing sen 2838
Parsing steps: 4902 steps
Cky conversion steps: 3701 steps
Chart START items len: 272
Chart keys len: 284
Chart items len: 1075

Parsing sen 2839
Parsing steps: 17919 steps
Cky conversion steps: 3328 steps
Chart START items len: 258
Chart keys len: 349
Chart items len: 1100

Parsing sen 2842
Parsing steps: 29844 steps
Cky conversion steps: 44863 steps
Chart START items len: 2590
Chart keys len: 2992
Chart items len: 9860

Parsing sen 2843
Parsing steps: 4873 steps
Cky conversion steps: 173 steps
Chart START items len: 14
Chart keys len: 26
Chart items len: 56

Parsing sen 2844
Parse did not finish:
- steps: 75707
- queue len: 74154
- attempted len: 20001097

Parsing sen 2847
Parsing steps: 28124 steps
Cky conversion steps: 33283 steps
Chart START items len: 1834
Chart keys len: 1904
Chart items len: 7587

Parsing sen 2848
Parse did not finish:
- steps: 187749
- queue len: 139188
- attempted len: 20000298

Parsing sen 2849
Parsing steps: 3319 steps
Cky conversion steps: 10204 steps
Chart START items len: 418
Chart keys len: 436
Chart items len: 1822

Parsing sen 2850
Parse did not finish:
- steps: 378549
- queue len: 265932
- attempted len: 20000180

Parsing sen 2852
Parsing steps: 4521 steps
Cky conversion steps: 16184 steps
Chart START items len: 804
Chart keys len: 833
Chart items len: 3630

Parsing sen 2853
Parsing steps: 39031 steps
Cky conversion steps: 2653 steps
Chart START items len: 344
Chart keys len: 404
Chart items len: 1144

Parsing sen 2855
Parsing steps: 4020 steps
Cky conversion steps: 841 steps
Chart START items len: 108
Chart keys len: 128
Chart items len: 356

Parsing sen 2856
Parse did not finish:
- steps: 166474
- queue len: 73186
- attempted len: 20000139

Parsing sen 2859
Parsing steps: 12452 steps
Cky conversion steps: 5703 steps
Chart START items len: 673
Chart keys len: 765
Chart items len: 2447

Parsing sen 2861
Parsing steps: 447 steps
Cky conversion steps: 7 steps
Chart START items len: 1
Chart keys len: 2
Chart items len: 2

Parsing sen 2862
Parse did not finish:
- steps: 80330
- queue len: 35287
- attempted len: 20000362

Parsing sen 2863
Parsing steps: 27122 steps
Cky conversion steps: 42983 steps
Chart START items len: 2729
Chart keys len: 3211
Chart items len: 10355

Parsing sen 2865
Parsing steps: 4187 steps
Cky conversion steps: 2016 steps
Chart START items len: 200
Chart keys len: 274
Chart items len: 748

Parsing sen 2866
Parsing steps: 8087 steps
Cky conversion steps: 4129 steps
Chart START items len: 399
Chart keys len: 548
Chart items len: 1493

Parsing sen 2867
Parsing steps: 70979 steps
Cky conversion steps: 625131 steps
Chart START items len: 19142
Chart keys len: 19375
Chart items len: 95169

Parsing sen 2871
Parse did not finish:
- steps: 79173
- queue len: 146746
- attempted len: 20000889

Parsing sen 2875
Parse did not finish:
- steps: 57737
- queue len: 39470
- attempted len: 20001335

Parsing sen 2878
Parsing steps: 2292 steps
Cky conversion steps: 3208 steps
Chart START items len: 239
Chart keys len: 255
Chart items len: 943

Parsing sen 2879
Parse did not finish:
- steps: 60167
- queue len: 51263
- attempted len: 20000533

Parsing sen 2881
Parse did not finish:
- steps: 162423
- queue len: 205982
- attempted len: 20000124

Parsing sen 2885
Parse did not finish:
- steps: 1047412
- queue len: 472753
- attempted len: 20000071

Parsing sen 2888
Parse did not finish:
- steps: 75204
- queue len: 125252
- attempted len: 20000103

Parsing sen 2892
Parse did not finish:
- steps: 216863
- queue len: 308038
- attempted len: 20000494

Parsing sen 2895
Parsing steps: 71654 steps
Cky conversion steps: 167234 steps
Chart START items len: 9893
Chart keys len: 10933
Chart items len: 40522

Parsing sen 2899
Parse did not finish:
- steps: 109390
- queue len: 47027
- attempted len: 20001759

Parsing sen 2903
Parsing steps: 52676 steps
Cky conversion steps: 258380 steps
Chart START items len: 12284
Chart keys len: 12513
Chart items len: 52904

Parsing sen 2905
Parsing steps: 163282 steps
Cky conversion steps: 1481533 steps
Chart START items len: 39483
Chart keys len: 39708
Chart items len: 176628

Parsing sen 2906
Parse did not finish:
- steps: 56397
- queue len: 71158
- attempted len: 20000481

Parsing sen 2910
Parsing steps: 13845 steps
Cky conversion steps: 9068 steps
Chart START items len: 769
Chart keys len: 995
Chart items len: 2880

Parsing sen 2911
Parse did not finish:
- steps: 69827
- queue len: 37160
- attempted len: 20000380

Parsing sen 2913
Parse did not finish:
- steps: 68288
- queue len: 30316
- attempted len: 20000051

Parsing sen 2915
Parsing steps: 160016 steps
Cky conversion steps: 648467 steps
Chart START items len: 33344
Chart keys len: 34327
Chart items len: 157742

Parsing sen 2917
Parsing steps: 6833 steps
Cky conversion steps: 1342 steps
Chart START items len: 151
Chart keys len: 224
Chart items len: 544

Parsing sen 2918
Parsing steps: 25839 steps
Cky conversion steps: 48269 steps
Chart START items len: 3249
Chart keys len: 3766
Chart items len: 13625

Parsing sen 2919
Parsing steps: 54258 steps
Cky conversion steps: 756550 steps
Chart START items len: 17916
Chart keys len: 17989
Chart items len: 89196

Parsing sen 2920
Parsing steps: 78571 steps
Cky conversion steps: 195940 steps
Chart START items len: 12368
Chart keys len: 12902
Chart items len: 49983

Parsing sen 2921
Parsing steps: 7932 steps
Cky conversion steps: 19298 steps
Chart START items len: 1068
Chart keys len: 1133
Chart items len: 4730

Parsing sen 2922
Parse did not finish:
- steps: 413393
- queue len: 128864
- attempted len: 20000033

Parsing sen 2925
Parse did not finish:
- steps: 129766
- queue len: 102560
- attempted len: 20000270

Parsing sen 2928
Parsing steps: 2889 steps
Cky conversion steps: 4612 steps
Chart START items len: 266
Chart keys len: 286
Chart items len: 1041

Parsing sen 2930
Parse did not finish:
- steps: 51871
- queue len: 65961
- attempted len: 20000541

Parsing sen 2932
Parse did not finish:
- steps: 94789
- queue len: 108482
- attempted len: 20001454

Parsing sen 2933
Parsing steps: 44678 steps
Cky conversion steps: 36563 steps
Chart START items len: 2767
Chart keys len: 3205
Chart items len: 10399

Parsing sen 2938
Parsing steps: 49697 steps
Cky conversion steps: 101840 steps
Chart START items len: 6432
Chart keys len: 6871
Chart items len: 26705

Parsing sen 2942
Parsing steps: 5865 steps
Cky conversion steps: 2263 steps
Chart START items len: 220
Chart keys len: 275
Chart items len: 879

Parsing sen 2944
Parsing steps: 86347 steps
Cky conversion steps: 20463 steps
Chart START items len: 2276
Chart keys len: 2458
Chart items len: 7389

Parsing sen 2945
Parse did not finish:
- steps: 120959
- queue len: 418456
- attempted len: 20000068

Parsing sen 2948
Parsing steps: 21922 steps
Cky conversion steps: 11648 steps
Chart START items len: 1357
Chart keys len: 1443
Chart items len: 4892

Parsing sen 2949
Parsing steps: 43968 steps
Cky conversion steps: 417016 steps
Chart START items len: 13000
Chart keys len: 13119
Chart items len: 58893

Parsing sen 2950
Parse did not finish:
- steps: 80606
- queue len: 60768
- attempted len: 20001214

Parsing sen 2952
Parse did not finish:
- steps: 1167442
- queue len: 701462
- attempted len: 20000017

Parsing sen 2954
Parsing steps: 16626 steps
Cky conversion steps: 87768 steps
Chart START items len: 3431
Chart keys len: 3521
Chart items len: 16425

Parsing sen 2956
Parsing steps: 53577 steps
Cky conversion steps: 294184 steps
Chart START items len: 12733
Chart keys len: 13004
Chart items len: 56390

Parsing sen 2959
Parse did not finish:
- steps: 71371
- queue len: 78266
- attempted len: 20000196

Parsing sen 2963
Parse did not finish:
- steps: 67281
- queue len: 136707
- attempted len: 20000783

Parsing sen 2968
Parse did not finish:
- steps: 204268
- queue len: 276516
- attempted len: 20000204

Parsing sen 2969
Parse did not finish:
- steps: 134460
- queue len: 40189
- attempted len: 20000002

Parsing sen 2972
Parse did not finish:
- steps: 62111
- queue len: 214664
- attempted len: 20001657

Parsing sen 2973
Parsing steps: 7456 steps
Cky conversion steps: 41961 steps
Chart START items len: 1969
Chart keys len: 2022
Chart items len: 8867

Parsing sen 2976
Parsing steps: 4772 steps
Cky conversion steps: 7912 steps
Chart START items len: 416
Chart keys len: 469
Chart items len: 1724

Parsing sen 2977
Parsing steps: 43854 steps
Cky conversion steps: 14814 steps
Chart START items len: 1706
Chart keys len: 2081
Chart items len: 5962

Parsing sen 2978
Parse did not finish:
- steps: 138854
- queue len: 40717
- attempted len: 20000356

Parsing sen 2980
Parsing steps: 5357 steps
Cky conversion steps: 16269 steps
Chart START items len: 932
Chart keys len: 965
Chart items len: 3726

Parsing sen 2981
Parsing steps: 641885 steps
Cky conversion steps: 10802892 steps
Chart START items len: 286999
Chart keys len: 287131
Chart items len: 1449781

Parsing sen 2987
Parsing steps: 9511 steps
Cky conversion steps: 60475 steps
Chart START items len: 2075
Chart keys len: 2114
Chart items len: 9600

Parsing sen 2988
Parse did not finish:
- steps: 100686
- queue len: 135137
- attempted len: 20000724

Parsing sen 2990
Parse did not finish:
- steps: 94606
- queue len: 56265
- attempted len: 20000337

Parsing sen 2995
Parse did not finish:
- steps: 87682
- queue len: 135295
- attempted len: 20000771

Parsing sen 2999
Parsing steps: 1128 steps
Cky conversion steps: 2300 steps
Chart START items len: 133
Chart keys len: 139
Chart items len: 512

Parsing sen 3001
Parsing steps: 536 steps
Cky conversion steps: 90 steps
Chart START items len: 12
Chart keys len: 18
Chart items len: 37

Parsing sen 3002
Parsing steps: 8422 steps
Cky conversion steps: 15384 steps
Chart START items len: 1579
Chart keys len: 1701
Chart items len: 7771

Parsing sen 3003
Parsing steps: 1422 steps
Cky conversion steps: 1811 steps
Chart START items len: 151
Chart keys len: 165
Chart items len: 555

Parsing sen 3004
Parsing steps: 54714 steps
Cky conversion steps: 26777 steps
Chart START items len: 3693
Chart keys len: 3850
Chart items len: 13510

Parsing sen 3008
Parsing steps: 22636 steps
Cky conversion steps: 1759 steps
Chart START items len: 162
Chart keys len: 202
Chart items len: 600

Parsing sen 3010
Parsing steps: 1527 steps
Cky conversion steps: 599 steps
Chart START items len: 92
Chart keys len: 101
Chart items len: 320

Parsing sen 3011
Parsing steps: 10851 steps
Cky conversion steps: 12412 steps
Chart START items len: 1154
Chart keys len: 1216
Chart items len: 5248

Parsing sen 3013
Parsing steps: 4735 steps
Cky conversion steps: 6242 steps
Chart START items len: 430
Chart keys len: 474
Chart items len: 1787

Parsing sen 3015
Parsing steps: 72287 steps
Cky conversion steps: 312839 steps
Chart START items len: 18117
Chart keys len: 18887
Chart items len: 80086

Parsing sen 3016
Parsing steps: 614094 steps
Cky conversion steps: 8222226 steps
Chart START items len: 257226
Chart keys len: 257739
Chart items len: 1605780

Parsing sen 3021
Parsing steps: 64477 steps
Cky conversion steps: 381911 steps
Chart START items len: 12492
Chart keys len: 13019
Chart items len: 51727

Parsing sen 3022
Parse did not finish:
- steps: 178416
- queue len: 128166
- attempted len: 20000190

Parsing sen 3025
Parse did not finish:
- steps: 63371
- queue len: 42151
- attempted len: 20000799

Parsing sen 3028
Parse did not finish:
- steps: 66511
- queue len: 119260
- attempted len: 20000165

Parsing sen 3031
Parsing steps: 45309 steps
Cky conversion steps: 302399 steps
Chart START items len: 12969
Chart keys len: 13078
Chart items len: 59384

Parsing sen 3032
Parse did not finish:
- steps: 49174
- queue len: 81341
- attempted len: 20001224

Parsing sen 3036
Parsing steps: 18905 steps
Cky conversion steps: 108322 steps
Chart START items len: 7164
Chart keys len: 7254
Chart items len: 30887

Parsing sen 3040
Parsing steps: 9974 steps
Cky conversion steps: 3506 steps
Chart START items len: 464
Chart keys len: 570
Chart items len: 1676

Parsing sen 3041
Parsing steps: 128238 steps
Cky conversion steps: 1590448 steps
Chart START items len: 49923
Chart keys len: 50047
Chart items len: 244647

Parsing sen 3043
Parse did not finish:
- steps: 188234
- queue len: 804703
- attempted len: 20000447

Parsing sen 3046
Parse did not finish:
- steps: 71474
- queue len: 25651
- attempted len: 20000883

Parsing sen 3048
Parse did not finish:
- steps: 72429
- queue len: 24351
- attempted len: 20000376

Parsing sen 3049
Parsing steps: 168011 steps
Cky conversion steps: 97853 steps
Chart START items len: 15098
Chart keys len: 15830
Chart items len: 54852

Parsing sen 3050
Parsing steps: 5801 steps
Cky conversion steps: 15424 steps
Chart START items len: 747
Chart keys len: 782
Chart items len: 2888

Parsing sen 3051
Parsing steps: 226088 steps
Cky conversion steps: 2968310 steps
Chart START items len: 95615
Chart keys len: 95920
Chart items len: 459637

Parsing sen 3053
Parse did not finish:
- steps: 135038
- queue len: 248108
- attempted len: 20000268

Parsing sen 3054
Parsing steps: 1867 steps
Cky conversion steps: 2039 steps
Chart START items len: 123
Chart keys len: 137
Chart items len: 455

Parsing sen 3055
Parse did not finish:
- steps: 67793
- queue len: 78040
- attempted len: 20000548

Parsing sen 3058
Parsing steps: 37513 steps
Cky conversion steps: 90541 steps
Chart START items len: 4973
Chart keys len: 5333
Chart items len: 18972

Parsing sen 3059
Parse did not finish:
- steps: 349386
- queue len: 436364
- attempted len: 20000020

Parsing sen 3062
Parse did not finish:
- steps: 592191
- queue len: 129184
- attempted len: 20000254

Parsing sen 3064
Parse did not finish:
- steps: 63002
- queue len: 65651
- attempted len: 20000426

Parsing sen 3066
Parse did not finish:
- steps: 102344
- queue len: 35351
- attempted len: 20000269

Parsing sen 3067
Parsing steps: 47591 steps
Cky conversion steps: 181701 steps
Chart START items len: 11705
Chart keys len: 11988
Chart items len: 51710

Parsing sen 3070
Parse did not finish:
- steps: 182632
- queue len: 88404
- attempted len: 20000073

Parsing sen 3072
Parse did not finish:
- steps: 79318
- queue len: 207042
- attempted len: 20000913

Parsing sen 3077
Parsing steps: 22754 steps
Cky conversion steps: 64952 steps
Chart START items len: 3783
Chart keys len: 3925
Chart items len: 16240

Parsing sen 3082
Parse did not finish:
- steps: 61265
- queue len: 26585
- attempted len: 20001253

Parsing sen 3086
Parse did not finish:
- steps: 172791
- queue len: 57982
- attempted len: 20000039

Parsing sen 3087
Parse did not finish:
- steps: 214766
- queue len: 29749
- attempted len: 20000057

Parsing sen 3089
Parse did not finish:
- steps: 179583
- queue len: 863822
- attempted len: 20001331

Parsing sen 3094
Parse did not finish:
- steps: 96407
- queue len: 88575
- attempted len: 20000451

Parsing sen 3097
Parsing steps: 29282 steps
Cky conversion steps: 179785 steps
Chart START items len: 7675
Chart keys len: 7765
Chart items len: 35062

Parsing sen 3099
Parsing steps: 3424 steps
Cky conversion steps: 1689 steps
Chart START items len: 131
Chart keys len: 141
Chart items len: 506

Parsing sen 3100
Parsing steps: 67610 steps
Cky conversion steps: 1198556 steps
Chart START items len: 26629
Chart keys len: 26676
Chart items len: 128377

Parsing sen 3101
Parsing steps: 357767 steps
Cky conversion steps: 161183 steps
Chart START items len: 22746
Chart keys len: 22898
Chart items len: 90216

Parsing sen 3102
Parsing steps: 12788 steps
Cky conversion steps: 11332 steps
Chart START items len: 1363
Chart keys len: 1476
Chart items len: 5154

Parsing sen 3104
Parse did not finish:
- steps: 52858
- queue len: 47833
- attempted len: 20001154

Parsing sen 3108
Parsing steps: 41826 steps
Cky conversion steps: 388753 steps
Chart START items len: 14427
Chart keys len: 14568
Chart items len: 75561

Parsing sen 3112
Parse did not finish:
- steps: 376576
- queue len: 112953
- attempted len: 20000082

Parsing sen 3116
Parsing steps: 4588 steps
Cky conversion steps: 5097 steps
Chart START items len: 378
Chart keys len: 430
Chart items len: 1489

Parsing sen 3117
Parse did not finish:
- steps: 53865
- queue len: 64624
- attempted len: 20001206

Parsing sen 3125
Parse did not finish:
- steps: 69045
- queue len: 119143
- attempted len: 20000454

Parsing sen 3128
Parse did not finish:
- steps: 129650
- queue len: 611285
- attempted len: 20000935

Parsing sen 3132
Parse did not finish:
- steps: 61247
- queue len: 391045
- attempted len: 20001742

Parsing sen 3134
Parse did not finish:
- steps: 149013
- queue len: 108665
- attempted len: 20000215

Parsing sen 3139
Parse did not finish:
- steps: 203581
- queue len: 240527
- attempted len: 20000448

Parsing sen 3140
Parse did not finish:
- steps: 68382
- queue len: 118056
- attempted len: 20001819

Parsing sen 3147
Parsing steps: 98506 steps
Cky conversion steps: 645893 steps
Chart START items len: 39621
Chart keys len: 40114
Chart items len: 200866

Parsing sen 3154
Parse did not finish:
- steps: 111800
- queue len: 70446
- attempted len: 20000258

Parsing sen 3158
Parse did not finish:
- steps: 52737
- queue len: 44779
- attempted len: 20002541

Parsing sen 3159
Parse did not finish:
- steps: 551982
- queue len: 619630
- attempted len: 20000534

Parsing sen 3165
Parsing steps: 2320 steps
Cky conversion steps: 2537 steps
Chart START items len: 203
Chart keys len: 232
Chart items len: 769

Parsing sen 3167
Parsing steps: 15468 steps
Cky conversion steps: 61798 steps
Chart START items len: 5301
Chart keys len: 5455
Chart items len: 25701

Parsing sen 3171
Parse did not finish:
- steps: 69322
- queue len: 46476
- attempted len: 20001309

Parsing sen 3173
Parsing steps: 17273 steps
Cky conversion steps: 53071 steps
Chart START items len: 3776
Chart keys len: 3927
Chart items len: 16700

Parsing sen 3175
Parse did not finish:
- steps: 82699
- queue len: 93363
- attempted len: 20000539

Parsing sen 3179
Parsing steps: 978 steps
Cky conversion steps: 750 steps
Chart START items len: 52
Chart keys len: 61
Chart items len: 200

Parsing sen 3180
Parsing steps: 168882 steps
Cky conversion steps: 855935 steps
Chart START items len: 42349
Chart keys len: 43196
Chart items len: 183298

Parsing sen 3183
Parsing steps: 12415 steps
Cky conversion steps: 8482 steps
Chart START items len: 886
Chart keys len: 1227
Chart items len: 3674

Parsing sen 3186
Parse did not finish:
- steps: 67111
- queue len: 68126
- attempted len: 20000013

Parsing sen 3187
Parsing steps: 5100 steps
Cky conversion steps: 8174 steps
Chart START items len: 410
Chart keys len: 443
Chart items len: 1648

Parsing sen 3188
Parsing steps: 2073 steps
Cky conversion steps: 880 steps
Chart START items len: 96
Chart keys len: 110
Chart items len: 329

Parsing sen 3189
Parse did not finish:
- steps: 120087
- queue len: 16144
- attempted len: 20000183

Parsing sen 3191
Parsing steps: 282759 steps
Cky conversion steps: 1318220 steps
Chart START items len: 78023
Chart keys len: 78404
Chart items len: 324239

Parsing sen 3193
Parsing steps: 1000 steps
Cky conversion steps: 2075 steps
Chart START items len: 113
Chart keys len: 118
Chart items len: 439

Parsing sen 3194
Parse did not finish:
- steps: 85355
- queue len: 260180
- attempted len: 20000491

Parsing sen 3198
Parsing steps: 8327 steps
Cky conversion steps: 9848 steps
Chart START items len: 641
Chart keys len: 679
Chart items len: 2713

Parsing sen 3200
Parsing steps: 13416 steps
Cky conversion steps: 40554 steps
Chart START items len: 2133
Chart keys len: 2230
Chart items len: 9018

Parsing sen 3202
Parsing steps: 9107 steps
Cky conversion steps: 17211 steps
Chart START items len: 1207
Chart keys len: 1322
Chart items len: 4714

Parsing sen 3204
Parse did not finish:
- steps: 312290
- queue len: 545381
- attempted len: 20000075

Parsing sen 3206
Parsing steps: 11452 steps
Cky conversion steps: 126379 steps
Chart START items len: 3104
Chart keys len: 3130
Chart items len: 14013

Parsing sen 3207
Parsing steps: 13266 steps
Cky conversion steps: 43644 steps
Chart START items len: 2143
Chart keys len: 2276
Chart items len: 9645

Parsing sen 3209
Parsing steps: 4296 steps
Cky conversion steps: 12915 steps
Chart START items len: 849
Chart keys len: 890
Chart items len: 3770

Parsing sen 3210
Parse did not finish:
- steps: 129038
- queue len: 68747
- attempted len: 20000882

Parsing sen 3214
Parse did not finish:
- steps: 83045
- queue len: 121002
- attempted len: 20000422

Parsing sen 3216
Parsing steps: 5049 steps
Cky conversion steps: 19367 steps
Chart START items len: 951
Chart keys len: 978
Chart items len: 4050

Parsing sen 3217
Parsing steps: 34215 steps
Cky conversion steps: 109414 steps
Chart START items len: 5473
Chart keys len: 5613
Chart items len: 21609

Parsing sen 3219
Parsing steps: 111024 steps
Cky conversion steps: 1026462 steps
Chart START items len: 29180
Chart keys len: 29653
Chart items len: 133168

Parsing sen 3220
Parse did not finish:
- steps: 190704
- queue len: 903983
- attempted len: 20000350

Parsing sen 3222
Parsing steps: 1090 steps
Cky conversion steps: 3793 steps
Chart START items len: 139
Chart keys len: 143
Chart items len: 552

Parsing sen 3223
Parsing steps: 255149 steps
Cky conversion steps: 2026327 steps
Chart START items len: 95893
Chart keys len: 97094
Chart items len: 517455

Parsing sen 3230
Parse did not finish:
- steps: 182029
- queue len: 188351
- attempted len: 20000205

Parsing sen 3231
Parsing steps: 3048 steps
Cky conversion steps: 4547 steps
Chart START items len: 277
Chart keys len: 292
Chart items len: 1095

Parsing sen 3232
Parsing steps: 8140 steps
Cky conversion steps: 6517 steps
Chart START items len: 672
Chart keys len: 808
Chart items len: 2656

Parsing sen 3234
Parsing steps: 6910 steps
Cky conversion steps: 2484 steps
Chart START items len: 375
Chart keys len: 394
Chart items len: 1355

Parsing sen 3235
Parse did not finish:
- steps: 127675
- queue len: 230238
- attempted len: 20000302

Parsing sen 3238
Parsing steps: 8201 steps
Cky conversion steps: 38919 steps
Chart START items len: 2130
Chart keys len: 2184
Chart items len: 8989

Parsing sen 3240
Parse did not finish:
- steps: 174206
- queue len: 771590
- attempted len: 20000349

Parsing sen 3243
Parsing steps: 6956 steps
Cky conversion steps: 3738 steps
Chart START items len: 303
Chart keys len: 328
Chart items len: 1220

Parsing sen 3244
Parse did not finish:
- steps: 63881
- queue len: 40093
- attempted len: 20000893

Parsing sen 3252
Parsing steps: 66769 steps
Cky conversion steps: 375320 steps
Chart START items len: 17292
Chart keys len: 17680
Chart items len: 79736

Parsing sen 3256
Parsing steps: 12227 steps
Cky conversion steps: 29720 steps
Chart START items len: 1588
Chart keys len: 1686
Chart items len: 6495

Parsing sen 3257
Parsing steps: 7447 steps
Cky conversion steps: 5564 steps
Chart START items len: 592
Chart keys len: 741
Chart items len: 2323

Parsing sen 3261
Parse did not finish:
- steps: 142665
- queue len: 169043
- attempted len: 20000124

Parsing sen 3263
Parsing steps: 62624 steps
Cky conversion steps: 84115 steps
Chart START items len: 6188
Chart keys len: 7258
Chart items len: 25410

Parsing sen 3264
Parse did not finish:
- steps: 72931
- queue len: 40123
- attempted len: 20000088

Parsing sen 3267
Parsing steps: 9053 steps
Cky conversion steps: 2926 steps
Chart START items len: 387
Chart keys len: 410
Chart items len: 1457

Parsing sen 3268
Parsing steps: 220863 steps
Cky conversion steps: 2312128 steps
Chart START items len: 91794
Chart keys len: 91978
Chart items len: 479626

Parsing sen 3271
Parsing steps: 7893 steps
Cky conversion steps: 27187 steps
Chart START items len: 1618
Chart keys len: 1667
Chart items len: 7455

Parsing sen 3273
Parse did not finish:
- steps: 158339
- queue len: 133878
- attempted len: 20000102

Parsing sen 3276
Parse did not finish:
- steps: 109083
- queue len: 580479
- attempted len: 20001017

Parsing sen 3279
Parsing steps: 575 steps
Cky conversion steps: 220 steps
Chart START items len: 26
Chart keys len: 31
Chart items len: 89

Parsing sen 3280
Parse did not finish:
- steps: 54358
- queue len: 45927
- attempted len: 20000202

Parsing sen 3282
Parse did not finish:
- steps: 243835
- queue len: 92044
- attempted len: 20000672

Parsing sen 3285
Parsing steps: 34215 steps
Cky conversion steps: 18432 steps
Chart START items len: 2795
Chart keys len: 2898
Chart items len: 10339

Parsing sen 3288
Parsing steps: 24443 steps
Cky conversion steps: 12937 steps
Chart START items len: 1936
Chart keys len: 1984
Chart items len: 7192

Parsing sen 3290
Parsing steps: 36049 steps
Cky conversion steps: 1679 steps
Chart START items len: 198
Chart keys len: 223
Chart items len: 718

Parsing sen 3291
Parse did not finish:
- steps: 80254
- queue len: 124647
- attempted len: 20001481

Parsing sen 3292
Parsing steps: 29138 steps
Cky conversion steps: 46614 steps
Chart START items len: 3197
Chart keys len: 3708
Chart items len: 12210

Parsing sen 3293
Parsing steps: 9741 steps
Cky conversion steps: 55161 steps
Chart START items len: 1851
Chart keys len: 1898
Chart items len: 8197

Parsing sen 3294
Parsing steps: 20249 steps
Cky conversion steps: 10263 steps
Chart START items len: 1293
Chart keys len: 1584
Chart items len: 4654

Parsing sen 3295
Parsing steps: 19161 steps
Cky conversion steps: 82194 steps
Chart START items len: 3177
Chart keys len: 3297
Chart items len: 13534

Parsing sen 3296
Parsing steps: 129121 steps
Cky conversion steps: 21522 steps
Chart START items len: 3175
Chart keys len: 3605
Chart items len: 11412

Parsing sen 3299
Parsing steps: 1132 steps
Cky conversion steps: 170 steps
Chart START items len: 22
Chart keys len: 24
Chart items len: 64

Parsing sen 3301
Parsing steps: 28665 steps
Cky conversion steps: 201259 steps
Chart START items len: 7502
Chart keys len: 7592
Chart items len: 31841

Parsing sen 3302
Parsing steps: 36745 steps
Cky conversion steps: 15433 steps
Chart START items len: 656
Chart keys len: 668
Chart items len: 3187

Parsing sen 3304
Parse did not finish:
- steps: 92660
- queue len: 114575
- attempted len: 20000667

Parsing sen 3307
Parsing steps: 5283 steps
Cky conversion steps: 4008 steps
Chart START items len: 336
Chart keys len: 411
Chart items len: 1747

Parsing sen 3309
Parse did not finish:
- steps: 377632
- queue len: 328420
- attempted len: 20000024

Parsing sen 3313
Parsing steps: 2411 steps
Cky conversion steps: 480 steps
Chart START items len: 58
Chart keys len: 79
Chart items len: 204

Parsing sen 3314
Parsing steps: 282243 steps
Cky conversion steps: 3845340 steps
Chart START items len: 103254
Chart keys len: 103410
Chart items len: 496661

Parsing sen 3315
Parsing steps: 67315 steps
Cky conversion steps: 589541 steps
Chart START items len: 21362
Chart keys len: 21676
Chart items len: 105769

Parsing sen 3317
Parsing steps: 156532 steps
Cky conversion steps: 592228 steps
Chart START items len: 26737
Chart keys len: 27996
Chart items len: 114058

Parsing sen 3318
Parsing steps: 19842 steps
Cky conversion steps: 31774 steps
Chart START items len: 2018
Chart keys len: 2238
Chart items len: 8365

Parsing sen 3319
Parse did not finish:
- steps: 153964
- queue len: 832537
- attempted len: 20000225

Parsing sen 3326
Parse did not finish:
- steps: 173118
- queue len: 467943
- attempted len: 20000354

Parsing sen 3331
Parse did not finish:
- steps: 167126
- queue len: 57331
- attempted len: 20000186

Parsing sen 3334
Parse did not finish:
- steps: 105756
- queue len: 687521
- attempted len: 20001539

Parsing sen 3341
Parsing steps: 1627 steps
Cky conversion steps: 3512 steps
Chart START items len: 167
Chart keys len: 179
Chart items len: 739

Parsing sen 3342
Parse did not finish:
- steps: 129510
- queue len: 1361162
- attempted len: 20000208

Parsing sen 3346
Parse did not finish:
- steps: 102573
- queue len: 209533
- attempted len: 20000363

Parsing sen 3351
Parsing steps: 2260 steps
Cky conversion steps: 392 steps
Chart START items len: 50
Chart keys len: 60
Chart items len: 162

Parsing sen 3353
Parse did not finish:
- steps: 188320
- queue len: 194257
- attempted len: 20000117

Parsing sen 3357
Parsing steps: 359584 steps
Cky conversion steps: 4357408 steps
Chart START items len: 142782
Chart keys len: 143032
Chart items len: 738498

Parsing sen 3359
Parsing steps: 1893 steps
Cky conversion steps: 483 steps
Chart START items len: 51
Chart keys len: 70
Chart items len: 191

Parsing sen 3360
Parse did not finish:
- steps: 47462
- queue len: 40836
- attempted len: 20001387

Parsing sen 3363
Parsing steps: 2458 steps
Cky conversion steps: 2130 steps
Chart START items len: 167
Chart keys len: 188
Chart items len: 621

Parsing sen 3364
Parsing steps: 127543 steps
Cky conversion steps: 1046079 steps
Chart START items len: 42438
Chart keys len: 42835
Chart items len: 198406

Parsing sen 3366
Parse did not finish:
- steps: 77126
- queue len: 55029
- attempted len: 20000266

Parsing sen 3371
Parsing steps: 2294 steps
Cky conversion steps: 907 steps
Chart START items len: 91
Chart keys len: 120
Chart items len: 333

Parsing sen 3372
Parsing steps: 3270 steps
Cky conversion steps: 8302 steps
Chart START items len: 304
Chart keys len: 318
Chart items len: 1225

Parsing sen 3373
Parsing steps: 22878 steps
Cky conversion steps: 5483 steps
Chart START items len: 604
Chart keys len: 719
Chart items len: 2053

Parsing sen 3374
Parsing steps: 301555 steps
Cky conversion steps: 4691318 steps
Chart START items len: 116329
Chart keys len: 116613
Chart items len: 578979

Parsing sen 3376
Parsing steps: 1061 steps
Cky conversion steps: 652 steps
Chart START items len: 45
Chart keys len: 49
Chart items len: 156

Parsing sen 3378
Parse did not finish:
- steps: 69433
- queue len: 132157
- attempted len: 20000884

Parsing sen 3383
Parse did not finish:
- steps: 73775
- queue len: 314449
- attempted len: 20000565

Parsing sen 3386
Parsing steps: 3267 steps
Cky conversion steps: 1899 steps
Chart START items len: 251
Chart keys len: 275
Chart items len: 894

Parsing sen 3387
Parsing steps: 10940 steps
Cky conversion steps: 19458 steps
Chart START items len: 1120
Chart keys len: 1320
Chart items len: 5891

Parsing sen 3388
Parsing steps: 75179 steps
Cky conversion steps: 114439 steps
Chart START items len: 11313
Chart keys len: 11770
Chart items len: 45306

Parsing sen 3389
Parsing steps: 53635 steps
Cky conversion steps: 102143 steps
Chart START items len: 10592
Chart keys len: 10871
Chart items len: 38259

Parsing sen 3391
Parsing steps: 13424 steps
Cky conversion steps: 33234 steps
Chart START items len: 1858
Chart keys len: 2015
Chart items len: 7376

Parsing sen 3392
Parsing steps: 19653 steps
Cky conversion steps: 7735 steps
Chart START items len: 615
Chart keys len: 785
Chart items len: 2300

Parsing sen 3393
Parsing steps: 54853 steps
Cky conversion steps: 110197 steps
Chart START items len: 6980
Chart keys len: 7650
Chart items len: 30964

Parsing sen 3399
Parse did not finish:
- steps: 87749
- queue len: 82469
- attempted len: 20000191

Parsing sen 3400
Parse did not finish:
- steps: 193292
- queue len: 565117
- attempted len: 20000435

Parsing sen 3402
Parsing steps: 1768 steps
Cky conversion steps: 81 steps
Chart START items len: 10
Chart keys len: 11
Chart items len: 28

Parsing sen 3403
Parsing steps: 491 steps
Cky conversion steps: 34 steps
Chart START items len: 5
Chart keys len: 6
Chart items len: 15

Parsing sen 3404
Parse did not finish:
- steps: 75496
- queue len: 218429
- attempted len: 20000578

Parsing sen 3413
Parsing steps: 15728 steps
Cky conversion steps: 16399 steps
Chart START items len: 1672
Chart keys len: 1830
Chart items len: 6560

Parsing sen 3414
Parsing steps: 7653 steps
Cky conversion steps: 17295 steps
Chart START items len: 930
Chart keys len: 1008
Chart items len: 3823

Parsing sen 3416
Parse did not finish:
- steps: 218984
- queue len: 297954
- attempted len: 20000181

Parsing sen 3418
Parsing steps: 41373 steps
Cky conversion steps: 183078 steps
Chart START items len: 7726
Chart keys len: 7893
Chart items len: 35088

Parsing sen 3419
Parsing steps: 98264 steps
Cky conversion steps: 650391 steps
Chart START items len: 25512
Chart keys len: 25661
Chart items len: 111689

Parsing sen 3420
Parsing steps: 1093 steps
Cky conversion steps: 791 steps
Chart START items len: 58
Chart keys len: 68
Chart items len: 223

Parsing sen 3422
Parsing steps: 19923 steps
Cky conversion steps: 79871 steps
Chart START items len: 2984
Chart keys len: 3102
Chart items len: 14189

Parsing sen 3427
Parsing steps: 10825 steps
Cky conversion steps: 72783 steps
Chart START items len: 2435
Chart keys len: 2483
Chart items len: 11174

Parsing sen 3428
Parse did not finish:
- steps: 80573
- queue len: 44241
- attempted len: 20000827

Parsing sen 3430
Parsing steps: 77072 steps
Cky conversion steps: 919313 steps
Chart START items len: 27735
Chart keys len: 27850
Chart items len: 131088

Parsing sen 3432
Parse did not finish:
- steps: 326100
- queue len: 194749
- attempted len: 20000137

Parsing sen 3435
Parse did not finish:
- steps: 57708
- queue len: 33258
- attempted len: 20000232

Parsing sen 3436
Parsing steps: 4852 steps
Cky conversion steps: 11178 steps
Chart START items len: 520
Chart keys len: 550
Chart items len: 2200

Parsing sen 3437
Parse did not finish:
- steps: 109941
- queue len: 89179
- attempted len: 20000386

Parsing sen 3438
Parsing steps: 2261 steps
Cky conversion steps: 353 steps
Chart START items len: 39
Chart keys len: 49
Chart items len: 129

Parsing sen 3439
Parsing steps: 3211 steps
Cky conversion steps: 1981 steps
Chart START items len: 243
Chart keys len: 285
Chart items len: 922

Parsing sen 3443
Parse did not finish:
- steps: 135136
- queue len: 80614
- attempted len: 20000319

Parsing sen 3446
Parsing steps: 135817 steps
Cky conversion steps: 852725 steps
Chart START items len: 33741
Chart keys len: 34103
Chart items len: 152636

Parsing sen 3447
Parse did not finish:
- steps: 275573
- queue len: 388152
- attempted len: 20000844

Parsing sen 3452
Parse did not finish:
- steps: 93124
- queue len: 244465
- attempted len: 20000765

Parsing sen 3454
Parsing steps: 62588 steps
Cky conversion steps: 153557 steps
Chart START items len: 8648
Chart keys len: 9373
Chart items len: 39320

Parsing sen 3455
Parse did not finish:
- steps: 97869
- queue len: 662344
- attempted len: 20000325

Parsing sen 3461
Parsing steps: 100687 steps
Cky conversion steps: 3009 steps
Chart START items len: 206
Chart keys len: 249
Chart items len: 805

Parsing sen 3463
Parse did not finish:
- steps: 45469
- queue len: 16141
- attempted len: 20001247

Parsing sen 3464
Parsing steps: 6672 steps
Cky conversion steps: 3953 steps
Chart START items len: 400
Chart keys len: 486
Chart items len: 1610

Parsing sen 3466
Parse did not finish:
- steps: 148853
- queue len: 92301
- attempted len: 20000214

Parsing sen 3467
Parsing steps: 43464 steps
Cky conversion steps: 206615 steps
Chart START items len: 10268
Chart keys len: 10696
Chart items len: 44072

Parsing sen 3470
Parsing steps: 2552 steps
Cky conversion steps: 4733 steps
Chart START items len: 218
Chart keys len: 231
Chart items len: 878

Parsing sen 3471
Parse did not finish:
- steps: 520555
- queue len: 525310
- attempted len: 20000100

Parsing sen 3475
Parse did not finish:
- steps: 192636
- queue len: 460358
- attempted len: 20000064

Parsing sen 3478
Parse did not finish:
- steps: 282614
- queue len: 45974
- attempted len: 20000004

Parsing sen 3479
Parsing steps: 304641 steps
Cky conversion steps: 2087505 steps
Chart START items len: 179654
Chart keys len: 180895
Chart items len: 1069741

Parsing sen 3483
Parsing steps: 65649 steps
Cky conversion steps: 203315 steps
Chart START items len: 12132
Chart keys len: 12973
Chart items len: 52089

Parsing sen 3486
Parsing steps: 2165 steps
Cky conversion steps: 1382 steps
Chart START items len: 142
Chart keys len: 166
Chart items len: 528

Parsing sen 3487
Parsing steps: 2675 steps
Cky conversion steps: 1270 steps
Chart START items len: 191
Chart keys len: 199
Chart items len: 687

Parsing sen 3488
Parsing steps: 1779 steps
Cky conversion steps: 2533 steps
Chart START items len: 165
Chart keys len: 178
Chart items len: 654

Parsing sen 3489
Parsing steps: 9998 steps
Cky conversion steps: 4151 steps
Chart START items len: 419
Chart keys len: 528
Chart items len: 1742

Parsing sen 3491
Parse did not finish:
- steps: 104853
- queue len: 51785
- attempted len: 20000077

Parsing sen 3493
Parsing steps: 1793 steps
Cky conversion steps: 1511 steps
Chart START items len: 119
Chart keys len: 130
Chart items len: 436

Parsing sen 3494
Parsing steps: 10725 steps
Cky conversion steps: 19261 steps
Chart START items len: 1132
Chart keys len: 1248
Chart items len: 4539

Parsing sen 3495
Parsing steps: 16974 steps
Cky conversion steps: 43334 steps
Chart START items len: 2434
Chart keys len: 2609
Chart items len: 10564

Parsing sen 3497
Parsing steps: 18417 steps
Cky conversion steps: 4661 steps
Chart START items len: 378
Chart keys len: 446
Chart items len: 1501

Parsing sen 3500
Parse did not finish:
- steps: 103225
- queue len: 143511
- attempted len: 20000055

Parsing sen 3503
Parse did not finish:
- steps: 55386
- queue len: 81613
- attempted len: 20000274

Parsing sen 3507
Parse did not finish:
- steps: 182455
- queue len: 72027
- attempted len: 20000027

Parsing sen 3509
Parse did not finish:
- steps: 126883
- queue len: 145410
- attempted len: 20000243

Parsing sen 3515
Parsing steps: 24747 steps
Cky conversion steps: 165560 steps
Chart START items len: 5894
Chart keys len: 5981
Chart items len: 26796

Parsing sen 3516
Parsing steps: 30472 steps
Cky conversion steps: 145330 steps
Chart START items len: 6987
Chart keys len: 7196
Chart items len: 29416

Parsing sen 3519
Parsing steps: 11664 steps
Cky conversion steps: 512 steps
Chart START items len: 51
Chart keys len: 84
Chart items len: 198

Parsing sen 3521
Parsing steps: 172295 steps
Cky conversion steps: 899869 steps
Chart START items len: 37382
Chart keys len: 37647
Chart items len: 169288

Parsing sen 3524
Parsing steps: 5284 steps
Cky conversion steps: 5963 steps
Chart START items len: 362
Chart keys len: 415
Chart items len: 1354

Parsing sen 3525
Parse did not finish:
- steps: 98215
- queue len: 177684
- attempted len: 20000268

Parsing sen 3527
Parse did not finish:
- steps: 97294
- queue len: 69570
- attempted len: 20000788

Parsing sen 3531
Parsing steps: 371694 steps
Cky conversion steps: 5479386 steps
Chart START items len: 169179
Chart keys len: 169351
Chart items len: 883788

Parsing sen 3535
Parsing steps: 14795 steps
Cky conversion steps: 119553 steps
Chart START items len: 4295
Chart keys len: 4339
Chart items len: 19906

Parsing sen 3539
Parsing steps: 35143 steps
Cky conversion steps: 28037 steps
Chart START items len: 1811
Chart keys len: 2490
Chart items len: 6917

Parsing sen 3540
Parsing steps: 2947 steps
Cky conversion steps: 926 steps
Chart START items len: 115
Chart keys len: 132
Chart items len: 440

Parsing sen 3543
Parsing steps: 139226 steps
Cky conversion steps: 900492 steps
Chart START items len: 88013
Chart keys len: 88392
Chart items len: 416592

Parsing sen 3547
Parse did not finish:
- steps: 138884
- queue len: 206708
- attempted len: 20000060

Parsing sen 3549
Parsing steps: 15919 steps
Cky conversion steps: 35644 steps
Chart START items len: 1808
Chart keys len: 1854
Chart items len: 7637

Parsing sen 3550
Parsing steps: 23105 steps
Cky conversion steps: 78927 steps
Chart START items len: 3290
Chart keys len: 3354
Chart items len: 14599

Parsing sen 3551
Parse did not finish:
- steps: 86204
- queue len: 220664
- attempted len: 20000760

Parsing sen 3555
Parsing steps: 1434 steps
Cky conversion steps: 2829 steps
Chart START items len: 187
Chart keys len: 196
Chart items len: 748

Parsing sen 3556
Parsing steps: 205262 steps
Cky conversion steps: 2866493 steps
Chart START items len: 89636
Chart keys len: 89779
Chart items len: 486088

Parsing sen 3558
Parsing steps: 162136 steps
Cky conversion steps: 1723816 steps
Chart START items len: 59201
Chart keys len: 59500
Chart items len: 289671

Parsing sen 3562
Parse did not finish:
- steps: 157270
- queue len: 123009
- attempted len: 20000192

Parsing sen 3567
Parse did not finish:
- steps: 61916
- queue len: 27153
- attempted len: 20000707

Parsing sen 3570
Parse did not finish:
- steps: 97824
- queue len: 132121
- attempted len: 20001604

Parsing sen 3573
Parsing steps: 23426 steps
Cky conversion steps: 16492 steps
Chart START items len: 1683
Chart keys len: 2009
Chart items len: 6673

Parsing sen 3574
Parse did not finish:
- steps: 340152
- queue len: 1412109
- attempted len: 20000020

Parsing sen 3576
Parsing steps: 24920 steps
Cky conversion steps: 239480 steps
Chart START items len: 7130
Chart keys len: 7175
Chart items len: 33264

Parsing sen 3577
Parsing steps: 45218 steps
Cky conversion steps: 73905 steps
Chart START items len: 7256
Chart keys len: 7441
Chart items len: 29467

Parsing sen 3578
Parsing steps: 22185 steps
Cky conversion steps: 21122 steps
Chart START items len: 1678
Chart keys len: 2081
Chart items len: 9461

Parsing sen 3584
Parse did not finish:
- steps: 67698
- queue len: 18255
- attempted len: 20000107

Parsing sen 3585
Parsing steps: 8664 steps
Cky conversion steps: 14974 steps
Chart START items len: 1194
Chart keys len: 1332
Chart items len: 4894

Parsing sen 3587
Parse did not finish:
- steps: 488870
- queue len: 1832177
- attempted len: 20000269

Parsing sen 3591
Parsing steps: 89040 steps
Cky conversion steps: 606602 steps
Chart START items len: 22279
Chart keys len: 22564
Chart items len: 97998

Parsing sen 3593
Parsing steps: 2922 steps
Cky conversion steps: 4220 steps
Chart START items len: 276
Chart keys len: 310
Chart items len: 1205

Parsing sen 3595
Parse did not finish:
- steps: 90296
- queue len: 77358
- attempted len: 20000117

Parsing sen 3599
Parsing steps: 21947 steps
Cky conversion steps: 97536 steps
Chart START items len: 4594
Chart keys len: 4712
Chart items len: 21026

Parsing sen 3600
Parse did not finish:
- steps: 61984
- queue len: 35297
- attempted len: 20001052

Parsing sen 3604
Parsing steps: 38681 steps
Cky conversion steps: 319427 steps
Chart START items len: 9765
Chart keys len: 9821
Chart items len: 44346

Parsing sen 3606
Parsing steps: 47563 steps
Cky conversion steps: 58297 steps
Chart START items len: 5689
Chart keys len: 5958
Chart items len: 23490

Parsing sen 3608
Parsing steps: 71544 steps
Cky conversion steps: 170161 steps
Chart START items len: 9391
Chart keys len: 10105
Chart items len: 37449

Parsing sen 3609
Parsing steps: 46528 steps
Cky conversion steps: 150639 steps
Chart START items len: 8988
Chart keys len: 9334
Chart items len: 35541

Parsing sen 3610
Parse did not finish:
- steps: 116372
- queue len: 20408
- attempted len: 20000427

Parsing sen 3612
Parsing steps: 27963 steps
Cky conversion steps: 162436 steps
Chart START items len: 7823
Chart keys len: 7924
Chart items len: 32809

Parsing sen 3613
Parse did not finish:
- steps: 118756
- queue len: 11322
- attempted len: 20000200

Parsing sen 3614
Parsing steps: 140152 steps
Cky conversion steps: 2062730 steps
Chart START items len: 44570
Chart keys len: 44680
Chart items len: 204375

Parsing sen 3615
Parsing steps: 7617 steps
Cky conversion steps: 16821 steps
Chart START items len: 898
Chart keys len: 950
Chart items len: 3621

Parsing sen 3616
Parsing steps: 18954 steps
Cky conversion steps: 83123 steps
Chart START items len: 2954
Chart keys len: 3065
Chart items len: 12650

Parsing sen 3618
Parsing steps: 18777 steps
Cky conversion steps: 109644 steps
Chart START items len: 3652
Chart keys len: 3755
Chart items len: 16756

Parsing sen 3620
Parse did not finish:
- steps: 249848
- queue len: 102234
- attempted len: 20000170

Parsing sen 3621
Parsing steps: 16723 steps
Cky conversion steps: 93245 steps
Chart START items len: 4255
Chart keys len: 4327
Chart items len: 18693

Parsing sen 3622
Parse did not finish:
- steps: 193254
- queue len: 208384
- attempted len: 20000280

Parsing sen 3626
Parsing steps: 95181 steps
Cky conversion steps: 283482 steps
Chart START items len: 16093
Chart keys len: 16526
Chart items len: 66765

Parsing sen 3628
Parsing steps: 48042 steps
Cky conversion steps: 327885 steps
Chart START items len: 15484
Chart keys len: 15575
Chart items len: 73190

Parsing sen 3632
Parsing steps: 382285 steps
Cky conversion steps: 3530240 steps
Chart START items len: 124043
Chart keys len: 124412
Chart items len: 671988

Parsing sen 3633
Parsing steps: 63143 steps
Cky conversion steps: 222818 steps
Chart START items len: 15199
Chart keys len: 15786
Chart items len: 72659

Parsing sen 3636
Parse did not finish:
- steps: 228322
- queue len: 265301
- attempted len: 20000337

Parsing sen 3641
Parse did not finish:
- steps: 86273
- queue len: 49110
- attempted len: 20000735

Parsing sen 3644
Parse did not finish:
- steps: 57221
- queue len: 53770
- attempted len: 20000300

Parsing sen 3646
Parse did not finish:
- steps: 436528
- queue len: 174399
- attempted len: 20000084

Parsing sen 3650
Parsing steps: 207269 steps
Cky conversion steps: 2021623 steps
Chart START items len: 73517
Chart keys len: 73738
Chart items len: 387703

Parsing sen 3653
Parse did not finish:
- steps: 400059
- queue len: 230071
- attempted len: 20000012

Parsing sen 3657
Parsing steps: 9292 steps
Cky conversion steps: 20919 steps
Chart START items len: 1441
Chart keys len: 1522
Chart items len: 5920

Parsing sen 3660
Parsing steps: 28681 steps
Cky conversion steps: 153636 steps
Chart START items len: 6711
Chart keys len: 6877
Chart items len: 29473

Parsing sen 3663
Parsing steps: 5371 steps
Cky conversion steps: 10075 steps
Chart START items len: 614
Chart keys len: 663
Chart items len: 2674

Parsing sen 3664
Parse did not finish:
- steps: 124428
- queue len: 54002
- attempted len: 20000043

Parsing sen 3668
Parsing steps: 13656 steps
Cky conversion steps: 99392 steps
Chart START items len: 3295
Chart keys len: 3341
Chart items len: 14273

Parsing sen 3669
Parsing steps: 18797 steps
Cky conversion steps: 111707 steps
Chart START items len: 5338
Chart keys len: 5415
Chart items len: 24878

Parsing sen 3671
Parsing steps: 143837 steps
Cky conversion steps: 1300103 steps
Chart START items len: 46333
Chart keys len: 46668
Chart items len: 213755

Parsing sen 3673
Parsing steps: 11013 steps
Cky conversion steps: 438 steps
Chart START items len: 36
Chart keys len: 41
Chart items len: 119

Parsing sen 3674
Parsing steps: 1145 steps
Cky conversion steps: 1376 steps
Chart START items len: 96
Chart keys len: 106
Chart items len: 371

Parsing sen 3675
Parse did not finish:
- steps: 69985
- queue len: 61650
- attempted len: 20000097

Parsing sen 3676
Parsing steps: 57053 steps
Cky conversion steps: 230528 steps
Chart START items len: 18996
Chart keys len: 19189
Chart items len: 80297

Parsing sen 3679
Parsing steps: 72671 steps
Cky conversion steps: 652117 steps
Chart START items len: 21672
Chart keys len: 21898
Chart items len: 96626

Parsing sen 3683
Parse did not finish:
- steps: 212450
- queue len: 211097
- attempted len: 20000003

Parsing sen 3686
Parse did not finish:
- steps: 265192
- queue len: 33864
- attempted len: 20000010

Parsing sen 3687
Parse did not finish:
- steps: 75973
- queue len: 51165
- attempted len: 20000765

Parsing sen 3688
Parsing steps: 454268 steps
Cky conversion steps: 4620243 steps
Chart START items len: 166996
Chart keys len: 167452
Chart items len: 777860

Parsing sen 3690
Parsing steps: 624452 steps
Cky conversion steps: 10881521 steps
Chart START items len: 238178
Chart keys len: 238397
Chart items len: 1204824

Parsing sen 3692
Parsing steps: 216816 steps
Cky conversion steps: 952316 steps
Chart START items len: 46608
Chart keys len: 47004
Chart items len: 198306

Parsing sen 3694
Parsing steps: 1432 steps
Cky conversion steps: 2077 steps
Chart START items len: 136
Chart keys len: 149
Chart items len: 577

Parsing sen 3696
Parse did not finish:
- steps: 76839
- queue len: 33819
- attempted len: 20000363

Parsing sen 3699
Parse did not finish:
- steps: 444207
- queue len: 128235
- attempted len: 20000032

Parsing sen 3700
Parsing steps: 8888 steps
Cky conversion steps: 21877 steps
Chart START items len: 1168
Chart keys len: 1266
Chart items len: 4697

Parsing sen 3702
Parse did not finish:
- steps: 74023
- queue len: 48652
- attempted len: 20000358

Parsing sen 3705
Parse did not finish:
- steps: 56350
- queue len: 120443
- attempted len: 20000015

Parsing sen 3708
Parsing steps: 118361 steps
Cky conversion steps: 384773 steps
Chart START items len: 15497
Chart keys len: 16133
Chart items len: 67409

Parsing sen 3712
Parsing steps: 13889 steps
Cky conversion steps: 18913 steps
Chart START items len: 1920
Chart keys len: 2012
Chart items len: 7031

Parsing sen 3713
Parsing steps: 48938 steps
Cky conversion steps: 426701 steps
Chart START items len: 15214
Chart keys len: 15303
Chart items len: 76195

Parsing sen 3714
Parse did not finish:
- steps: 77572
- queue len: 141438
- attempted len: 20000595

Parsing sen 3715
Parse did not finish:
- steps: 69139
- queue len: 177879
- attempted len: 20000497

Parsing sen 3718
Parse did not finish:
- steps: 176455
- queue len: 442133
- attempted len: 20000097

Parsing sen 3720
Parsing steps: 28338 steps
Cky conversion steps: 7381 steps
Chart START items len: 872
Chart keys len: 1065
Chart items len: 3361

Parsing sen 3721
Parsing steps: 75829 steps
Cky conversion steps: 433110 steps
Chart START items len: 20745
Chart keys len: 21133
Chart items len: 98510

Parsing sen 3724
Parsing steps: 48334 steps
Cky conversion steps: 27005 steps
Chart START items len: 3714
Chart keys len: 3878
Chart items len: 13668

Parsing sen 3726
Parse did not finish:
- steps: 55450
- queue len: 18371
- attempted len: 20000526

Parsing sen 3729
Parse did not finish:
- steps: 105966
- queue len: 48196
- attempted len: 20000820

Parsing sen 3732
Parsing steps: 12459 steps
Cky conversion steps: 29020 steps
Chart START items len: 1606
Chart keys len: 1730
Chart items len: 6478

Parsing sen 3735
Parse did not finish:
- steps: 77973
- queue len: 252704
- attempted len: 20000702

Parsing sen 3744
Parsing steps: 2856 steps
Cky conversion steps: 917 steps
Chart START items len: 91
Chart keys len: 122
Chart items len: 335

Parsing sen 3745
Parse did not finish:
- steps: 105540
- queue len: 469949
- attempted len: 20000292

Parsing sen 3749
Parsing steps: 330292 steps
Cky conversion steps: 1752205 steps
Chart START items len: 84686
Chart keys len: 85341
Chart items len: 419271

Parsing sen 3754
Parsing steps: 72615 steps
Cky conversion steps: 209515 steps
Chart START items len: 10951
Chart keys len: 11734
Chart items len: 43836

Parsing sen 3756
Parsing steps: 104870 steps
Cky conversion steps: 598132 steps
Chart START items len: 25678
Chart keys len: 26251
Chart items len: 118481

Parsing sen 3758
Parse did not finish:
- steps: 52129
- queue len: 44293
- attempted len: 20000436

Parsing sen 3763
Parse did not finish:
- steps: 122486
- queue len: 143498
- attempted len: 20000788

Parsing sen 3764
Parse did not finish:
- steps: 62401
- queue len: 104232
- attempted len: 20000773

Parsing sen 3766
Parse did not finish:
- steps: 126016
- queue len: 112283
- attempted len: 20000772

Parsing sen 3767
Parsing steps: 43333 steps
Cky conversion steps: 450966 steps
Chart START items len: 15797
Chart keys len: 15886
Chart items len: 76638

Parsing sen 3769
Parsing steps: 8214 steps
Cky conversion steps: 21246 steps
Chart START items len: 997
Chart keys len: 1127
Chart items len: 4384

Parsing sen 3771
Parsing steps: 53957 steps
Cky conversion steps: 350089 steps
Chart START items len: 14356
Chart keys len: 14598
Chart items len: 65175

Parsing sen 3774
Parse did not finish:
- steps: 195618
- queue len: 75856
- attempted len: 20000210

Parsing sen 3776
Parsing steps: 819 steps
Cky conversion steps: 214 steps
Chart START items len: 25
Chart keys len: 32
Chart items len: 82

Parsing sen 3777
Parse did not finish:
- steps: 125917
- queue len: 71707
- attempted len: 20000742

Parsing sen 3778
Parsing steps: 103605 steps
Cky conversion steps: 567850 steps
Chart START items len: 27089
Chart keys len: 27675
Chart items len: 117841

Parsing sen 3779
Parse did not finish:
- steps: 234335
- queue len: 1087858
- attempted len: 20000379

Parsing sen 3784
Parse did not finish:
- steps: 54822
- queue len: 21380
- attempted len: 20000275

Parsing sen 3786
Parsing steps: 53369 steps
Cky conversion steps: 149015 steps
Chart START items len: 8318
Chart keys len: 8906
Chart items len: 33137

Parsing sen 3788
Parse did not finish:
- steps: 122360
- queue len: 313608
- attempted len: 20000032

Parsing sen 3792
Parsing steps: 344312 steps
Cky conversion steps: 3425080 steps
Chart START items len: 113209
Chart keys len: 113816
Chart items len: 521777

Parsing sen 3794
Parsing steps: 32630 steps
Cky conversion steps: 267028 steps
Chart START items len: 10204
Chart keys len: 10300
Chart items len: 47668

Parsing sen 3796
Parse did not finish:
- steps: 673178
- queue len: 287803
- attempted len: 20000166

Parsing sen 3800
Parsing steps: 24300 steps
Cky conversion steps: 152679 steps
Chart START items len: 7379
Chart keys len: 7499
Chart items len: 33565

Parsing sen 3803
Parse did not finish:
- steps: 134614
- queue len: 153790
- attempted len: 20000385

Parsing sen 3806
Parse did not finish:
- steps: 118109
- queue len: 42242
- attempted len: 20000548

Parsing sen 3809
Parse did not finish:
- steps: 70566
- queue len: 45110
- attempted len: 20000060

Parsing sen 3812
Parse did not finish:
- steps: 62217
- queue len: 64386
- attempted len: 20000764

Parsing sen 3813
Parsing steps: 39725 steps
Cky conversion steps: 3612 steps
Chart START items len: 314
Chart keys len: 442
Chart items len: 1139

Parsing sen 3814
Parse did not finish:
- steps: 113333
- queue len: 366888
- attempted len: 20000193

Parsing sen 3821
Parsing steps: 10535 steps
Cky conversion steps: 33890 steps
Chart START items len: 1908
Chart keys len: 2019
Chart items len: 8134

Parsing sen 3823
Parsing steps: 791224 steps
Cky conversion steps: 7986699 steps
Chart START items len: 426087
Chart keys len: 426695
Chart items len: 2240148

Parsing sen 3825
Parse did not finish:
- steps: 117782
- queue len: 94502
- attempted len: 20001323

Parsing sen 3831
Parse did not finish:
- steps: 169039
- queue len: 97926
- attempted len: 20000370

Parsing sen 3835
Parsing steps: 65875 steps
Cky conversion steps: 35283 steps
Chart START items len: 4761
Chart keys len: 5041
Chart items len: 16980

Parsing sen 3837
Parse did not finish:
- steps: 66867
- queue len: 18525
- attempted len: 20000282

Parsing sen 3839
Parsing steps: 78894 steps
Cky conversion steps: 756214 steps
Chart START items len: 28846
Chart keys len: 28990
Chart items len: 145885

Parsing sen 3841
Parse did not finish:
- steps: 181050
- queue len: 242651
- attempted len: 20000939

Parsing sen 3845
Parse did not finish:
- steps: 74818
- queue len: 184670
- attempted len: 20001387

Parsing sen 3849
Parse did not finish:
- steps: 120146
- queue len: 46781
- attempted len: 20000205

Parsing sen 3854
Parsing steps: 237405 steps
Cky conversion steps: 1869401 steps
Chart START items len: 61310
Chart keys len: 61581
Chart items len: 275614

Parsing sen 3855
Parsing steps: 12899 steps
Cky conversion steps: 12732 steps
Chart START items len: 706
Chart keys len: 895
Chart items len: 2651

Parsing sen 3856
Parsing steps: 11397 steps
Cky conversion steps: 12118 steps
Chart START items len: 744
Chart keys len: 900
Chart items len: 3213

Parsing sen 3858
Parsing steps: 34687 steps
Cky conversion steps: 23150 steps
Chart START items len: 2278
Chart keys len: 3002
Chart items len: 8800

Parsing sen 3859
Parse did not finish:
- steps: 46594
- queue len: 47038
- attempted len: 20001215

Parsing sen 3861
Parsing steps: 19076 steps
Cky conversion steps: 68271 steps
Chart START items len: 2888
Chart keys len: 2983
Chart items len: 12474

Parsing sen 3863
Parse did not finish:
- steps: 63211
- queue len: 79970
- attempted len: 20000508

Parsing sen 3869
Parsing steps: 8133 steps
Cky conversion steps: 36319 steps
Chart START items len: 1711
Chart keys len: 1773
Chart items len: 7411

Parsing sen 3871
Parsing steps: 3663 steps
Cky conversion steps: 1231 steps
Chart START items len: 171
Chart keys len: 194
Chart items len: 616

Parsing sen 3872
Parse did not finish:
- steps: 68247
- queue len: 35976
- attempted len: 20000926

Parsing sen 3874
Parse did not finish:
- steps: 87129
- queue len: 152009
- attempted len: 20000001

Parsing sen 3876
Parsing steps: 16126 steps
Cky conversion steps: 24962 steps
Chart START items len: 1832
Chart keys len: 2101
Chart items len: 7866

Parsing sen 3880
Parse did not finish:
- steps: 447278
- queue len: 106105
- attempted len: 20000009

Parsing sen 3883
Parsing steps: 4173 steps
Cky conversion steps: 2069 steps
Chart START items len: 247
Chart keys len: 323
Chart items len: 918

Parsing sen 3885
Parsing steps: 15892 steps
Cky conversion steps: 8706 steps
Chart START items len: 901
Chart keys len: 1204
Chart items len: 3330

Parsing sen 3887
Parsing steps: 45848 steps
Cky conversion steps: 315885 steps
Chart START items len: 12168
Chart keys len: 12354
Chart items len: 56935

Parsing sen 3888
Parsing steps: 11773 steps
Cky conversion steps: 34614 steps
Chart START items len: 1776
Chart keys len: 1848
Chart items len: 7899

Parsing sen 3889
Parsing steps: 37555 steps
Cky conversion steps: 553300 steps
Chart START items len: 12679
Chart keys len: 12753
Chart items len: 61403

Parsing sen 3891
Parsing steps: 2813 steps
Cky conversion steps: 10116 steps
Chart START items len: 404
Chart keys len: 427
Chart items len: 1775

Parsing sen 3892
Parsing steps: 101745 steps
Cky conversion steps: 705187 steps
Chart START items len: 41359
Chart keys len: 41533
Chart items len: 193461

Parsing sen 3894
Parse did not finish:
- steps: 356811
- queue len: 877171
- attempted len: 20000201

Parsing sen 3897
Parsing steps: 144741 steps
Cky conversion steps: 1105794 steps
Chart START items len: 41454
Chart keys len: 41809
Chart items len: 197277

Parsing sen 3900
Parsing steps: 76238 steps
Cky conversion steps: 789223 steps
Chart START items len: 23643
Chart keys len: 23827
Chart items len: 115637

Parsing sen 3902
Parse did not finish:
- steps: 188346
- queue len: 376055
- attempted len: 20000650

Parsing sen 3903
Parse did not finish:
- steps: 205416
- queue len: 200182
- attempted len: 20000147

Parsing sen 3906
Parsing steps: 2045 steps
Cky conversion steps: 1081 steps
Chart START items len: 57
Chart keys len: 61
Chart items len: 208

Parsing sen 3907
Parsing steps: 148190 steps
Cky conversion steps: 78424 steps
Chart START items len: 11657
Chart keys len: 11837
Chart items len: 44208

Parsing sen 3909
Parsing steps: 204888 steps
Cky conversion steps: 2062833 steps
Chart START items len: 72910
Chart keys len: 73119
Chart items len: 406195

Parsing sen 3911
Parsing steps: 181348 steps
Cky conversion steps: 1644990 steps
Chart START items len: 52688
Chart keys len: 52973
Chart items len: 235925

Parsing sen 3913
Parse did not finish:
- steps: 68514
- queue len: 92349
- attempted len: 20000338

Parsing sen 3917
Parsing steps: 159206 steps
Cky conversion steps: 30514 steps
Chart START items len: 3889
Chart keys len: 4443
Chart items len: 12718

Parsing sen 3919
Parse did not finish:
- steps: 89774
- queue len: 66315
- attempted len: 20000337

Parsing sen 3920
Parsing steps: 295 steps
Cky conversion steps: 19 steps
Chart START items len: 3
Chart keys len: 4
Chart items len: 7

Parsing sen 3921
Parsing steps: 5848 steps
Cky conversion steps: 10588 steps
Chart START items len: 1068
Chart keys len: 1135
Chart items len: 4755

Parsing sen 3924
Parse did not finish:
- steps: 97216
- queue len: 532674
- attempted len: 20000557

Parsing sen 3925
Parsing steps: 51474 steps
Cky conversion steps: 129674 steps
Chart START items len: 7490
Chart keys len: 8047
Chart items len: 30959

Parsing sen 3927
Parse did not finish:
- steps: 53028
- queue len: 125336
- attempted len: 20001433

Parsing sen 3931
Parsing steps: 15645 steps
Cky conversion steps: 39925 steps
Chart START items len: 1702
Chart keys len: 1819
Chart items len: 6595

Parsing sen 3932
Parse did not finish:
- steps: 86819
- queue len: 74176
- attempted len: 20000277

Parsing sen 3933
Parse did not finish:
- steps: 117882
- queue len: 19873
- attempted len: 20000171

Parsing sen 3934
Parse did not finish:
- steps: 65382
- queue len: 30108
- attempted len: 20000598

Parsing sen 3935
Parsing steps: 5928 steps
Cky conversion steps: 32811 steps
Chart START items len: 1063
Chart keys len: 1086
Chart items len: 4827

Parsing sen 3936
Parse did not finish:
- steps: 64174
- queue len: 112690
- attempted len: 20001002

Parsing sen 3938
Parse did not finish:
- steps: 99866
- queue len: 28512
- attempted len: 20000117

Parsing sen 3942
Parse did not finish:
- steps: 71607
- queue len: 107626
- attempted len: 20000672

Parsing sen 3943
Parsing steps: 20276 steps
Cky conversion steps: 55868 steps
Chart START items len: 2641
Chart keys len: 2769
Chart items len: 12681

Parsing sen 3945
Parse did not finish:
- steps: 78568
- queue len: 37527
- attempted len: 20000724

Parsing sen 3948
Parsing steps: 763216 steps
Cky conversion steps: 10168229 steps
Chart START items len: 331747
Chart keys len: 331980
Chart items len: 1614212

Parsing sen 3952
Parsing steps: 142923 steps
Cky conversion steps: 717277 steps
Chart START items len: 31053
Chart keys len: 31803
Chart items len: 138212

Parsing sen 3953
Parsing steps: 63358 steps
Cky conversion steps: 89358 steps
Chart START items len: 5615
Chart keys len: 6637
Chart items len: 21506

Parsing sen 3954
Parsing steps: 6477 steps
Cky conversion steps: 41909 steps
Chart START items len: 1988
Chart keys len: 2017
Chart items len: 9459

Parsing sen 3956
Parsing steps: 48433 steps
Cky conversion steps: 23793 steps
Chart START items len: 3393
Chart keys len: 4047
Chart items len: 11994

Parsing sen 3957
Parse did not finish:
- steps: 73188
- queue len: 96990
- attempted len: 20000945

Parsing sen 3960
Parse did not finish:
- steps: 297811
- queue len: 296946
- attempted len: 20000226

Parsing sen 3963
Parse did not finish:
- steps: 59521
- queue len: 52875
- attempted len: 20000531

Parsing sen 3964
Parsing steps: 15130 steps
Cky conversion steps: 54071 steps
Chart START items len: 2903
Chart keys len: 3053
Chart items len: 12908

Parsing sen 3967
Parsing steps: 509187 steps
Cky conversion steps: 11609312 steps
Chart START items len: 216343
Chart keys len: 216484
Chart items len: 1085534

Parsing sen 3970
Parsing steps: 1171 steps
Cky conversion steps: 2301 steps
Chart START items len: 141
Chart keys len: 151
Chart items len: 555

Parsing sen 3971
Parse did not finish:
- steps: 76815
- queue len: 42540
- attempted len: 20000447

Parsing sen 3973
Parsing steps: 1582 steps
Cky conversion steps: 3466 steps
Chart START items len: 168
Chart keys len: 180
Chart items len: 715

Parsing sen 3974
Parsing steps: 81247 steps
Cky conversion steps: 391635 steps
Chart START items len: 14569
Chart keys len: 14992
Chart items len: 62568

Parsing sen 3976
Parsing steps: 7529 steps
Cky conversion steps: 23753 steps
Chart START items len: 1124
Chart keys len: 1181
Chart items len: 5021

Parsing sen 3977
Parsing steps: 5022 steps
Cky conversion steps: 6758 steps
Chart START items len: 586
Chart keys len: 666
Chart items len: 2225

Parsing sen 3978
Parsing steps: 37853 steps
Cky conversion steps: 238167 steps
Chart START items len: 8742
Chart keys len: 8912
Chart items len: 38603

Parsing sen 3979
Parse did not finish:
- steps: 116822
- queue len: 207411
- attempted len: 20000440

Parsing sen 3982
Parsing steps: 212884 steps
Cky conversion steps: 1763328 steps
Chart START items len: 65247
Chart keys len: 65770
Chart items len: 318876

Parsing sen 3985
Parsing steps: 5089 steps
Cky conversion steps: 3659 steps
Chart START items len: 376
Chart keys len: 447
Chart items len: 1494

Parsing sen 3986
Parsing steps: 2650 steps
Cky conversion steps: 1086 steps
Chart START items len: 135
Chart keys len: 156
Chart items len: 474

Parsing sen 3987
Parsing steps: 2896 steps
Cky conversion steps: 7457 steps
Chart START items len: 379
Chart keys len: 399
Chart items len: 1742

Parsing sen 3988
Parse did not finish:
- steps: 114286
- queue len: 425293
- attempted len: 20000196

Parsing sen 3993
Parsing steps: 43927 steps
Cky conversion steps: 389513 steps
Chart START items len: 14096
Chart keys len: 14250
Chart items len: 67340

Parsing sen 3996
Parse did not finish:
- steps: 52438
- queue len: 17662
- attempted len: 20000377

Parsing sen 3997
Parsing steps: 201791 steps
Cky conversion steps: 147745 steps
Chart START items len: 19449
Chart keys len: 19682
Chart items len: 79253

Parsing sen 4000
Parsing steps: 66623 steps
Cky conversion steps: 110851 steps
Chart START items len: 8139
Chart keys len: 9100
Chart items len: 33493

Parsing sen 4002
Parsing steps: 37478 steps
Cky conversion steps: 306888 steps
Chart START items len: 10428
Chart keys len: 10514
Chart items len: 45796

Parsing sen 4004
Parsing steps: 1788 steps
Cky conversion steps: 7964 steps
Chart START items len: 357
Chart keys len: 366
Chart items len: 1498

Parsing sen 4005
Parsing steps: 34281 steps
Cky conversion steps: 254390 steps
Chart START items len: 10760
Chart keys len: 10920
Chart items len: 57238

Parsing sen 4008
Parsing steps: 80272 steps
Cky conversion steps: 1054545 steps
Chart START items len: 32099
Chart keys len: 32188
Chart items len: 168567

Parsing sen 4010
Parsing steps: 34206 steps
Cky conversion steps: 40428 steps
Chart START items len: 3856
Chart keys len: 4196
Chart items len: 15434

Parsing sen 4011
Parsing steps: 3466 steps
Cky conversion steps: 4698 steps
Chart START items len: 452
Chart keys len: 501
Chart items len: 2064

Parsing sen 4012
Parsing steps: 2499 steps
Cky conversion steps: 1566 steps
Chart START items len: 162
Chart keys len: 192
Chart items len: 616

Parsing sen 4013
Parse did not finish:
- steps: 73556
- queue len: 51528
- attempted len: 20000285

Parsing sen 4016
Parse did not finish:
- steps: 60798
- queue len: 29928
- attempted len: 20000119

Parsing sen 4018
Parsing steps: 8702 steps
Cky conversion steps: 47947 steps
Chart START items len: 2142
Chart keys len: 2186
Chart items len: 9699

Parsing sen 4019
Parsing steps: 1132299 steps
Cky conversion did not finish:
- steps: 11106801

Parsing sen 4021
Parsing steps: 3095 steps
Cky conversion steps: 104 steps
Chart START items len: 14
Chart keys len: 19
Chart items len: 44

Parsing sen 4023
Parse did not finish:
- steps: 61602
- queue len: 57029
- attempted len: 20000605

Parsing sen 4027
Parsing steps: 8727 steps
Cky conversion steps: 2878 steps
Chart START items len: 363
Chart keys len: 418
Chart items len: 1280

Parsing sen 4029
Parsing steps: 67383 steps
Cky conversion steps: 34096 steps
Chart START items len: 3220
Chart keys len: 4457
Chart items len: 12236

Parsing sen 4030
Parsing steps: 6544 steps
Cky conversion steps: 6391 steps
Chart START items len: 648
Chart keys len: 708
Chart items len: 2411

Parsing sen 4032
Parse did not finish:
- steps: 185058
- queue len: 760830
- attempted len: 20000284

Parsing sen 4036
Parsing steps: 51293 steps
Cky conversion steps: 460379 steps
Chart START items len: 19215
Chart keys len: 19336
Chart items len: 98213

Parsing sen 4037
Parse did not finish:
- steps: 49523
- queue len: 54206
- attempted len: 20001973

Parsing sen 4042
Parsing steps: 29195 steps
Cky conversion steps: 1645 steps
Chart START items len: 134
Chart keys len: 185
Chart items len: 512

Parsing sen 4043
Parse did not finish:
- steps: 241430
- queue len: 352466
- attempted len: 20000374

Parsing sen 4044
Parsing steps: 35548 steps
Cky conversion steps: 220021 steps
Chart START items len: 9206
Chart keys len: 9313
Chart items len: 41501

Parsing sen 4046
Parse did not finish:
- steps: 55059
- queue len: 58669
- attempted len: 20001772

Parsing sen 4049
Parsing steps: 15142 steps
Cky conversion steps: 1049 steps
Chart START items len: 161
Chart keys len: 183
Chart items len: 558

Parsing sen 4050
Parsing steps: 63655 steps
Cky conversion steps: 5849 steps
Chart START items len: 481
Chart keys len: 778
Chart items len: 1902

Parsing sen 4052
Parsing steps: 2475 steps
Cky conversion steps: 1170 steps
Chart START items len: 126
Chart keys len: 147
Chart items len: 438

Parsing sen 4056
Parsing steps: 672 steps
Cky conversion steps: 112 steps
Chart START items len: 14
Chart keys len: 17
Chart items len: 43

Parsing sen 4057
Parse did not finish:
- steps: 127133
- queue len: 130280
- attempted len: 20000004

Parsing sen 4058
Parsing steps: 82601 steps
Cky conversion steps: 342772 steps
Chart START items len: 14601
Chart keys len: 15357
Chart items len: 61059

Parsing sen 4059
Parsing steps: 2991 steps
Cky conversion steps: 2315 steps
Chart START items len: 134
Chart keys len: 153
Chart items len: 504

Parsing sen 4060
Parsing steps: 16912 steps
Cky conversion steps: 5118 steps
Chart START items len: 519
Chart keys len: 600
Chart items len: 1780

Parsing sen 4062
Parse did not finish:
- steps: 107454
- queue len: 28644
- attempted len: 20000988

Parsing sen 4067
Parsing steps: 4541 steps
Cky conversion steps: 2981 steps
Chart START items len: 320
Chart keys len: 352
Chart items len: 1112

Parsing sen 4068
Parse did not finish:
- steps: 92623
- queue len: 17811
- attempted len: 20000037

Parsing sen 4072
Parsing steps: 1003 steps
Cky conversion steps: 1988 steps
Chart START items len: 106
Chart keys len: 113
Chart items len: 398

Parsing sen 4073
Parsing steps: 2740 steps
Cky conversion steps: 8442 steps
Chart START items len: 365
Chart keys len: 381
Chart items len: 1502

Parsing sen 4075
Parsing steps: 937384 steps
Cky conversion did not finish:
- steps: 11635296

Parsing sen 4080
Parse did not finish:
- steps: 70066
- queue len: 71286
- attempted len: 20001440

Parsing sen 4085
Parse did not finish:
- steps: 140246
- queue len: 167741
- attempted len: 20000529

Parsing sen 4088
Parsing steps: 13773 steps
Cky conversion steps: 41827 steps
Chart START items len: 1567
Chart keys len: 1675
Chart items len: 6565

Parsing sen 4089
Parse did not finish:
- steps: 360937
- queue len: 331025
- attempted len: 20000120

Parsing sen 4094
Parsing steps: 276395 steps
Cky conversion steps: 2066375 steps
Chart START items len: 87434
Chart keys len: 87661
Chart items len: 406253

Parsing sen 4097
Parsing steps: 6002 steps
Cky conversion steps: 14791 steps
Chart START items len: 952
Chart keys len: 992
Chart items len: 4119

Parsing sen 4099
Parsing steps: 8507 steps
Cky conversion steps: 2669 steps
Chart START items len: 155
Chart keys len: 227
Chart items len: 576

Parsing sen 4100
Parsing steps: 26851 steps
Cky conversion steps: 136042 steps
Chart START items len: 4961
Chart keys len: 5106
Chart items len: 22474

Parsing sen 4101
Parse did not finish:
- steps: 87050
- queue len: 258894
- attempted len: 20000273

Parsing sen 4107
Parse did not finish:
- steps: 112315
- queue len: 9749
- attempted len: 20000094

Parsing sen 4110
Parsing steps: 1589 steps
Cky conversion steps: 5789 steps
Chart START items len: 298
Chart keys len: 306
Chart items len: 1310

Parsing sen 4111
Parse did not finish:
- steps: 69875
- queue len: 42169
- attempted len: 20000453

Parsing sen 4112
Parsing steps: 36984 steps
Cky conversion steps: 73942 steps
Chart START items len: 4006
Chart keys len: 4096
Chart items len: 16866

Parsing sen 4114
Parsing steps: 3051 steps
Cky conversion steps: 3140 steps
Chart START items len: 210
Chart keys len: 244
Chart items len: 804

Parsing sen 4115
Parsing steps: 6567 steps
Cky conversion steps: 94 steps
Chart START items len: 13
Chart keys len: 14
Chart items len: 37

Parsing sen 4116
Parsing steps: 13675 steps
Cky conversion steps: 135513 steps
Chart START items len: 3793
Chart keys len: 3830
Chart items len: 16919

Parsing sen 4117
Parsing steps: 6922 steps
Cky conversion steps: 32160 steps
Chart START items len: 1363
Chart keys len: 1400
Chart items len: 5703

Parsing sen 4118
Parse did not finish:
- steps: 204791
- queue len: 52341
- attempted len: 20000206

Parsing sen 4121
Parsing steps: 1875 steps
Cky conversion steps: 3795 steps
Chart START items len: 179
Chart keys len: 199
Chart items len: 742

Parsing sen 4122
Parse did not finish:
- steps: 138113
- queue len: 97021
- attempted len: 20000118

Parsing sen 4125
Parsing steps: 114202 steps
Cky conversion steps: 641209 steps
Chart START items len: 29169
Chart keys len: 29559
Chart items len: 128406

Parsing sen 4127
Parsing steps: 51759 steps
Cky conversion steps: 23704 steps
Chart START items len: 2432
Chart keys len: 2837
Chart items len: 8979

Parsing sen 4128
Parsing steps: 9281 steps
Cky conversion steps: 10586 steps
Chart START items len: 649
Chart keys len: 718
Chart items len: 2709

Parsing sen 4129
Parsing steps: 97832 steps
Cky conversion steps: 431367 steps
Chart START items len: 25310
Chart keys len: 25648
Chart items len: 126116

Parsing sen 4132
Parsing steps: 697061 steps
Cky conversion steps: 10388460 steps
Chart START items len: 306152
Chart keys len: 306486
Chart items len: 1734454

Parsing sen 4139
Parsing steps: 347011 steps
Cky conversion steps: 3998403 steps
Chart START items len: 136949
Chart keys len: 137182
Chart items len: 635028

Parsing sen 4145
Parsing steps: 14084 steps
Cky conversion steps: 95620 steps
Chart START items len: 2933
Chart keys len: 2973
Chart items len: 12825

Parsing sen 4146
Parse did not finish:
- steps: 140699
- queue len: 208059
- attempted len: 20000036

Parsing sen 4152
Parsing steps: 27009 steps
Cky conversion steps: 217532 steps
Chart START items len: 5841
Chart keys len: 5931
Chart items len: 25620

Parsing sen 4153
Parsing steps: 7142 steps
Cky conversion steps: 5607 steps
Chart START items len: 872
Chart keys len: 910
Chart items len: 3170

Parsing sen 4155
Parsing steps: 4824 steps
Cky conversion steps: 1977 steps
Chart START items len: 283
Chart keys len: 323
Chart items len: 995

Parsing sen 4156
Parsing steps: 653 steps
Cky conversion steps: 377 steps
Chart START items len: 29
Chart keys len: 32
Chart items len: 98

Parsing sen 4157
Parsing steps: 501 steps
Cky conversion steps: 50 steps
Chart START items len: 6
Chart keys len: 8
Chart items len: 16

Parsing sen 4158
Parsing steps: 30633 steps
Cky conversion steps: 391590 steps
Chart START items len: 9926
Chart keys len: 9975
Chart items len: 46221

Parsing sen 4159
Parsing steps: 16215 steps
Cky conversion steps: 47565 steps
Chart START items len: 2322
Chart keys len: 2423
Chart items len: 11484

Parsing sen 4161
Parsing steps: 35128 steps
Cky conversion steps: 248530 steps
Chart START items len: 16201
Chart keys len: 16376
Chart items len: 98764

Parsing sen 4162
Parse did not finish:
- steps: 151684
- queue len: 47553
- attempted len: 20000880

Parsing sen 4166
Parsing steps: 35999 steps
Cky conversion steps: 8064 steps
Chart START items len: 987
Chart keys len: 1057
Chart items len: 3170

Parsing sen 4167
Parsing steps: 5089 steps
Cky conversion steps: 12094 steps
Chart START items len: 637
Chart keys len: 667
Chart items len: 2651

Parsing sen 4168
Parsing steps: 9038 steps
Cky conversion steps: 3188 steps
Chart START items len: 429
Chart keys len: 459
Chart items len: 1522

Parsing sen 4170
Parsing steps: 54266 steps
Cky conversion steps: 141524 steps
Chart START items len: 7076
Chart keys len: 7592
Chart items len: 27802

Parsing sen 4173
Parsing steps: 46163 steps
Cky conversion steps: 28020 steps
Chart START items len: 2284
Chart keys len: 2879
Chart items len: 8372

Parsing sen 4175
Parsing steps: 7264 steps
Cky conversion steps: 4341 steps
Chart START items len: 399
Chart keys len: 518
Chart items len: 1691

Parsing sen 4176
Parsing steps: 1770 steps
Cky conversion steps: 6157 steps
Chart START items len: 290
Chart keys len: 303
Chart items len: 1167

Parsing sen 4178
Parsing steps: 2940 steps
Cky conversion steps: 8782 steps
Chart START items len: 474
Chart keys len: 496
Chart items len: 2033

Parsing sen 4179
Parsing steps: 44984 steps
Cky conversion steps: 196530 steps
Chart START items len: 6656
Chart keys len: 6743
Chart items len: 29424

Parsing sen 4181
Parsing steps: 41670 steps
Cky conversion steps: 148340 steps
Chart START items len: 6816
Chart keys len: 7097
Chart items len: 32802

Parsing sen 4186
Parse did not finish:
- steps: 160047
- queue len: 678477
- attempted len: 20000275

Parsing sen 4194
Parse did not finish:
- steps: 331788
- queue len: 150869
- attempted len: 20000142

Parsing sen 4197
Parsing steps: 10845 steps
Cky conversion steps: 61235 steps
Chart START items len: 2239
Chart keys len: 2289
Chart items len: 9953

Parsing sen 4198
Parse did not finish:
- steps: 61783
- queue len: 269701
- attempted len: 20001868

Parsing sen 4204
Parsing steps: 37834 steps
Cky conversion steps: 10684 steps
Chart START items len: 1290
Chart keys len: 1635
Chart items len: 4501

Parsing sen 4205
Parsing steps: 31112 steps
Cky conversion steps: 14559 steps
Chart START items len: 909
Chart keys len: 1129
Chart items len: 3379

Parsing sen 4207
Parse did not finish:
- steps: 225347
- queue len: 68430
- attempted len: 20000184

Parsing sen 4213
Parse did not finish:
- steps: 132625
- queue len: 349808
- attempted len: 20000054

Parsing sen 4218
Parsing steps: 114172 steps
Cky conversion steps: 8007 steps
Chart START items len: 624
Chart keys len: 793
Chart items len: 2286

Parsing sen 4219
Parse did not finish:
- steps: 62127
- queue len: 169403
- attempted len: 20000513

Parsing sen 4221
Parse did not finish:
- steps: 70169
- queue len: 221458
- attempted len: 20000583

Parsing sen 4224
Parsing steps: 49391 steps
Cky conversion steps: 366354 steps
Chart START items len: 17532
Chart keys len: 17638
Chart items len: 88111

Parsing sen 4226
Parsing steps: 18015 steps
Cky conversion steps: 87903 steps
Chart START items len: 3060
Chart keys len: 3177
Chart items len: 15605

Parsing sen 4227
Parsing steps: 5955 steps
Cky conversion steps: 1125 steps
Chart START items len: 162
Chart keys len: 180
Chart items len: 562

Parsing sen 4229
Parsing steps: 6884 steps
Cky conversion steps: 5247 steps
Chart START items len: 501
Chart keys len: 576
Chart items len: 2263

Parsing sen 4233
Parsing steps: 6428 steps
Cky conversion steps: 421 steps
Chart START items len: 47
Chart keys len: 58
Chart items len: 157

Parsing sen 4234
Parse did not finish:
- steps: 85540
- queue len: 42576
- attempted len: 20000177

Parsing sen 4237
Parse did not finish:
- steps: 110297
- queue len: 131112
- attempted len: 20000120

Parsing sen 4240
Parsing steps: 1214 steps
Cky conversion steps: 228 steps
Chart START items len: 27
Chart keys len: 33
Chart items len: 87

Parsing sen 4241
Parsing steps: 25119 steps
Cky conversion steps: 19176 steps
Chart START items len: 1109
Chart keys len: 1201
Chart items len: 4694

Parsing sen 4244
Parsing steps: 50213 steps
Cky conversion steps: 306830 steps
Chart START items len: 14338
Chart keys len: 14578
Chart items len: 67216

Parsing sen 4249
Parsing steps: 26697 steps
Cky conversion steps: 98405 steps
Chart START items len: 5791
Chart keys len: 5958
Chart items len: 26290

Parsing sen 4250
Parsing steps: 139717 steps
Cky conversion steps: 259915 steps
Chart START items len: 22137
Chart keys len: 23052
Chart items len: 109106

Parsing sen 4253
Parsing steps: 8745 steps
Cky conversion steps: 13531 steps
Chart START items len: 1006
Chart keys len: 1097
Chart items len: 4208

Parsing sen 4256
Parsing steps: 14027 steps
Cky conversion steps: 42028 steps
Chart START items len: 2492
Chart keys len: 2617
Chart items len: 11990

Parsing sen 4259
Parsing steps: 6254 steps
Cky conversion steps: 7533 steps
Chart START items len: 1046
Chart keys len: 1121
Chart items len: 4350

Parsing sen 4261
Parse did not finish:
- steps: 64528
- queue len: 52949
- attempted len: 20000806

Parsing sen 4264
Parse did not finish:
- steps: 93383
- queue len: 166983
- attempted len: 20000052

Parsing sen 4266
Parse did not finish:
- steps: 48256
- queue len: 41868
- attempted len: 20001053

Parsing sen 4267
Parsing steps: 110215 steps
Cky conversion steps: 755963 steps
Chart START items len: 33368
Chart keys len: 33635
Chart items len: 170424

Parsing sen 4270
Parsing steps: 9291 steps
Cky conversion steps: 19267 steps
Chart START items len: 1192
Chart keys len: 1311
Chart items len: 5513

Parsing sen 4273
Parsing steps: 44330 steps
Cky conversion steps: 81355 steps
Chart START items len: 7638
Chart keys len: 8006
Chart items len: 31168

Parsing sen 4274
Parse did not finish:
- steps: 59110
- queue len: 30014
- attempted len: 20001189

Parsing sen 4276
Parsing steps: 2913 steps
Cky conversion steps: 713 steps
Chart START items len: 90
Chart keys len: 125
Chart items len: 323

Parsing sen 4279
Parsing steps: 3330 steps
Cky conversion steps: 19286 steps
Chart START items len: 674
Chart keys len: 691
Chart items len: 2875

Parsing sen 4280
Parsing steps: 2933 steps
Cky conversion steps: 7585 steps
Chart START items len: 544
Chart keys len: 568
Chart items len: 2217

Parsing sen 4282
Parsing steps: 190239 steps
Cky conversion steps: 1465866 steps
Chart START items len: 63472
Chart keys len: 63735
Chart items len: 311687

Parsing sen 4283
Parsing steps: 9582 steps
Cky conversion steps: 3223 steps
Chart START items len: 409
Chart keys len: 460
Chart items len: 1660

Parsing sen 4284
Parsing steps: 47677 steps
Cky conversion steps: 5002 steps
Chart START items len: 462
Chart keys len: 553
Chart items len: 1720

Parsing sen 4285
Parsing steps: 930 steps
Cky conversion steps: 752 steps
Chart START items len: 58
Chart keys len: 65
Chart items len: 205

Parsing sen 4286
Parsing steps: 135832 steps
Cky conversion steps: 1478816 steps
Chart START items len: 41281
Chart keys len: 41409
Chart items len: 195757

Parsing sen 4287
Parse did not finish:
- steps: 53358
- queue len: 75962
- attempted len: 20000849

Parsing sen 4291
Parse did not finish:
- steps: 88178
- queue len: 50199
- attempted len: 20000356

Parsing sen 4294
Parse did not finish:
- steps: 262233
- queue len: 155818
- attempted len: 20000270

Parsing sen 4296
Parse did not finish:
- steps: 148618
- queue len: 48500
- attempted len: 20000593

Parsing sen 4302
Parse did not finish:
- steps: 62312
- queue len: 122296
- attempted len: 20000316

Parsing sen 4303
Parsing steps: 15537 steps
Cky conversion steps: 33410 steps
Chart START items len: 2456
Chart keys len: 2605
Chart items len: 10446

Parsing sen 4304
Parse did not finish:
- steps: 57546
- queue len: 18325
- attempted len: 20000813

Parsing sen 4309
Parse did not finish:
- steps: 61741
- queue len: 37253
- attempted len: 20000253

Parsing sen 4313
Parsing steps: 6068 steps
Cky conversion steps: 537 steps
Chart START items len: 69
Chart keys len: 89
Chart items len: 239

Parsing sen 4314
Parsing steps: 11390 steps
Cky conversion steps: 4427 steps
Chart START items len: 354
Chart keys len: 414
Chart items len: 1264

Parsing sen 4316
Parsing steps: 226299 steps
Cky conversion steps: 1574836 steps
Chart START items len: 90935
Chart keys len: 91490
Chart items len: 422616

Parsing sen 4319
Parsing steps: 15567 steps
Cky conversion steps: 72167 steps
Chart START items len: 4487
Chart keys len: 4570
Chart items len: 20739

Parsing sen 4322
Parsing steps: 128125 steps
Cky conversion steps: 1225860 steps
Chart START items len: 47136
Chart keys len: 47694
Chart items len: 242461

Parsing sen 4324
Parse did not finish:
- steps: 215983
- queue len: 28408
- attempted len: 20000164

Parsing sen 4327
Parse did not finish:
- steps: 182185
- queue len: 66632
- attempted len: 20000293

Parsing sen 4331
Parsing steps: 2402 steps
Cky conversion steps: 6565 steps
Chart START items len: 299
Chart keys len: 317
Chart items len: 1439

Parsing sen 4332
Parsing steps: 28515 steps
Cky conversion steps: 25617 steps
Chart START items len: 1882
Chart keys len: 2163
Chart items len: 7540

Parsing sen 4334
Parsing steps: 17588 steps
Cky conversion steps: 16035 steps
Chart START items len: 1305
Chart keys len: 1560
Chart items len: 4970

Parsing sen 4335
Parsing steps: 29780 steps
Cky conversion steps: 695 steps
Chart START items len: 81
Chart keys len: 123
Chart items len: 293

Parsing sen 4337
Parsing steps: 2108 steps
Cky conversion steps: 2811 steps
Chart START items len: 164
Chart keys len: 178
Chart items len: 609

Parsing sen 4338
Parse did not finish:
- steps: 284364
- queue len: 97436
- attempted len: 20000292

Parsing sen 4339
Parse did not finish:
- steps: 62449
- queue len: 64734
- attempted len: 20001102

Parsing sen 4340
Parsing steps: 12577 steps
Cky conversion steps: 85002 steps
Chart START items len: 3161
Chart keys len: 3198
Chart items len: 13930

Parsing sen 4341
Parse did not finish:
- steps: 327985
- queue len: 885072
- attempted len: 20000322

Parsing sen 4345
Parse did not finish:
- steps: 87002
- queue len: 212827
- attempted len: 20000115

Parsing sen 4349
Parse did not finish:
- steps: 213177
- queue len: 114991
- attempted len: 20000124

Parsing sen 4351
Parse did not finish:
- steps: 362777
- queue len: 309685
- attempted len: 20000016

Parsing sen 4355
Parsing steps: 43647 steps
Cky conversion steps: 441843 steps
Chart START items len: 15897
Chart keys len: 15993
Chart items len: 76798

Parsing sen 4356
Parsing steps: 2940 steps
Cky conversion steps: 14873 steps
Chart START items len: 543
Chart keys len: 558
Chart items len: 2312

Parsing sen 4357
Parse did not finish:
- steps: 142884
- queue len: 104290
- attempted len: 20000836

Parsing sen 4359
Parsing steps: 32009 steps
Cky conversion steps: 332207 steps
Chart START items len: 8710
Chart keys len: 8782
Chart items len: 40439

Parsing sen 4360
Parse did not finish:
- steps: 132239
- queue len: 294013
- attempted len: 20000332

Parsing sen 4362
Parsing steps: 9300 steps
Cky conversion steps: 33932 steps
Chart START items len: 2364
Chart keys len: 2419
Chart items len: 10079

Parsing sen 4364
Parsing steps: 2260 steps
Cky conversion steps: 4753 steps
Chart START items len: 220
Chart keys len: 235
Chart items len: 886

Parsing sen 4365
Parsing steps: 1465 steps
Cky conversion steps: 419 steps
Chart START items len: 47
Chart keys len: 62
Chart items len: 161

Parsing sen 4366
Parsing steps: 112216 steps
Cky conversion steps: 1550506 steps
Chart START items len: 47577
Chart keys len: 47679
Chart items len: 262511

Parsing sen 4370
Parsing steps: 44744 steps
Cky conversion steps: 96554 steps
Chart START items len: 6497
Chart keys len: 7012
Chart items len: 25888

Parsing sen 4372
Parsing steps: 15654 steps
Cky conversion steps: 12624 steps
Chart START items len: 1230
Chart keys len: 1489
Chart items len: 4754

Parsing sen 4374
Parsing steps: 10191 steps
Cky conversion steps: 14816 steps
Chart START items len: 1268
Chart keys len: 1337
Chart items len: 6078

Parsing sen 4376
Parse did not finish:
- steps: 93999
- queue len: 124413
- attempted len: 20001451

Parsing sen 4379
Parsing steps: 25227 steps
Cky conversion steps: 213192 steps
Chart START items len: 7849
Chart keys len: 7907
Chart items len: 37216

Parsing sen 4380
Parsing steps: 100582 steps
Cky conversion steps: 10565 steps
Chart START items len: 776
Chart keys len: 1199
Chart items len: 2859

Parsing sen 4382
Parse did not finish:
- steps: 214274
- queue len: 86255
- attempted len: 20000041

Parsing sen 4385
Parse did not finish:
- steps: 329776
- queue len: 389191
- attempted len: 20000001

Parsing sen 4391
Parse did not finish:
- steps: 345392
- queue len: 477507
- attempted len: 20000055

Parsing sen 4392
Parse did not finish:
- steps: 75053
- queue len: 74887
- attempted len: 20000329

Parsing sen 4395
Parse did not finish:
- steps: 103135
- queue len: 312244
- attempted len: 20000556

Parsing sen 4397
Parsing steps: 8421 steps
Cky conversion steps: 1301 steps
Chart START items len: 181
Chart keys len: 204
Chart items len: 578

Parsing sen 4398
Parsing steps: 433974 steps
Cky conversion steps: 4454392 steps
Chart START items len: 163505
Chart keys len: 163947
Chart items len: 813301

Parsing sen 4400
Parsing steps: 19996 steps
Cky conversion steps: 13042 steps
Chart START items len: 1996
Chart keys len: 2054
Chart items len: 7292

Parsing sen 4402
Parse did not finish:
- steps: 76236
- queue len: 103800
- attempted len: 20000450

Parsing sen 4405
Parse did not finish:
- steps: 202664
- queue len: 375057
- attempted len: 20000093

Parsing sen 4406
Parsing steps: 48297 steps
Cky conversion steps: 318699 steps
Chart START items len: 21375
Chart keys len: 21515
Chart items len: 104177

Parsing sen 4407
Parsing steps: 1946809 steps
Cky conversion did not finish:
- steps: 10847303

Parsing sen 4408
Parsing steps: 21696 steps
Cky conversion steps: 36439 steps
Chart START items len: 1833
Chart keys len: 2006
Chart items len: 7139

Parsing sen 4413
Parse did not finish:
- steps: 65021
- queue len: 36608
- attempted len: 20000804

Parsing sen 4416
Parsing steps: 72868 steps
Cky conversion steps: 321953 steps
Chart START items len: 14976
Chart keys len: 15656
Chart items len: 66671

Parsing sen 4418
Parse did not finish:
- steps: 70239
- queue len: 88322
- attempted len: 20000403

Parsing sen 4422
Parsing steps: 92225 steps
Cky conversion steps: 285983 steps
Chart START items len: 12386
Chart keys len: 13323
Chart items len: 49280

Parsing sen 4423
Parsing steps: 113912 steps
Cky conversion steps: 770155 steps
Chart START items len: 62578
Chart keys len: 62850
Chart items len: 283388

Parsing sen 4425
Parsing steps: 4800 steps
Cky conversion steps: 5221 steps
Chart START items len: 335
Chart keys len: 361
Chart items len: 1371

Parsing sen 4427
Parsing steps: 4979 steps
Cky conversion steps: 5376 steps
Chart START items len: 431
Chart keys len: 467
Chart items len: 1691

Parsing sen 4429
Parse did not finish:
- steps: 282448
- queue len: 271741
- attempted len: 20000466

Parsing sen 4433
Parsing steps: 102335 steps
Cky conversion steps: 1166229 steps
Chart START items len: 33940
Chart keys len: 34083
Chart items len: 159546

Parsing sen 4434
Parsing steps: 10187 steps
Cky conversion steps: 33716 steps
Chart START items len: 1731
Chart keys len: 1842
Chart items len: 8067

Parsing sen 4438
Parse did not finish:
- steps: 114987
- queue len: 168672
- attempted len: 20000206

Parsing sen 4440
Parsing steps: 16544 steps
Cky conversion steps: 13310 steps
Chart START items len: 1292
Chart keys len: 1447
Chart items len: 5154

Parsing sen 4443
Parsing steps: 4798 steps
Cky conversion steps: 16488 steps
Chart START items len: 980
Chart keys len: 1006
Chart items len: 4487

Parsing sen 4445
Parsing steps: 52364 steps
Cky conversion steps: 735396 steps
Chart START items len: 19686
Chart keys len: 19748
Chart items len: 93679

Parsing sen 4446
Parse did not finish:
- steps: 83494
- queue len: 287233
- attempted len: 20000179

Parsing sen 4452
Parse did not finish:
- steps: 80267
- queue len: 141075
- attempted len: 20000636

Parsing sen 4454
Parsing steps: 274252 steps
Cky conversion steps: 158442 steps
Chart START items len: 23324
Chart keys len: 23469
Chart items len: 88959

Parsing sen 4456
Parsing steps: 46906 steps
Cky conversion steps: 244225 steps
Chart START items len: 12305
Chart keys len: 12664
Chart items len: 66048

Parsing sen 4459
Parse did not finish:
- steps: 101995
- queue len: 143592
- attempted len: 20000398

Parsing sen 4464
Parse did not finish:
- steps: 185107
- queue len: 214713
- attempted len: 20000654

Parsing sen 4467
Parse did not finish:
- steps: 50470
- queue len: 19131
- attempted len: 20001243

Parsing sen 4469
Parse did not finish:
- steps: 96889
- queue len: 439854
- attempted len: 20000935

Parsing sen 4476
Parsing steps: 130357 steps
Cky conversion steps: 1937259 steps
Chart START items len: 54193
Chart keys len: 54289
Chart items len: 272625

Parsing sen 4478
Parsing steps: 1848 steps
Cky conversion steps: 1355 steps
Chart START items len: 85
Chart keys len: 91
Chart items len: 312

Parsing sen 4479
Parsing steps: 21722 steps
Cky conversion steps: 5187 steps
Chart START items len: 458
Chart keys len: 712
Chart items len: 1752

Parsing sen 4481
Parsing steps: 51136 steps
Cky conversion steps: 403878 steps
Chart START items len: 14425
Chart keys len: 14507
Chart items len: 66512

Parsing sen 4482
Parsing steps: 57652 steps
Cky conversion steps: 73700 steps
Chart START items len: 5424
Chart keys len: 6111
Chart items len: 22613

Parsing sen 4484
Parsing steps: 56737 steps
Cky conversion steps: 121769 steps
Chart START items len: 7571
Chart keys len: 8911
Chart items len: 41659

Parsing sen 4486
Parsing steps: 46274 steps
Cky conversion steps: 84657 steps
Chart START items len: 5362
Chart keys len: 5935
Chart items len: 22217

Parsing sen 4487
Parsing steps: 8745 steps
Cky conversion steps: 36389 steps
Chart START items len: 2861
Chart keys len: 2943
Chart items len: 14013

Parsing sen 4489
Parsing steps: 14421 steps
Cky conversion steps: 75020 steps
Chart START items len: 3547
Chart keys len: 3631
Chart items len: 16930

Parsing sen 4491
Parse did not finish:
- steps: 48296
- queue len: 46604
- attempted len: 20000655

Parsing sen 4495
Parsing steps: 3907 steps
Cky conversion steps: 2711 steps
Chart START items len: 176
Chart keys len: 199
Chart items len: 726

Parsing sen 4497
Parsing steps: 59267 steps
Cky conversion steps: 27794 steps
Chart START items len: 3957
Chart keys len: 4751
Chart items len: 13826

Parsing sen 4498
Parsing steps: 45684 steps
Cky conversion steps: 196091 steps
Chart START items len: 8943
Chart keys len: 9272
Chart items len: 39390

Parsing sen 4499
Parsing steps: 82833 steps
Cky conversion steps: 43567 steps
Chart START items len: 6628
Chart keys len: 7157
Chart items len: 24019

Parsing sen 4501
Parsing steps: 11261 steps
Cky conversion steps: 12273 steps
Chart START items len: 936
Chart keys len: 1077
Chart items len: 3520

Parsing sen 4502
Parse did not finish:
- steps: 95764
- queue len: 320434
- attempted len: 20000805

Parsing sen 4505
Parsing steps: 8091 steps
Cky conversion steps: 8095 steps
Chart START items len: 478
Chart keys len: 526
Chart items len: 1939

Parsing sen 4507
Parsing steps: 10432 steps
Cky conversion steps: 34897 steps
Chart START items len: 1638
Chart keys len: 1706
Chart items len: 8622

Parsing sen 4509
Parsing steps: 19492 steps
Cky conversion steps: 192043 steps
Chart START items len: 7058
Chart keys len: 7101
Chart items len: 33803

Parsing sen 4511
Parsing steps: 83950 steps
Cky conversion steps: 29220 steps
Chart START items len: 4325
Chart keys len: 4418
Chart items len: 16096

Parsing sen 4512
Parse did not finish:
- steps: 231741
- queue len: 752239
- attempted len: 20000634

Parsing sen 4514
Parse did not finish:
- steps: 93748
- queue len: 27723
- attempted len: 20000229

Parsing sen 4519
Parsing steps: 31742 steps
Cky conversion steps: 10721 steps
Chart START items len: 998
Chart keys len: 1280
Chart items len: 3606

Parsing sen 4520
Parse did not finish:
- steps: 183869
- queue len: 85448
- attempted len: 20000079

Parsing sen 4522
Parse did not finish:
- steps: 218263
- queue len: 170922
- attempted len: 20000322

Parsing sen 4526
Parsing steps: 6873 steps
Cky conversion steps: 44095 steps
Chart START items len: 1284
Chart keys len: 1306
Chart items len: 5567

Parsing sen 4527
Parse did not finish:
- steps: 239559
- queue len: 104908
- attempted len: 20000321

Parsing sen 4530
Parse did not finish:
- steps: 52798
- queue len: 36677
- attempted len: 20000851

Parsing sen 4535
Parse did not finish:
- steps: 209459
- queue len: 130390
- attempted len: 20000377

Parsing sen 4536
Parsing steps: 56156 steps
Cky conversion steps: 71429 steps
Chart START items len: 7638
Chart keys len: 7809
Chart items len: 28562

Parsing sen 4537
Parsing steps: 43416 steps
Cky conversion steps: 221318 steps
Chart START items len: 8985
Chart keys len: 9165
Chart items len: 41980

Parsing sen 4538
Parse did not finish:
- steps: 800148
- queue len: 193250
- attempted len: 20000209

Parsing sen 4543
Parsing steps: 98084 steps
Cky conversion steps: 344301 steps
Chart START items len: 22720
Chart keys len: 23981
Chart items len: 107036

Parsing sen 4547
Parsing steps: 350827 steps
Cky conversion steps: 5302854 steps
Chart START items len: 132930
Chart keys len: 133188
Chart items len: 666794

Parsing sen 4548
Parse did not finish:
- steps: 91833
- queue len: 172639
- attempted len: 20000471

Parsing sen 4553
Parse did not finish:
- steps: 84215
- queue len: 45986
- attempted len: 20000758

Parsing sen 4554
Parse did not finish:
- steps: 75718
- queue len: 48783
- attempted len: 20000332

Parsing sen 4557
Parse did not finish:
- steps: 91231
- queue len: 70097
- attempted len: 20000400

Parsing sen 4561
Parse did not finish:
- steps: 339514
- queue len: 1096206
- attempted len: 20000123

Parsing sen 4563
Parsing steps: 271047 steps
Cky conversion steps: 2977524 steps
Chart START items len: 82894
Chart keys len: 83351
Chart items len: 378721

Parsing sen 4564
Parse did not finish:
- steps: 64205
- queue len: 21224
- attempted len: 20001346

Parsing sen 4566
Parse did not finish:
- steps: 194397
- queue len: 63462
- attempted len: 20000100

Parsing sen 4568
Parse did not finish:
- steps: 72231
- queue len: 80301
- attempted len: 20001759

Parsing sen 4569
Parsing steps: 8746 steps
Cky conversion steps: 3374 steps
Chart START items len: 167
Chart keys len: 176
Chart items len: 649

Parsing sen 4570
Parsing steps: 3228 steps
Cky conversion steps: 11147 steps
Chart START items len: 484
Chart keys len: 502
Chart items len: 2008

Parsing sen 4571
Parse did not finish:
- steps: 139694
- queue len: 71069
- attempted len: 20000031

Parsing sen 4572
Parse did not finish:
- steps: 187687
- queue len: 1474292
- attempted len: 20000162

Parsing sen 4580
Parse did not finish:
- steps: 182431
- queue len: 123854
- attempted len: 20000689

Parsing sen 4582
Parsing steps: 3188 steps
Cky conversion steps: 1484 steps
Chart START items len: 228
Chart keys len: 253
Chart items len: 803

Parsing sen 4583
Parse did not finish:
- steps: 130097
- queue len: 229605
- attempted len: 20000338

Parsing sen 4589
Parse did not finish:
- steps: 44775
- queue len: 15930
- attempted len: 20001395

Parsing sen 4594
Parse did not finish:
- steps: 79141
- queue len: 214970
- attempted len: 20001237

Parsing sen 4600
Parse did not finish:
- steps: 124255
- queue len: 56948
- attempted len: 20000307

Parsing sen 4604
Parsing steps: 1808 steps
Cky conversion steps: 4452 steps
Chart START items len: 252
Chart keys len: 266
Chart items len: 1079

Parsing sen 4605
Parse did not finish:
- steps: 360248
- queue len: 364591
- attempted len: 20000296

Parsing sen 4608
Parse did not finish:
- steps: 66047
- queue len: 36907
- attempted len: 20001465

Parsing sen 4611
Parsing steps: 4208 steps
Cky conversion steps: 18359 steps
Chart START items len: 621
Chart keys len: 634
Chart items len: 2678

Parsing sen 4612
Parsing steps: 50488 steps
Cky conversion steps: 418763 steps
Chart START items len: 14148
Chart keys len: 14260
Chart items len: 65426

Parsing sen 4613
Parse did not finish:
- steps: 1207377
- queue len: 2266969
- attempted len: 20000191

Parsing sen 4617
Parsing steps: 91154 steps
Cky conversion steps: 492035 steps
Chart START items len: 25772
Chart keys len: 26501
Chart items len: 116583

Parsing sen 4618
Parsing steps: 25267 steps
Cky conversion steps: 170442 steps
Chart START items len: 6068
Chart keys len: 6133
Chart items len: 30060

Parsing sen 4619
Parse did not finish:
- steps: 194154
- queue len: 1443868
- attempted len: 20000240

Parsing sen 4623
Parse did not finish:
- steps: 52454
- queue len: 23651
- attempted len: 20000469

Parsing sen 4626
Parsing steps: 261143 steps
Cky conversion steps: 1461973 steps
Chart START items len: 109016
Chart keys len: 109401
Chart items len: 537576

Parsing sen 4627
Parse did not finish:
- steps: 110072
- queue len: 49302
- attempted len: 20000471

Parsing sen 4629
Parsing steps: 62266 steps
Cky conversion steps: 193035 steps
Chart START items len: 17757
Chart keys len: 18535
Chart items len: 98709

Parsing sen 4630
Parsing steps: 1956 steps
Cky conversion steps: 2898 steps
Chart START items len: 225
Chart keys len: 248
Chart items len: 973

Parsing sen 4632
Parse did not finish:
- steps: 187838
- queue len: 191222
- attempted len: 20000318

Parsing sen 4636
Parse did not finish:
- steps: 51738
- queue len: 35068
- attempted len: 20001487

Parsing sen 4638
Parse did not finish:
- steps: 432169
- queue len: 298718
- attempted len: 20000188

Parsing sen 4641
Parse did not finish:
- steps: 104274
- queue len: 426129
- attempted len: 20000306

Parsing sen 4645
Parsing steps: 2777 steps
Cky conversion steps: 15711 steps
Chart START items len: 601
Chart keys len: 618
Chart items len: 2637

Parsing sen 4646
Parsing steps: 285005 steps
Cky conversion steps: 2284555 steps
Chart START items len: 89735
Chart keys len: 90725
Chart items len: 472889

Parsing sen 4648
Parsing steps: 97752 steps
Cky conversion steps: 980179 steps
Chart START items len: 37010
Chart keys len: 37102
Chart items len: 175007

Parsing sen 4651
Parse did not finish:
- steps: 64812
- queue len: 26460
- attempted len: 20000990

Parsing sen 4653
Parsing steps: 87431 steps
Cky conversion steps: 975424 steps
Chart START items len: 31978
Chart keys len: 32084
Chart items len: 158409

Parsing sen 4655
Parse did not finish:
- steps: 74777
- queue len: 107917
- attempted len: 20001368

Parsing sen 4658
Parsing steps: 5943 steps
Cky conversion steps: 36434 steps
Chart START items len: 1322
Chart keys len: 1346
Chart items len: 5921

Parsing sen 4659
Parsing steps: 102280 steps
Cky conversion steps: 156356 steps
Chart START items len: 17552
Chart keys len: 17791
Chart items len: 66332

Parsing sen 4661
Parse did not finish:
- steps: 152364
- queue len: 310578
- attempted len: 20000480

Parsing sen 4662
Parse did not finish:
- steps: 145891
- queue len: 421835
- attempted len: 20000159

Parsing sen 4666
Parse did not finish:
- steps: 494217
- queue len: 39484
- attempted len: 20000080

Parsing sen 4668
Parsing steps: 30118 steps
Cky conversion steps: 248340 steps
Chart START items len: 8837
Chart keys len: 8906
Chart items len: 41998

Parsing sen 4669
Parsing steps: 62016 steps
Cky conversion steps: 127160 steps
Chart START items len: 7163
Chart keys len: 7692
Chart items len: 27274

Parsing sen 4671
Parse did not finish:
- steps: 71235
- queue len: 60788
- attempted len: 20000091

Parsing sen 4675
Parse did not finish:
- steps: 66772
- queue len: 19464
- attempted len: 20000006

Parsing sen 4680
Parse did not finish:
- steps: 591348
- queue len: 885364
- attempted len: 20000102

Parsing sen 4682
Parsing steps: 7482 steps
Cky conversion steps: 30221 steps
Chart START items len: 1329
Chart keys len: 1366
Chart items len: 6451

Parsing sen 4683
Parse did not finish:
- steps: 137053
- queue len: 68153
- attempted len: 20000175

Parsing sen 4684
Parsing steps: 30402 steps
Cky conversion steps: 15371 steps
Chart START items len: 1313
Chart keys len: 2275
Chart items len: 5433

Parsing sen 4686
Parsing steps: 149941 steps
Cky conversion steps: 91226 steps
Chart START items len: 15006
Chart keys len: 15286
Chart items len: 49542

Parsing sen 4690
Parsing steps: 81171 steps
Cky conversion steps: 876499 steps
Chart START items len: 23681
Chart keys len: 23817
Chart items len: 127090

Parsing sen 4692
Parsing steps: 9845 steps
Cky conversion steps: 389 steps
Chart START items len: 46
Chart keys len: 58
Chart items len: 160

Parsing sen 4694
Parsing steps: 6166 steps
Cky conversion steps: 3406 steps
Chart START items len: 507
Chart keys len: 539
Chart items len: 1835

Parsing sen 4695
Parsing steps: 10233 steps
Cky conversion steps: 3206 steps
Chart START items len: 388
Chart keys len: 439
Chart items len: 1279

Parsing sen 4697
Parse did not finish:
- steps: 87617
- queue len: 214876
- attempted len: 20001394

Parsing sen 4701
Parsing steps: 357358 steps
Cky conversion steps: 2561 steps
Chart START items len: 262
Chart keys len: 361
Chart items len: 1016

Parsing sen 4703
Parsing steps: 1113 steps
Cky conversion steps: 458 steps
Chart START items len: 50
Chart keys len: 60
Chart items len: 189

Parsing sen 4705
Parse did not finish:
- steps: 104638
- queue len: 47368
- attempted len: 20000216

Parsing sen 4708
Parsing steps: 11493 steps
Cky conversion steps: 5357 steps
Chart START items len: 632
Chart keys len: 719
Chart items len: 2562

Parsing sen 4710
Parsing steps: 5848 steps
Cky conversion steps: 6456 steps
Chart START items len: 560
Chart keys len: 634
Chart items len: 2040

Parsing sen 4712
Parsing steps: 53782 steps
Cky conversion steps: 179486 steps
Chart START items len: 8103
Chart keys len: 8769
Chart items len: 32066

Parsing sen 4714
Parsing steps: 15068 steps
Cky conversion steps: 7455 steps
Chart START items len: 415
Chart keys len: 466
Chart items len: 1757

Parsing sen 4718
Parsing steps: 152534 steps
Cky conversion steps: 1057946 steps
Chart START items len: 80245
Chart keys len: 80913
Chart items len: 512168

Parsing sen 4720
Parse did not finish:
- steps: 312449
- queue len: 188508
- attempted len: 20000158

Parsing sen 4724
Parse did not finish:
- steps: 146397
- queue len: 283750
- attempted len: 20000019

Parsing sen 4726
Parse did not finish:
- steps: 92376
- queue len: 71955
- attempted len: 20000120

Parsing sen 4732
Parse did not finish:
- steps: 75382
- queue len: 100719
- attempted len: 20000162

Parsing sen 4735
Parsing steps: 38134 steps
Cky conversion steps: 73075 steps
Chart START items len: 3175
Chart keys len: 3493
Chart items len: 13443

Parsing sen 4740
Parse did not finish:
- steps: 284089
- queue len: 807168
- attempted len: 20000444

Parsing sen 4741
Parsing steps: 65064 steps
Cky conversion steps: 5175 steps
Chart START items len: 245
Chart keys len: 258
Chart items len: 982

Parsing sen 4742
Parse did not finish:
- steps: 283332
- queue len: 496359
- attempted len: 20000323

Parsing sen 4746
Parsing steps: 10538 steps
Cky conversion steps: 5734 steps
Chart START items len: 598
Chart keys len: 797
Chart items len: 2241

Parsing sen 4747
Parsing steps: 4212 steps
Cky conversion steps: 6012 steps
Chart START items len: 300
Chart keys len: 318
Chart items len: 1278

Parsing sen 4750
Parsing steps: 7142 steps
Cky conversion steps: 2020 steps
Chart START items len: 212
Chart keys len: 268
Chart items len: 824

Parsing sen 4751
Parsing steps: 12895 steps
Cky conversion steps: 22080 steps
Chart START items len: 1446
Chart keys len: 1627
Chart items len: 6122

Parsing sen 4752
Parse did not finish:
- steps: 228919
- queue len: 44167
- attempted len: 20000686

Parsing sen 4759
Parse did not finish:
- steps: 64681
- queue len: 195659
- attempted len: 20000087

Parsing sen 4764
Parsing steps: 405553 steps
Cky conversion steps: 5096492 steps
Chart START items len: 170745
Chart keys len: 170914
Chart items len: 835013

Parsing sen 4765
Parse did not finish:
- steps: 58754
- queue len: 52724
- attempted len: 20001125

Parsing sen 4768
Parsing steps: 76616 steps
Cky conversion steps: 112611 steps
Chart START items len: 8388
Chart keys len: 9397
Chart items len: 33673

Parsing sen 4771
Parse did not finish:
- steps: 88302
- queue len: 30939
- attempted len: 20000535

Parsing sen 4774
Parse did not finish:
- steps: 257120
- queue len: 253251
- attempted len: 20000205

Parsing sen 4780
Parse did not finish:
- steps: 125558
- queue len: 593176
- attempted len: 20001089

Parsing sen 4787
Parse did not finish:
- steps: 94751
- queue len: 103265
- attempted len: 20000370

Parsing sen 4794
Parsing steps: 4122 steps
Cky conversion steps: 1752 steps
Chart START items len: 263
Chart keys len: 315
Chart items len: 906

Parsing sen 4796
Parse did not finish:
- steps: 56326
- queue len: 106319
- attempted len: 20001258

Parsing sen 4798
Parse did not finish:
- steps: 155100
- queue len: 131975
- attempted len: 20000495

Parsing sen 4800
Parsing steps: 15558 steps
Cky conversion steps: 23297 steps
Chart START items len: 2184
Chart keys len: 2331
Chart items len: 9395

Parsing sen 4802
Parse did not finish:
- steps: 58290
- queue len: 114665
- attempted len: 20000548

Parsing sen 4803
Parsing steps: 6762 steps
Cky conversion steps: 29609 steps
Chart START items len: 1348
Chart keys len: 1378
Chart items len: 5809

Parsing sen 4804
Parsing steps: 28585 steps
Cky conversion steps: 27152 steps
Chart START items len: 2869
Chart keys len: 2978
Chart items len: 10051

Parsing sen 4806
Parse did not finish:
- steps: 110466
- queue len: 370635
- attempted len: 20000712

Parsing sen 4808
Parse did not finish:
- steps: 67597
- queue len: 159021
- attempted len: 20000586

Parsing sen 4812
Parsing steps: 9591 steps
Cky conversion steps: 8027 steps
Chart START items len: 825
Chart keys len: 931
Chart items len: 3330

Parsing sen 4813
Parse did not finish:
- steps: 141135
- queue len: 581933
- attempted len: 20001275

Parsing sen 4818
Parsing steps: 14552 steps
Cky conversion steps: 123299 steps
Chart START items len: 4181
Chart keys len: 4218
Chart items len: 18699

Parsing sen 4819
Parse did not finish:
- steps: 72077
- queue len: 299696
- attempted len: 20001203

Parsing sen 4823
Parse did not finish:
- steps: 66388
- queue len: 565446
- attempted len: 20000582

Parsing sen 4824
Parsing steps: 895 steps
Cky conversion steps: 2740 steps
Chart START items len: 118
Chart keys len: 120
Chart items len: 474

Parsing sen 4825
Parsing steps: 42179 steps
Cky conversion steps: 142002 steps
Chart START items len: 8164
Chart keys len: 8330
Chart items len: 34677

Parsing sen 4827
Parse did not finish:
- steps: 76998
- queue len: 111119
- attempted len: 20000151

Parsing sen 4831
Parse did not finish:
- steps: 52210
- queue len: 24543
- attempted len: 20000117

Parsing sen 4837
Parse did not finish:
- steps: 248577
- queue len: 231653
- attempted len: 20000327

Parsing sen 4839
Parsing steps: 3887 steps
Cky conversion steps: 18352 steps
Chart START items len: 831
Chart keys len: 853
Chart items len: 3982

Parsing sen 4841
Parsing steps: 730881 steps
Cky conversion steps: 9400713 steps
Chart START items len: 284676
Chart keys len: 284984
Chart items len: 1522483

Parsing sen 4845
Parsing steps: 30814 steps
Cky conversion steps: 51741 steps
Chart START items len: 5361
Chart keys len: 5605
Chart items len: 22440

Parsing sen 4847
Parse did not finish:
- steps: 74858
- queue len: 47822
- attempted len: 20000008

Parsing sen 4851
Parse did not finish:
- steps: 77283
- queue len: 33135
- attempted len: 20000566

Parsing sen 4854
Parse did not finish:
- steps: 89228
- queue len: 31446
- attempted len: 20000595

Parsing sen 4856
Parsing steps: 2037 steps
Cky conversion steps: 404 steps
Chart START items len: 53
Chart keys len: 70
Chart items len: 176

Parsing sen 4857
Parse did not finish:
- steps: 77698
- queue len: 35910
- attempted len: 20000414

Parsing sen 4863
Parsing steps: 36534 steps
Cky conversion steps: 215399 steps
Chart START items len: 9033
Chart keys len: 9282
Chart items len: 52988

Parsing sen 4867
Parse did not finish:
- steps: 217560
- queue len: 102590
- attempted len: 20000165

Parsing sen 4869
Parsing steps: 3058 steps
Cky conversion steps: 1300 steps
Chart START items len: 133
Chart keys len: 165
Chart items len: 536

Parsing sen 4870
Parse did not finish:
- steps: 62710
- queue len: 54037
- attempted len: 20002034

Parsing sen 4873
Parsing steps: 11047 steps
Cky conversion steps: 30932 steps
Chart START items len: 1602
Chart keys len: 1681
Chart items len: 6747

Parsing sen 4874
Parsing steps: 145477 steps
Cky conversion steps: 20177 steps
Chart START items len: 1019
Chart keys len: 1171
Chart items len: 4366

Parsing sen 4877
Parsing steps: 56648 steps
Cky conversion steps: 96756 steps
Chart START items len: 9345
Chart keys len: 9941
Chart items len: 40761

Parsing sen 4879
Parsing steps: 47032 steps
Cky conversion steps: 92078 steps
Chart START items len: 8928
Chart keys len: 9250
Chart items len: 38858

Parsing sen 4880
Parsing steps: 14090 steps
Cky conversion steps: 107359 steps
Chart START items len: 4301
Chart keys len: 4350
Chart items len: 22230

Parsing sen 4886
Parsing steps: 4258 steps
Cky conversion steps: 17007 steps
Chart START items len: 973
Chart keys len: 1006
Chart items len: 4372

Parsing sen 4888
Parsing steps: 4023 steps
Cky conversion steps: 440 steps
Chart START items len: 64
Chart keys len: 74
Chart items len: 217

Parsing sen 4891
Parsing steps: 66181 steps
Cky conversion steps: 97973 steps
Chart START items len: 8788
Chart keys len: 9967
Chart items len: 43476

Parsing sen 4893
Parsing steps: 13025 steps
Cky conversion steps: 102805 steps
Chart START items len: 3381
Chart keys len: 3434
Chart items len: 16187

Parsing sen 4894
Parsing steps: 63829 steps
Cky conversion steps: 669670 steps
Chart START items len: 22838
Chart keys len: 22970
Chart items len: 111599

Parsing sen 4896
Parsing steps: 4663 steps
Cky conversion steps: 5668 steps
Chart START items len: 451
Chart keys len: 513
Chart items len: 1880

Parsing sen 4898
Parsing steps: 1543 steps
Cky conversion steps: 2043 steps
Chart START items len: 141
Chart keys len: 155
Chart items len: 554

Parsing sen 4899
Parsing steps: 9614 steps
Cky conversion steps: 4295 steps
Chart START items len: 645
Chart keys len: 698
Chart items len: 2314

Parsing sen 4901
Parsing steps: 15379 steps
Cky conversion steps: 1954 steps
Chart START items len: 265
Chart keys len: 341
Chart items len: 856

Parsing sen 4902
Parsing steps: 6658 steps
Cky conversion steps: 14358 steps
Chart START items len: 731
Chart keys len: 802
Chart items len: 2919

Parsing sen 4904
Parsing steps: 12666 steps
Cky conversion steps: 102831 steps
Chart START items len: 3502
Chart keys len: 3547
Chart items len: 16570

Parsing sen 4905
Parsing steps: 9837 steps
Cky conversion steps: 21055 steps
Chart START items len: 1466
Chart keys len: 1633
Chart items len: 6845

Parsing sen 4908
Parsing steps: 16829 steps
Cky conversion steps: 136164 steps
Chart START items len: 4815
Chart keys len: 4879
Chart items len: 21949

Parsing sen 4909
Parsing steps: 125378 steps
Cky conversion steps: 352159 steps
Chart START items len: 21802
Chart keys len: 22719
Chart items len: 90444

Parsing sen 4911
Parse did not finish:
- steps: 154858
- queue len: 159421
- attempted len: 20000229

Parsing sen 4917
Parse did not finish:
- steps: 81195
- queue len: 51598
- attempted len: 20000478

Parsing sen 4920
Parse did not finish:
- steps: 66132
- queue len: 53378
- attempted len: 20000223

Parsing sen 4927
Parse did not finish:
- steps: 59796
- queue len: 63113
- attempted len: 20001029

Parsing sen 4930
Parse did not finish:
- steps: 270040
- queue len: 410946
- attempted len: 20000242

Parsing sen 4932
Parse did not finish:
- steps: 119490
- queue len: 129354
- attempted len: 20000232

Parsing sen 4934
Parse did not finish:
- steps: 155631
- queue len: 45688
- attempted len: 20000162

Parsing sen 4935
Parsing steps: 6984 steps
Cky conversion steps: 4525 steps
Chart START items len: 428
Chart keys len: 521
Chart items len: 1997

Parsing sen 4938
Parse did not finish:
- steps: 181191
- queue len: 41950
- attempted len: 20000014

Parsing sen 4940
Parsing steps: 17354 steps
Cky conversion steps: 25904 steps
Chart START items len: 3240
Chart keys len: 3423
Chart items len: 14189

Parsing sen 4945
Parsing steps: 93266 steps
Cky conversion steps: 168090 steps
Chart START items len: 9517
Chart keys len: 10245
Chart items len: 36242

Parsing sen 4947
Parsing steps: 19042 steps
Cky conversion steps: 91576 steps
Chart START items len: 3850
Chart keys len: 3998
Chart items len: 17391

Parsing sen 4948
Parsing steps: 11724 steps
Cky conversion steps: 6635 steps
Chart START items len: 335
Chart keys len: 355
Chart items len: 1344

Parsing sen 4949
Parse did not finish:
- steps: 79431
- queue len: 141152
- attempted len: 20001188

Parsing sen 4952
Parse did not finish:
- steps: 64293
- queue len: 128478
- attempted len: 20000132

Parsing sen 4955
Parse did not finish:
- steps: 45176
- queue len: 120401
- attempted len: 20000695

Parsing sen 4956
Parsing steps: 14972 steps
Cky conversion steps: 27323 steps
Chart START items len: 1487
Chart keys len: 1547
Chart items len: 6552

Parsing sen 4957
Parsing steps: 176826 steps
Cky conversion steps: 2119095 steps
Chart START items len: 54790
Chart keys len: 55122
Chart items len: 250941

Parsing sen 4960
Parsing steps: 27246 steps
Cky conversion steps: 217401 steps
Chart START items len: 6782
Chart keys len: 6847
Chart items len: 31632

Parsing sen 4961
Parsing steps: 131992 steps
Cky conversion steps: 330875 steps
Chart START items len: 16495
Chart keys len: 17173
Chart items len: 68967

Parsing sen 4967
Parse did not finish:
- steps: 115238
- queue len: 64784
- attempted len: 20000392

Parsing sen 4974
Parse did not finish:
- steps: 66071
- queue len: 22444
- attempted len: 20000495

Parsing sen 4976
Parse did not finish:
- steps: 224853
- queue len: 273246
- attempted len: 20000601

Parsing sen 4979
Parsing steps: 88055 steps
Cky conversion steps: 245636 steps
Chart START items len: 18032
Chart keys len: 18924
Chart items len: 85704

Parsing sen 4983
Parse did not finish:
- steps: 233740
- queue len: 248829
- attempted len: 20000625

Parsing sen 4986
Parsing steps: 1772 steps
Cky conversion steps: 5438 steps
Chart START items len: 239
Chart keys len: 249
Chart items len: 1003

Parsing sen 4987
Parse did not finish:
- steps: 57072
- queue len: 45861
- attempted len: 20000046

Parsing sen 4992
Parse did not finish:
- steps: 53270
- queue len: 58094
- attempted len: 20000615

Parsing sen 4994
Parse did not finish:
- steps: 67887
- queue len: 62688
- attempted len: 20000194

Parsing sen 4997
Parsing steps: 5108 steps
Cky conversion steps: 4092 steps
Chart START items len: 377
Chart keys len: 449
Chart items len: 1713

Parsing sen 4999
Parse did not finish:
- steps: 400505
- queue len: 172217
- attempted len: 20000105

Parsing sen 5006
Parse did not finish:
- steps: 120251
- queue len: 196819
- attempted len: 20001566

Parsing sen 5008
Parse did not finish:
- steps: 72690
- queue len: 72138
- attempted len: 20001112

Parsing sen 5012
Parse did not finish:
- steps: 204430
- queue len: 525734
- attempted len: 20000118

Parsing sen 5016
Parsing steps: 334761 steps
Cky conversion steps: 2574176 steps
Chart START items len: 115202
Chart keys len: 115573
Chart items len: 547714

Parsing sen 5021
Parsing steps: 57658 steps
Cky conversion steps: 139305 steps
Chart START items len: 11496
Chart keys len: 12467
Chart items len: 50009

Parsing sen 5023
Parsing steps: 112431 steps
Cky conversion steps: 595996 steps
Chart START items len: 34254
Chart keys len: 34625
Chart items len: 156371

Parsing sen 5026
Parsing steps: 104192 steps
Cky conversion steps: 634035 steps
Chart START items len: 20728
Chart keys len: 21170
Chart items len: 90945

Parsing sen 5027
Parse did not finish:
- steps: 103197
- queue len: 133297
- attempted len: 20000284

Parsing sen 5028
Parsing steps: 2615 steps
Cky conversion steps: 951 steps
Chart START items len: 100
Chart keys len: 120
Chart items len: 390

Parsing sen 5029
Parse did not finish:
- steps: 68355
- queue len: 43912
- attempted len: 20000321

Parsing sen 5030
Parse did not finish:
- steps: 48134
- queue len: 43396
- attempted len: 20001285

Parsing sen 5031
Parse did not finish:
- steps: 155194
- queue len: 126663
- attempted len: 20000342

Parsing sen 5035
Parse did not finish:
- steps: 62463
- queue len: 327374
- attempted len: 20001198

Parsing sen 5039
Parsing steps: 51432 steps
Cky conversion steps: 38800 steps
Chart START items len: 6452
Chart keys len: 6682
Chart items len: 21700

Parsing sen 5040
Parse did not finish:
- steps: 145774
- queue len: 182894
- attempted len: 20000212

Parsing sen 5045
Parsing steps: 27991 steps
Cky conversion steps: 62114 steps
Chart START items len: 4053
Chart keys len: 4293
Chart items len: 18189

Parsing sen 5047
Parsing steps: 6160 steps
Cky conversion steps: 42208 steps
Chart START items len: 1473
Chart keys len: 1496
Chart items len: 6721

Parsing sen 5048
Parsing steps: 323481 steps
Cky conversion steps: 3937171 steps
Chart START items len: 125723
Chart keys len: 125977
Chart items len: 634224

Parsing sen 5049
Parsing steps: 3974 steps
Cky conversion steps: 291 steps
Chart START items len: 26
Chart keys len: 54
Chart items len: 107

Parsing sen 5050
Parsing steps: 11402 steps
Cky conversion steps: 15079 steps
Chart START items len: 821
Chart keys len: 898
Chart items len: 3143

Parsing sen 5052
Parsing steps: 18152 steps
Cky conversion steps: 10318 steps
Chart START items len: 667
Chart keys len: 755
Chart items len: 2609

Parsing sen 5053
Parse did not finish:
- steps: 98613
- queue len: 134903
- attempted len: 20000129

Parsing sen 5056
Parsing steps: 67223 steps
Cky conversion steps: 22523 steps
Chart START items len: 2531
Chart keys len: 3421
Chart items len: 9044

Parsing sen 5058
Parsing steps: 125097 steps
Cky conversion steps: 54006 steps
Chart START items len: 6236
Chart keys len: 6773
Chart items len: 22698

Parsing sen 5059
Parsing steps: 136704 steps
Cky conversion steps: 831977 steps
Chart START items len: 37363
Chart keys len: 39116
Chart items len: 191691

Parsing sen 5061
Parsing steps: 9292 steps
Cky conversion steps: 255 steps
Chart START items len: 27
Chart keys len: 32
Chart items len: 86

Parsing sen 5062
Parse did not finish:
- steps: 91241
- queue len: 117111
- attempted len: 20000708

Parsing sen 5063
Parse did not finish:
- steps: 89754
- queue len: 52562
- attempted len: 20000592

Parsing sen 5065
Parse did not finish:
- steps: 157015
- queue len: 35584
- attempted len: 20000704

Parsing sen 5068
Parsing steps: 2344 steps
Cky conversion steps: 1528 steps
Chart START items len: 156
Chart keys len: 180
Chart items len: 631

Parsing sen 5069
Parsing steps: 22586 steps
Cky conversion steps: 286 steps
Chart START items len: 34
Chart keys len: 45
Chart items len: 112

Parsing sen 5071
Parsing steps: 1135 steps
Cky conversion steps: 46 steps
Chart START items len: 5
Chart keys len: 6
Chart items len: 14

Parsing sen 5072
Parsing steps: 204526 steps
Cky conversion steps: 2120382 steps
Chart START items len: 55280
Chart keys len: 55584
Chart items len: 263307

Parsing sen 5074
Parsing steps: 11309 steps
Cky conversion steps: 96278 steps
Chart START items len: 2987
Chart keys len: 3023
Chart items len: 14809

Parsing sen 5075
Parse did not finish:
- steps: 52809
- queue len: 37928
- attempted len: 20002526

Parsing sen 5076
Parsing steps: 42237 steps
Cky conversion steps: 157789 steps
Chart START items len: 7592
Chart keys len: 7732
Chart items len: 30865

Parsing sen 5077
Parse did not finish:
- steps: 227697
- queue len: 56512
- attempted len: 20000135

Parsing sen 5083
Parse did not finish:
- steps: 118768
- queue len: 302123
- attempted len: 20000064

Parsing sen 5086
Parsing steps: 111453 steps
Cky conversion steps: 28203 steps
Chart START items len: 2189
Chart keys len: 2580
Chart items len: 7821

Parsing sen 5088
Parse did not finish:
- steps: 61093
- queue len: 41265
- attempted len: 20001002

Parsing sen 5089
Parsing steps: 4486 steps
Cky conversion steps: 922 steps
Chart START items len: 105
Chart keys len: 154
Chart items len: 391

Parsing sen 5091
Parsing steps: 2419 steps
Cky conversion steps: 475 steps
Chart START items len: 54
Chart keys len: 64
Chart items len: 194

Parsing sen 5093
Parsing steps: 9201 steps
Cky conversion steps: 9022 steps
Chart START items len: 586
Chart keys len: 674
Chart items len: 2290

Parsing sen 5095
Parse did not finish:
- steps: 198575
- queue len: 107603
- attempted len: 20000104

Parsing sen 5100
Parsing steps: 32757 steps
Cky conversion steps: 27673 steps
Chart START items len: 3335
Chart keys len: 3436
Chart items len: 14111

Parsing sen 5102
Parsing steps: 1742 steps
Cky conversion steps: 4366 steps
Chart START items len: 311
Chart keys len: 326
Chart items len: 1238

Parsing sen 5104
Parse did not finish:
- steps: 232440
- queue len: 304399
- attempted len: 20000119

Parsing sen 5109
Parsing steps: 6669 steps
Cky conversion steps: 24795 steps
Chart START items len: 1188
Chart keys len: 1236
Chart items len: 5555

Parsing sen 5110
Parse did not finish:
- steps: 390412
- queue len: 384205
- attempted len: 20000286

Parsing sen 5115
Parsing steps: 50990 steps
Cky conversion steps: 191837 steps
Chart START items len: 9609
Chart keys len: 9801
Chart items len: 40312

Parsing sen 5116
Parsing steps: 1350 steps
Cky conversion steps: 3274 steps
Chart START items len: 155
Chart keys len: 163
Chart items len: 616

Parsing sen 5117
Parse did not finish:
- steps: 89713
- queue len: 70076
- attempted len: 20000571

Parsing sen 5119
Parse did not finish:
- steps: 62892
- queue len: 68931
- attempted len: 20001142

Parsing sen 5120
Parsing steps: 49503 steps
Cky conversion steps: 163477 steps
Chart START items len: 7606
Chart keys len: 7756
Chart items len: 35336

Parsing sen 5122
Parsing steps: 725621 steps
Cky conversion steps: 8384330 steps
Chart START items len: 286318
Chart keys len: 286567
Chart items len: 1350561

Parsing sen 5125
Parse did not finish:
- steps: 56367
- queue len: 33445
- attempted len: 20000997

Parsing sen 5128
Parsing steps: 1908 steps
Cky conversion steps: 302 steps
Chart START items len: 32
Chart keys len: 44
Chart items len: 111

Parsing sen 5129
Parse did not finish:
- steps: 58739
- queue len: 35911
- attempted len: 20000254

Parsing sen 5131
Parsing steps: 28084 steps
Cky conversion steps: 1430 steps
Chart START items len: 106
Chart keys len: 152
Chart items len: 382

Parsing sen 5132
Parsing steps: 2990 steps
Cky conversion steps: 8527 steps
Chart START items len: 458
Chart keys len: 479
Chart items len: 2000

Parsing sen 5133
Parse did not finish:
- steps: 74035
- queue len: 96747
- attempted len: 20000562

Parsing sen 5138
Parsing steps: 972 steps
Cky conversion steps: 351 steps
Chart START items len: 36
Chart keys len: 43
Chart items len: 117

Parsing sen 5139
Parsing steps: 405122 steps
Cky conversion steps: 4438480 steps
Chart START items len: 131894
Chart keys len: 132522
Chart items len: 614791

Parsing sen 5141
Parse did not finish:
- steps: 55249
- queue len: 16766
- attempted len: 20000731

Parsing sen 5144
Parsing steps: 34921 steps
Cky conversion steps: 19302 steps
Chart START items len: 2700
Chart keys len: 2931
Chart items len: 9880

Parsing sen 5147
Parsing steps: 144304 steps
Cky conversion steps: 48207 steps
Chart START items len: 2702
Chart keys len: 3098
Chart items len: 10277

Parsing sen 5149
Parsing steps: 3189 steps
Cky conversion steps: 2265 steps
Chart START items len: 234
Chart keys len: 274
Chart items len: 874

Parsing sen 5150
Parsing steps: 43494 steps
Cky conversion steps: 187410 steps
Chart START items len: 8783
Chart keys len: 8919
Chart items len: 34617

Parsing sen 5151
Parsing steps: 87456 steps
Cky conversion steps: 58697 steps
Chart START items len: 6368
Chart keys len: 7609
Chart items len: 23970

Parsing sen 5152
Parse did not finish:
- steps: 153564
- queue len: 187832
- attempted len: 20000217

Parsing sen 5154
Parsing steps: 5174 steps
Cky conversion steps: 17522 steps
Chart START items len: 767
Chart keys len: 810
Chart items len: 3958

Parsing sen 5156
Parsing steps: 3083 steps
Cky conversion steps: 1763 steps
Chart START items len: 171
Chart keys len: 189
Chart items len: 712

Parsing sen 5158
Parsing steps: 1404 steps
Cky conversion steps: 882 steps
Chart START items len: 115
Chart keys len: 139
Chart items len: 431

Parsing sen 5159
Parse did not finish:
- steps: 117313
- queue len: 28881
- attempted len: 20000633

Parsing sen 5160
Parse did not finish:
- steps: 266176
- queue len: 442824
- attempted len: 20000321

Parsing sen 5162
Parse did not finish:
- steps: 89527
- queue len: 46846
- attempted len: 20000872

Parsing sen 5164
Parsing steps: 9457 steps
Cky conversion steps: 42446 steps
Chart START items len: 2016
Chart keys len: 2060
Chart items len: 8819

Parsing sen 5166
Parsing steps: 24415 steps
Cky conversion steps: 16838 steps
Chart START items len: 1793
Chart keys len: 1942
Chart items len: 6277

Parsing sen 5167
Parsing steps: 59666 steps
Cky conversion steps: 217520 steps
Chart START items len: 13934
Chart keys len: 14410
Chart items len: 62222

Parsing sen 5169
Parse did not finish:
- steps: 51117
- queue len: 56567
- attempted len: 20001320

Parsing sen 5170
Parsing steps: 23123 steps
Cky conversion steps: 263365 steps
Chart START items len: 7020
Chart keys len: 7088
Chart items len: 32083

Parsing sen 5171
Parsing steps: 7001 steps
Cky conversion steps: 10724 steps
Chart START items len: 555
Chart keys len: 626
Chart items len: 2100

Parsing sen 5172
Parsing steps: 7987 steps
Cky conversion steps: 3056 steps
Chart START items len: 265
Chart keys len: 433
Chart items len: 1218

Parsing sen 5174
Parsing steps: 15336 steps
Cky conversion steps: 10953 steps
Chart START items len: 1139
Chart keys len: 1343
Chart items len: 4150

Parsing sen 5176
Parsing steps: 86265 steps
Cky conversion steps: 520375 steps
Chart START items len: 22473
Chart keys len: 22849
Chart items len: 95240

Parsing sen 5177
Parsing steps: 4385 steps
Cky conversion steps: 18077 steps
Chart START items len: 802
Chart keys len: 829
Chart items len: 3304

Parsing sen 5179
Parsing steps: 18587 steps
Cky conversion steps: 16541 steps
Chart START items len: 1649
Chart keys len: 1968
Chart items len: 6513

Parsing sen 5181
Parsing steps: 4561 steps
Cky conversion steps: 15303 steps
Chart START items len: 732
Chart keys len: 761
Chart items len: 3160

Parsing sen 5183
Parsing steps: 76621 steps
Cky conversion steps: 619927 steps
Chart START items len: 30623
Chart keys len: 30793
Chart items len: 152768

Parsing sen 5185
Parsing steps: 261288 steps
Cky conversion steps: 4042587 steps
Chart START items len: 90591
Chart keys len: 90838
Chart items len: 425565

Parsing sen 5186
Parsing steps: 18301 steps
Cky conversion steps: 73573 steps
Chart START items len: 4368
Chart keys len: 4478
Chart items len: 19587

Parsing sen 5187
Parsing steps: 11883 steps
Cky conversion steps: 12442 steps
Chart START items len: 719
Chart keys len: 858
Chart items len: 2846

Parsing sen 5188
Parse did not finish:
- steps: 67079
- queue len: 41700
- attempted len: 20000696

Parsing sen 5190
Parsing steps: 49280 steps
Cky conversion steps: 36822 steps
Chart START items len: 4274
Chart keys len: 5418
Chart items len: 15846

Parsing sen 5192
Parse did not finish:
- steps: 215202
- queue len: 156179
- attempted len: 20000036

Parsing sen 5193
Parse did not finish:
- steps: 216118
- queue len: 52057
- attempted len: 20000418

Parsing sen 5197
Parsing steps: 5700 steps
Cky conversion steps: 10145 steps
Chart START items len: 582
Chart keys len: 630
Chart items len: 2680

Parsing sen 5198
Parsing steps: 5226 steps
Cky conversion steps: 2744 steps
Chart START items len: 282
Chart keys len: 357
Chart items len: 1132

Parsing sen 5199
Parsing steps: 29763 steps
Cky conversion steps: 221253 steps
Chart START items len: 8144
Chart keys len: 8229
Chart items len: 43278

Parsing sen 5201
Parsing steps: 279 steps
Cky conversion steps: 19 steps
Chart START items len: 3
Chart keys len: 4
Chart items len: 7

Parsing sen 5202
Parsing steps: 203902 steps
Cky conversion steps: 2090971 steps
Chart START items len: 69952
Chart keys len: 70299
Chart items len: 356051

Parsing sen 5204
Parse did not finish:
- steps: 56458
- queue len: 33286
- attempted len: 20001711

Parsing sen 5207
Parsing steps: 24597 steps
Cky conversion steps: 11797 steps
Chart START items len: 1498
Chart keys len: 1591
Chart items len: 5772

Parsing sen 5209
Parsing steps: 68557 steps
Cky conversion steps: 259151 steps
Chart START items len: 12105
Chart keys len: 12707
Chart items len: 54667

Parsing sen 5212
Parsing steps: 6138 steps
Cky conversion steps: 3033 steps
Chart START items len: 450
Chart keys len: 496
Chart items len: 1629

Parsing sen 5216
Parsing steps: 77764 steps
Cky conversion steps: 626447 steps
Chart START items len: 21549
Chart keys len: 21866
Chart items len: 95601

Parsing sen 5217
Parse did not finish:
- steps: 54042
- queue len: 33648
- attempted len: 20001688

Parsing sen 5218
Parse did not finish:
- steps: 133809
- queue len: 730137
- attempted len: 20000219

Parsing sen 5219
Parsing steps: 421308 steps
Cky conversion steps: 5519363 steps
Chart START items len: 158262
Chart keys len: 158503
Chart items len: 760600

Parsing sen 5221
Parsing steps: 5014 steps
Cky conversion steps: 21227 steps
Chart START items len: 880
Chart keys len: 908
Chart items len: 3820

Parsing sen 5222
Parse did not finish:
- steps: 63081
- queue len: 41526
- attempted len: 20000029

Parsing sen 5224
Parse did not finish:
- steps: 473166
- queue len: 1363706
- attempted len: 20000050

Parsing sen 5227
Parse did not finish:
- steps: 147914
- queue len: 178294
- attempted len: 20000782

Parsing sen 5229
Parse did not finish:
- steps: 65489
- queue len: 27085
- attempted len: 20000116

Parsing sen 5231
Parse did not finish:
- steps: 103032
- queue len: 33940
- attempted len: 20000656

Parsing sen 5232
Parsing steps: 6670 steps
Cky conversion steps: 12602 steps
Chart START items len: 748
Chart keys len: 845
Chart items len: 3334

Parsing sen 5234
Parsing steps: 8750 steps
Cky conversion steps: 10444 steps
Chart START items len: 658
Chart keys len: 753
Chart items len: 2725

Parsing sen 5236
Parsing steps: 371888 steps
Cky conversion steps: 4547920 steps
Chart START items len: 146597
Chart keys len: 146771
Chart items len: 726597

Parsing sen 5238
Parse did not finish:
- steps: 304393
- queue len: 1314945
- attempted len: 20000087

Parsing sen 5241
Parsing steps: 35332 steps
Cky conversion steps: 377545 steps
Chart START items len: 11452
Chart keys len: 11522
Chart items len: 53630

Parsing sen 5242
Parsing steps: 21447 steps
Cky conversion steps: 12605 steps
Chart START items len: 1937
Chart keys len: 1998
Chart items len: 7020

Parsing sen 5243
Parsing steps: 4432 steps
Cky conversion steps: 4473 steps
Chart START items len: 313
Chart keys len: 363
Chart items len: 1198

Parsing sen 5244
Parsing steps: 4838 steps
Cky conversion steps: 21200 steps
Chart START items len: 877
Chart keys len: 905
Chart items len: 3811

Parsing sen 5245
Parse did not finish:
- steps: 408947
- queue len: 496541
- attempted len: 20000004

Parsing sen 5249
Parsing steps: 56030 steps
Cky conversion steps: 279821 steps
Chart START items len: 15485
Chart keys len: 15814
Chart items len: 67828

Parsing sen 5253
Parse did not finish:
- steps: 77476
- queue len: 474016
- attempted len: 20000146

Parsing sen 5256
Parsing steps: 11083 steps
Cky conversion steps: 64523 steps
Chart START items len: 2740
Chart keys len: 2796
Chart items len: 14007

Parsing sen 5258
Parsing steps: 553 steps
Cky conversion steps: 377 steps
Chart START items len: 29
Chart keys len: 32
Chart items len: 98

Parsing sen 5259
Parsing steps: 11072 steps
Cky conversion steps: 3687 steps
Chart START items len: 395
Chart keys len: 568
Chart items len: 1627

Parsing sen 5262
Parsing steps: 2632 steps
Cky conversion steps: 2507 steps
Chart START items len: 167
Chart keys len: 183
Chart items len: 616

Parsing sen 5263
Parsing steps: 20160 steps
Cky conversion steps: 11422 steps
Chart START items len: 1717
Chart keys len: 1787
Chart items len: 6319

Parsing sen 5264
Parsing steps: 2871 steps
Cky conversion steps: 9215 steps
Chart START items len: 443
Chart keys len: 471
Chart items len: 2298

Parsing sen 5266
Parse did not finish:
- steps: 88087
- queue len: 52226
- attempted len: 20000436

Parsing sen 5267
Parse did not finish:
- steps: 54819
- queue len: 42664
- attempted len: 20000842


Number of parse did not finish: 816
[0, 4, 20, 24, 33, 48, 64, 67, 69, 72, 77, 84, 91, 94, 107, 127, 151, 159, 163, 170, 183, 186, 205, 210, 214, 227, 242, 250, 261, 269, 275, 285, 289, 293, 299, 315, 319, 323, 328, 329, 333, 336, 340, 348, 350, 368, 371, 373, 376, 380, 386, 396, 399, 402, 416, 419, 436, 442, 448, 457, 463, 472, 476, 479, 485, 487, 488, 490, 511, 516, 520, 524, 538, 551, 553, 561, 569, 592, 615, 617, 621, 630, 649, 653, 657, 663, 711, 714, 717, 722, 725, 745, 748, 752, 767, 780, 782, 786, 800, 801, 805, 814, 824, 831, 851, 862, 871, 876, 882, 901, 937, 940, 947, 951, 958, 963, 964, 968, 975, 1005, 1014, 1018, 1022, 1026, 1035, 1041, 1044, 1051, 1059, 1063, 1076, 1078, 1080, 1085, 1092, 1095, 1100, 1104, 1108, 1113, 1116, 1131, 1135, 1149, 1156, 1178, 1194, 1196, 1210, 1214, 1226, 1234, 1237, 1241, 1245, 1250, 1257, 1268, 1272, 1284, 1287, 1289, 1296, 1300, 1305, 1308, 1315, 1317, 1320, 1322, 1330, 1337, 1344, 1347, 1353, 1357, 1359, 1365, 1366, 1372, 1375, 1381, 1384, 1395, 1409, 1411, 1420, 1422, 1424, 1428, 1431, 1436, 1439, 1447, 1453, 1457, 1460, 1467, 1472, 1480, 1483, 1489, 1496, 1508, 1510, 1514, 1526, 1529, 1534, 1539, 1542, 1545, 1550, 1558, 1568, 1572, 1578, 1583, 1590, 1594, 1608, 1610, 1613, 1620, 1627, 1629, 1638, 1654, 1668, 1683, 1685, 1688, 1694, 1698, 1708, 1718, 1724, 1729, 1730, 1731, 1740, 1750, 1756, 1764, 1769, 1771, 1775, 1778, 1780, 1790, 1796, 1799, 1816, 1820, 1832, 1833, 1839, 1845, 1852, 1863, 1867, 1871, 1875, 1877, 1881, 1888, 1893, 1898, 1901, 1904, 1906, 1923, 1939, 1943, 1960, 1963, 1965, 1968, 1971, 1972, 1982, 1987, 1999, 2004, 2009, 2010, 2016, 2033, 2047, 2049, 2051, 2056, 2060, 2062, 2065, 2075, 2086, 2093, 2095, 2105, 2106, 2112, 2116, 2127, 2133, 2139, 2142, 2160, 2181, 2184, 2198, 2200, 2243, 2248, 2258, 2261, 2269, 2277, 2279, 2287, 2291, 2298, 2302, 2310, 2315, 2319, 2324, 2325, 2333, 2343, 2347, 2351, 2357, 2362, 2387, 2388, 2392, 2394, 2401, 2406, 2413, 2422, 2425, 2432, 2435, 2439, 2451, 2456, 2467, 2468, 2469, 2473, 2483, 2495, 2501, 2514, 2516, 2525, 2531, 2536, 2545, 2554, 2559, 2565, 2571, 2572, 2575, 2577, 2590, 2597, 2601, 2605, 2610, 2612, 2613, 2614, 2619, 2622, 2638, 2640, 2644, 2645, 2653, 2660, 2671, 2677, 2681, 2685, 2687, 2690, 2693, 2697, 2700, 2703, 2704, 2707, 2711, 2717, 2728, 2734, 2783, 2808, 2836, 2844, 2848, 2850, 2856, 2862, 2871, 2875, 2879, 2881, 2885, 2888, 2892, 2899, 2906, 2911, 2913, 2922, 2925, 2930, 2932, 2945, 2950, 2952, 2959, 2963, 2968, 2969, 2972, 2978, 2988, 2990, 2995, 3022, 3025, 3028, 3032, 3043, 3046, 3048, 3053, 3055, 3059, 3062, 3064, 3066, 3070, 3072, 3082, 3086, 3087, 3089, 3094, 3104, 3112, 3117, 3125, 3128, 3132, 3134, 3139, 3140, 3154, 3158, 3159, 3171, 3175, 3186, 3189, 3194, 3204, 3210, 3214, 3220, 3230, 3235, 3240, 3244, 3261, 3264, 3273, 3276, 3280, 3282, 3291, 3304, 3309, 3319, 3326, 3331, 3334, 3342, 3346, 3353, 3360, 3366, 3378, 3383, 3399, 3400, 3404, 3416, 3428, 3432, 3435, 3437, 3443, 3447, 3452, 3455, 3463, 3466, 3471, 3475, 3478, 3491, 3500, 3503, 3507, 3509, 3525, 3527, 3547, 3551, 3562, 3567, 3570, 3574, 3584, 3587, 3595, 3600, 3610, 3613, 3620, 3622, 3636, 3641, 3644, 3646, 3653, 3664, 3675, 3683, 3686, 3687, 3696, 3699, 3702, 3705, 3714, 3715, 3718, 3726, 3729, 3735, 3745, 3758, 3763, 3764, 3766, 3774, 3777, 3779, 3784, 3788, 3796, 3803, 3806, 3809, 3812, 3814, 3825, 3831, 3837, 3841, 3845, 3849, 3859, 3863, 3872, 3874, 3880, 3894, 3902, 3903, 3913, 3919, 3924, 3927, 3932, 3933, 3934, 3936, 3938, 3942, 3945, 3957, 3960, 3963, 3971, 3979, 3988, 3996, 4013, 4016, 4023, 4032, 4037, 4043, 4046, 4057, 4062, 4068, 4080, 4085, 4089, 4101, 4107, 4111, 4118, 4122, 4146, 4162, 4186, 4194, 4198, 4207, 4213, 4219, 4221, 4234, 4237, 4261, 4264, 4266, 4274, 4287, 4291, 4294, 4296, 4302, 4304, 4309, 4324, 4327, 4338, 4339, 4341, 4345, 4349, 4351, 4357, 4360, 4376, 4382, 4385, 4391, 4392, 4395, 4402, 4405, 4413, 4418, 4429, 4438, 4446, 4452, 4459, 4464, 4467, 4469, 4491, 4502, 4512, 4514, 4520, 4522, 4527, 4530, 4535, 4538, 4548, 4553, 4554, 4557, 4561, 4564, 4566, 4568, 4571, 4572, 4580, 4583, 4589, 4594, 4600, 4605, 4608, 4613, 4619, 4623, 4627, 4632, 4636, 4638, 4641, 4651, 4655, 4661, 4662, 4666, 4671, 4675, 4680, 4683, 4697, 4705, 4720, 4724, 4726, 4732, 4740, 4742, 4752, 4759, 4765, 4771, 4774, 4780, 4787, 4796, 4798, 4802, 4806, 4808, 4813, 4819, 4823, 4827, 4831, 4837, 4847, 4851, 4854, 4857, 4867, 4870, 4911, 4917, 4920, 4927, 4930, 4932, 4934, 4938, 4949, 4952, 4955, 4967, 4974, 4976, 4983, 4987, 4992, 4994, 4999, 5006, 5008, 5012, 5027, 5029, 5030, 5031, 5035, 5040, 5053, 5062, 5063, 5065, 5075, 5077, 5083, 5088, 5095, 5104, 5110, 5117, 5119, 5125, 5129, 5133, 5141, 5152, 5159, 5160, 5162, 5169, 5188, 5192, 5193, 5204, 5217, 5218, 5222, 5224, 5227, 5229, 5231, 5238, 5245, 5253, 5266, 5267]
Number of cky conversion did not finish: 7
[90, 425, 797, 2814, 4019, 4075, 4407]
Number of parse finished: 1443

All sentences: 2266
Finished: 0.64
DNF: 0.72

First sentence to process: 0
Last sentence to process: 5267

Execution finish: 2025-02-20 09:01:57.815323
Elapsed time: 1411 min 41 sec

