Execution start: 2025-02-19 09:28:32.662903
{
    "in_dir": "dev_preproc",
    "grammar_file": "hrg_100.hrg",
    "out_dir": "dev_100"
}

Script name: parse

Loading grammar from /home/eiklodi/hrg/source/output/grammar/hrg_100.hrg
Last modified: Mon Feb 17 20:36:48 2025

Loaded hypergraph grammar with 101 rules.

Parsing sen 0
Parsing steps: 2424 steps
Cky conversion steps: 5507 steps
Chart START items len: 310
Chart keys len: 330
Chart items len: 1182

Parsing sen 4
Parsing steps: 36177 steps
Cky conversion steps: 83479 steps
Chart START items len: 3659
Chart keys len: 4068
Chart items len: 14422

Parsing sen 6
Parsing steps: 7792 steps
Cky conversion steps: 44198 steps
Chart START items len: 1177
Chart keys len: 1224
Chart items len: 5040

Parsing sen 7
Parsing steps: 1956 steps
Cky conversion steps: 5355 steps
Chart START items len: 249
Chart keys len: 266
Chart items len: 968

Parsing sen 8
Parsing steps: 5492 steps
Cky conversion steps: 384 steps
Chart START items len: 32
Chart keys len: 77
Chart items len: 151

Parsing sen 11
Parsing steps: 5915 steps
Cky conversion steps: 47926 steps
Chart START items len: 1327
Chart keys len: 1356
Chart items len: 5701

Parsing sen 12
Parsing steps: 1928 steps
Cky conversion steps: 3438 steps
Chart START items len: 153
Chart keys len: 168
Chart items len: 581

Parsing sen 16
Parsing steps: 1156 steps
Cky conversion steps: 606 steps
Chart START items len: 103
Chart keys len: 121
Chart items len: 335

Parsing sen 17
Parsing steps: 4919 steps
Cky conversion steps: 55942 steps
Chart START items len: 1445
Chart keys len: 1466
Chart items len: 6294

Parsing sen 20
Parsing steps: 78334 steps
Cky conversion steps: 420388 steps
Chart START items len: 13024
Chart keys len: 14728
Chart items len: 60865

Parsing sen 24
Parsing steps: 39467 steps
Cky conversion steps: 152770 steps
Chart START items len: 5575
Chart keys len: 5954
Chart items len: 24510

Parsing sen 33
Parsing steps: 242470 steps
Cky conversion steps: 2044521 steps
Chart START items len: 77450
Chart keys len: 78165
Chart items len: 334234

Parsing sen 37
Parsing steps: 3538 steps
Cky conversion steps: 12291 steps
Chart START items len: 556
Chart keys len: 590
Chart items len: 2137

Parsing sen 38
Parsing steps: 333 steps
Cky conversion steps: 43 steps
Chart START items len: 6
Chart keys len: 9
Chart items len: 17

Parsing sen 40
Parsing steps: 724 steps
Cky conversion steps: 361 steps
Chart START items len: 38
Chart keys len: 49
Chart items len: 140

Parsing sen 41
Parsing steps: 1563 steps
Cky conversion steps: 8127 steps
Chart START items len: 291
Chart keys len: 301
Chart items len: 1176

Parsing sen 42
Parsing steps: 2023 steps
Cky conversion steps: 1661 steps
Chart START items len: 152
Chart keys len: 194
Chart items len: 541

Parsing sen 43
Parsing steps: 572 steps
Cky conversion steps: 622 steps
Chart START items len: 51
Chart keys len: 59
Chart items len: 171

Parsing sen 45
Parsing steps: 9512 steps
Cky conversion steps: 57335 steps
Chart START items len: 1799
Chart keys len: 1875
Chart items len: 7581

Parsing sen 46
Parsing steps: 2048 steps
Cky conversion steps: 2344 steps
Chart START items len: 353
Chart keys len: 394
Chart items len: 1258

Parsing sen 48
Parsing steps: 7396 steps
Cky conversion steps: 15313 steps
Chart START items len: 970
Chart keys len: 1106
Chart items len: 3839

Parsing sen 50
Parsing steps: 643 steps
Cky conversion steps: 574 steps
Chart START items len: 83
Chart keys len: 99
Chart items len: 298

Parsing sen 51
Parsing steps: 4176 steps
Cky conversion steps: 11050 steps
Chart START items len: 1041
Chart keys len: 1093
Chart items len: 3992

Parsing sen 52
Parsing steps: 4328 steps
Cky conversion steps: 14392 steps
Chart START items len: 690
Chart keys len: 729
Chart items len: 2610

Parsing sen 53
Parsing steps: 4143 steps
Cky conversion steps: 1021 steps
Chart START items len: 168
Chart keys len: 207
Chart items len: 542

Parsing sen 55
Parsing steps: 2720 steps
Cky conversion steps: 2967 steps
Chart START items len: 376
Chart keys len: 429
Chart items len: 1389

Parsing sen 57
Parsing steps: 3935 steps
Cky conversion steps: 8726 steps
Chart START items len: 587
Chart keys len: 655
Chart items len: 2189

Parsing sen 58
Parsing steps: 1318 steps
Cky conversion steps: 333 steps
Chart START items len: 39
Chart keys len: 46
Chart items len: 125

Parsing sen 59
Parsing steps: 3674 steps
Cky conversion steps: 1789 steps
Chart START items len: 181
Chart keys len: 238
Chart items len: 662

Parsing sen 62
Parsing steps: 440 steps
Cky conversion steps: 218 steps
Chart START items len: 36
Chart keys len: 44
Chart items len: 113

Parsing sen 64
Parsing steps: 4393 steps
Cky conversion steps: 7676 steps
Chart START items len: 471
Chart keys len: 557
Chart items len: 1915

Parsing sen 67
Parsing steps: 2672 steps
Cky conversion steps: 5918 steps
Chart START items len: 495
Chart keys len: 546
Chart items len: 1883

Parsing sen 69
Parsing steps: 54008 steps
Cky conversion steps: 95878 steps
Chart START items len: 9430
Chart keys len: 10934
Chart items len: 34406

Parsing sen 71
Parsing steps: 1459 steps
Cky conversion steps: 3350 steps
Chart START items len: 170
Chart keys len: 191
Chart items len: 667

Parsing sen 72
Parsing steps: 6623 steps
Cky conversion steps: 16308 steps
Chart START items len: 1106
Chart keys len: 1181
Chart items len: 4249

Parsing sen 77
Parse did not finish:
- steps: 52088
- queue len: 56923
- attempted len: 20000802

Parsing sen 81
Parsing steps: 5902 steps
Cky conversion steps: 20100 steps
Chart START items len: 1266
Chart keys len: 1354
Chart items len: 4830

Parsing sen 84
Parsing steps: 254935 steps
Cky conversion steps: 2798901 steps
Chart START items len: 73437
Chart keys len: 73658
Chart items len: 322671

Parsing sen 86
Parsing steps: 9364 steps
Cky conversion steps: 12649 steps
Chart START items len: 1246
Chart keys len: 1358
Chart items len: 4438

Parsing sen 87
Parsing steps: 8567 steps
Cky conversion steps: 87932 steps
Chart START items len: 2249
Chart keys len: 2278
Chart items len: 9869

Parsing sen 90
Parsing steps: 276869 steps
Cky conversion steps: 4693501 steps
Chart START items len: 110105
Chart keys len: 110306
Chart items len: 503376

Parsing sen 91
Parsing steps: 10139 steps
Cky conversion steps: 22475 steps
Chart START items len: 1380
Chart keys len: 1502
Chart items len: 5519

Parsing sen 94
Parse did not finish:
- steps: 56295
- queue len: 28077
- attempted len: 20000154

Parsing sen 95
Parsing steps: 630 steps
Cky conversion steps: 494 steps
Chart START items len: 31
Chart keys len: 36
Chart items len: 108

Parsing sen 98
Parsing steps: 391 steps
Cky conversion steps: 165 steps
Chart START items len: 19
Chart keys len: 26
Chart items len: 62

Parsing sen 99
Parsing steps: 3160 steps
Cky conversion steps: 2706 steps
Chart START items len: 375
Chart keys len: 504
Chart items len: 1415

Parsing sen 100
Parsing steps: 641 steps
Cky conversion steps: 17 steps
Chart START items len: 2
Chart keys len: 3
Chart items len: 5

Parsing sen 101
Parsing steps: 2330 steps
Cky conversion steps: 2721 steps
Chart START items len: 239
Chart keys len: 376
Chart items len: 971

Parsing sen 104
Parsing steps: 8607 steps
Cky conversion steps: 7288 steps
Chart START items len: 711
Chart keys len: 930
Chart items len: 2759

Parsing sen 105
Parsing steps: 848 steps
Cky conversion steps: 1037 steps
Chart START items len: 118
Chart keys len: 134
Chart items len: 426

Parsing sen 107
Parsing steps: 143625 steps
Cky conversion steps: 2026081 steps
Chart START items len: 49848
Chart keys len: 50113
Chart items len: 219424

Parsing sen 110
Parsing steps: 2325 steps
Cky conversion steps: 948 steps
Chart START items len: 102
Chart keys len: 120
Chart items len: 338

Parsing sen 112
Parsing steps: 486 steps
Cky conversion steps: 125 steps
Chart START items len: 18
Chart keys len: 25
Chart items len: 55

Parsing sen 114
Parsing steps: 528 steps
Cky conversion steps: 110 steps
Chart START items len: 15
Chart keys len: 17
Chart items len: 44

Parsing sen 115
Parsing steps: 257 steps
Cky conversion steps: 78 steps
Chart START items len: 11
Chart keys len: 12
Chart items len: 31

Parsing sen 117
Parsing steps: 270 steps
Cky conversion steps: 299 steps
Chart START items len: 32
Chart keys len: 34
Chart items len: 107

Parsing sen 118
Parsing steps: 1654 steps
Cky conversion steps: 4987 steps
Chart START items len: 264
Chart keys len: 279
Chart items len: 1066

Parsing sen 120
Parsing steps: 5755 steps
Cky conversion steps: 13562 steps
Chart START items len: 913
Chart keys len: 1002
Chart items len: 3478

Parsing sen 123
Parsing steps: 3527 steps
Cky conversion steps: 507 steps
Chart START items len: 51
Chart keys len: 67
Chart items len: 174

Parsing sen 124
Parsing steps: 729 steps
Cky conversion steps: 747 steps
Chart START items len: 70
Chart keys len: 86
Chart items len: 247

Parsing sen 127
Parsing steps: 11328 steps
Cky conversion steps: 13498 steps
Chart START items len: 1307
Chart keys len: 1526
Chart items len: 4804

Parsing sen 128
Parsing steps: 45381 steps
Cky conversion steps: 649189 steps
Chart START items len: 14680
Chart keys len: 14951
Chart items len: 66011

Parsing sen 130
Parsing steps: 809 steps
Cky conversion steps: 1514 steps
Chart START items len: 87
Chart keys len: 99
Chart items len: 316

Parsing sen 131
Parsing steps: 3086 steps
Cky conversion steps: 650 steps
Chart START items len: 84
Chart keys len: 100
Chart items len: 286

Parsing sen 133
Parsing steps: 798 steps
Cky conversion steps: 423 steps
Chart START items len: 43
Chart keys len: 63
Chart items len: 158

Parsing sen 134
Parsing steps: 830 steps
Cky conversion steps: 25 steps
Chart START items len: 3
Chart keys len: 5
Chart items len: 9

Parsing sen 135
Parsing steps: 1189 steps
Cky conversion steps: 975 steps
Chart START items len: 125
Chart keys len: 144
Chart items len: 430

Parsing sen 137
Parsing steps: 3248 steps
Cky conversion steps: 7619 steps
Chart START items len: 578
Chart keys len: 631
Chart items len: 2192

Parsing sen 141
Parsing steps: 700 steps
Cky conversion steps: 326 steps
Chart START items len: 47
Chart keys len: 57
Chart items len: 157

Parsing sen 143
Parsing steps: 325 steps
Cky conversion steps: 162 steps
Chart START items len: 23
Chart keys len: 30
Chart items len: 76

Parsing sen 145
Parsing steps: 1561 steps
Cky conversion steps: 105 steps
Chart START items len: 13
Chart keys len: 18
Chart items len: 40

Parsing sen 146
Parsing steps: 3469 steps
Cky conversion steps: 1788 steps
Chart START items len: 185
Chart keys len: 206
Chart items len: 643

Parsing sen 147
Parsing steps: 7874 steps
Cky conversion steps: 1283 steps
Chart START items len: 235
Chart keys len: 267
Chart items len: 757

Parsing sen 148
Parsing steps: 2470 steps
Cky conversion steps: 6429 steps
Chart START items len: 472
Chart keys len: 513
Chart items len: 1766

Parsing sen 149
Parsing steps: 1569 steps
Cky conversion steps: 587 steps
Chart START items len: 100
Chart keys len: 119
Chart items len: 327

Parsing sen 151
Parsing steps: 4210 steps
Cky conversion steps: 7889 steps
Chart START items len: 550
Chart keys len: 625
Chart items len: 2002

Parsing sen 153
Parsing steps: 665 steps
Cky conversion steps: 926 steps
Chart START items len: 91
Chart keys len: 101
Chart items len: 320

Parsing sen 155
Parsing steps: 558 steps
Cky conversion steps: 588 steps
Chart START items len: 64
Chart keys len: 73
Chart items len: 221

Parsing sen 157
Parsing steps: 919 steps
Cky conversion steps: 1599 steps
Chart START items len: 138
Chart keys len: 154
Chart items len: 495

Parsing sen 159
Parsing steps: 3402 steps
Cky conversion steps: 8705 steps
Chart START items len: 505
Chart keys len: 602
Chart items len: 1978

Parsing sen 161
Parsing steps: 2288 steps
Cky conversion steps: 6497 steps
Chart START items len: 554
Chart keys len: 587
Chart items len: 2112

Parsing sen 163
Parse did not finish:
- steps: 69515
- queue len: 176911
- attempted len: 20000402

Parsing sen 166
Parsing steps: 1174 steps
Cky conversion steps: 1998 steps
Chart START items len: 217
Chart keys len: 236
Chart items len: 770

Parsing sen 167
Parsing steps: 1795 steps
Cky conversion steps: 2798 steps
Chart START items len: 345
Chart keys len: 410
Chart items len: 1259

Parsing sen 170
Parsing steps: 87657 steps
Cky conversion steps: 474426 steps
Chart START items len: 25694
Chart keys len: 26482
Chart items len: 100099

Parsing sen 174
Parsing steps: 2581 steps
Cky conversion steps: 1393 steps
Chart START items len: 190
Chart keys len: 219
Chart items len: 675

Parsing sen 176
Parsing steps: 1475 steps
Cky conversion steps: 1304 steps
Chart START items len: 132
Chart keys len: 163
Chart items len: 481

Parsing sen 177
Parsing steps: 2617 steps
Cky conversion steps: 4022 steps
Chart START items len: 304
Chart keys len: 352
Chart items len: 1125

Parsing sen 180
Parsing steps: 515 steps
Cky conversion steps: 1440 steps
Chart START items len: 68
Chart keys len: 75
Chart items len: 252

Parsing sen 181
Parsing steps: 519 steps
Cky conversion steps: 651 steps
Chart START items len: 56
Chart keys len: 63
Chart items len: 190

Parsing sen 183
Parsing steps: 8542 steps
Cky conversion steps: 13711 steps
Chart START items len: 910
Chart keys len: 1031
Chart items len: 3278

Parsing sen 186
Parsing steps: 64151 steps
Cky conversion steps: 260952 steps
Chart START items len: 12769
Chart keys len: 14043
Chart items len: 50489

Parsing sen 189
Parsing steps: 1386 steps
Cky conversion steps: 7045 steps
Chart START items len: 266
Chart keys len: 282
Chart items len: 1046

Parsing sen 190
Parsing steps: 4119 steps
Cky conversion steps: 1541 steps
Chart START items len: 197
Chart keys len: 232
Chart items len: 686

Parsing sen 191
Parsing steps: 15604 steps
Cky conversion steps: 127933 steps
Chart START items len: 4138
Chart keys len: 4218
Chart items len: 17366

Parsing sen 193
Parsing steps: 7933 steps
Cky conversion steps: 39462 steps
Chart START items len: 1899
Chart keys len: 2002
Chart items len: 7489

Parsing sen 196
Parsing steps: 2309 steps
Cky conversion steps: 1095 steps
Chart START items len: 97
Chart keys len: 169
Chart items len: 424

Parsing sen 198
Parsing steps: 1040 steps
Cky conversion steps: 4247 steps
Chart START items len: 169
Chart keys len: 181
Chart items len: 662

Parsing sen 199
Parsing steps: 57073 steps
Cky conversion steps: 1064122 steps
Chart START items len: 21666
Chart keys len: 21718
Chart items len: 100278

Parsing sen 202
Parsing steps: 3094 steps
Cky conversion steps: 659 steps
Chart START items len: 70
Chart keys len: 86
Chart items len: 234

Parsing sen 204
Parsing steps: 593 steps
Cky conversion steps: 113 steps
Chart START items len: 13
Chart keys len: 18
Chart items len: 41

Parsing sen 205
Parsing steps: 13318 steps
Cky conversion steps: 57309 steps
Chart START items len: 1864
Chart keys len: 1958
Chart items len: 7687

Parsing sen 208
Parsing steps: 366 steps
Cky conversion steps: 104 steps
Chart START items len: 14
Chart keys len: 17
Chart items len: 38

Parsing sen 209
Parsing steps: 12965 steps
Cky conversion steps: 50136 steps
Chart START items len: 2397
Chart keys len: 2559
Chart items len: 9238

Parsing sen 210
Parsing steps: 10754 steps
Cky conversion steps: 23744 steps
Chart START items len: 1983
Chart keys len: 2713
Chart items len: 7555

Parsing sen 213
Parsing steps: 276 steps
Cky conversion steps: 43 steps
Chart START items len: 6
Chart keys len: 9
Chart items len: 17

Parsing sen 214
Parsing steps: 3040 steps
Cky conversion steps: 4969 steps
Chart START items len: 518
Chart keys len: 554
Chart items len: 1856

Parsing sen 220
Parsing steps: 3252 steps
Cky conversion steps: 15254 steps
Chart START items len: 639
Chart keys len: 691
Chart items len: 2551

Parsing sen 223
Parsing steps: 17372 steps
Cky conversion steps: 193658 steps
Chart START items len: 6115
Chart keys len: 6183
Chart items len: 26168

Parsing sen 227
Parsing steps: 46521 steps
Cky conversion steps: 323294 steps
Chart START items len: 11012
Chart keys len: 11561
Chart items len: 45615

Parsing sen 233
Parsing steps: 29773 steps
Cky conversion steps: 52 steps
Chart START items len: 5
Chart keys len: 9
Chart items len: 19

Parsing sen 238
Parsing steps: 8145 steps
Cky conversion steps: 14431 steps
Chart START items len: 1256
Chart keys len: 1413
Chart items len: 4633

Parsing sen 240
Parsing steps: 2183 steps
Cky conversion steps: 19 steps
Chart START items len: 3
Chart keys len: 4
Chart items len: 7

Parsing sen 241
Parsing steps: 3124 steps
Cky conversion steps: 3905 steps
Chart START items len: 257
Chart keys len: 328
Chart items len: 941

Parsing sen 242
Parse did not finish:
- steps: 54379
- queue len: 45581
- attempted len: 20000564

Parsing sen 245
Parsing steps: 4071 steps
Cky conversion steps: 111 steps
Chart START items len: 16
Chart keys len: 22
Chart items len: 48

Parsing sen 249
Parsing steps: 41266 steps
Cky conversion steps: 338911 steps
Chart START items len: 11422
Chart keys len: 11547
Chart items len: 46859

Parsing sen 250
Parsing steps: 41498 steps
Cky conversion steps: 92931 steps
Chart START items len: 13996
Chart keys len: 14493
Chart items len: 51309

Parsing sen 254
Parsing steps: 5941 steps
Cky conversion steps: 9953 steps
Chart START items len: 906
Chart keys len: 975
Chart items len: 3140

Parsing sen 256
Parsing steps: 878 steps
Cky conversion steps: 1040 steps
Chart START items len: 100
Chart keys len: 119
Chart items len: 357

Parsing sen 261
Parsing steps: 11523 steps
Cky conversion steps: 20781 steps
Chart START items len: 2051
Chart keys len: 2399
Chart items len: 7640

Parsing sen 267
Parsing steps: 469 steps
Cky conversion steps: 324 steps
Chart START items len: 34
Chart keys len: 42
Chart items len: 116

Parsing sen 269
Parse did not finish:
- steps: 50424
- queue len: 33613
- attempted len: 20000891

Parsing sen 274
Parsing steps: 1376 steps
Cky conversion steps: 2446 steps
Chart START items len: 163
Chart keys len: 176
Chart items len: 600

Parsing sen 275
Parsing steps: 2680 steps
Cky conversion steps: 4203 steps
Chart START items len: 283
Chart keys len: 324
Chart items len: 1048

Parsing sen 277
Parsing steps: 4692 steps
Cky conversion steps: 1601 steps
Chart START items len: 197
Chart keys len: 274
Chart items len: 716

Parsing sen 278
Parsing steps: 9148 steps
Cky conversion steps: 63231 steps
Chart START items len: 2154
Chart keys len: 2239
Chart items len: 9011

Parsing sen 279
Parsing steps: 2695 steps
Cky conversion steps: 6607 steps
Chart START items len: 506
Chart keys len: 553
Chart items len: 1865

Parsing sen 280
Parsing steps: 551 steps
Cky conversion steps: 1013 steps
Chart START items len: 75
Chart keys len: 83
Chart items len: 270

Parsing sen 282
Parsing steps: 737 steps
Cky conversion steps: 1280 steps
Chart START items len: 96
Chart keys len: 107
Chart items len: 344

Parsing sen 283
Parsing steps: 498 steps
Cky conversion steps: 1077 steps
Chart START items len: 59
Chart keys len: 61
Chart items len: 215

Parsing sen 284
Parsing steps: 1769 steps
Cky conversion steps: 565 steps
Chart START items len: 71
Chart keys len: 88
Chart items len: 236

Parsing sen 285
Parse did not finish:
- steps: 88633
- queue len: 55629
- attempted len: 20000061

Parsing sen 289
Parsing steps: 13968 steps
Cky conversion steps: 144958 steps
Chart START items len: 3712
Chart keys len: 3775
Chart items len: 16100

Parsing sen 293
Parse did not finish:
- steps: 138440
- queue len: 137584
- attempted len: 20000024

Parsing sen 295
Parsing steps: 811 steps
Cky conversion steps: 170 steps
Chart START items len: 23
Chart keys len: 28
Chart items len: 75

Parsing sen 297
Parsing steps: 2080 steps
Cky conversion steps: 8659 steps
Chart START items len: 356
Chart keys len: 375
Chart items len: 1418

Parsing sen 299
Parse did not finish:
- steps: 165972
- queue len: 71492
- attempted len: 20000538

Parsing sen 306
Parsing steps: 2326 steps
Cky conversion steps: 8798 steps
Chart START items len: 435
Chart keys len: 462
Chart items len: 1716

Parsing sen 308
Parsing steps: 2461 steps
Cky conversion steps: 393 steps
Chart START items len: 48
Chart keys len: 62
Chart items len: 153

Parsing sen 311
Parsing steps: 12282 steps
Cky conversion steps: 540 steps
Chart START items len: 62
Chart keys len: 92
Chart items len: 224

Parsing sen 313
Parsing steps: 4219 steps
Cky conversion steps: 1998 steps
Chart START items len: 315
Chart keys len: 352
Chart items len: 1018

Parsing sen 315
Parsing steps: 6774 steps
Cky conversion steps: 22004 steps
Chart START items len: 1365
Chart keys len: 1494
Chart items len: 5161

Parsing sen 318
Parsing steps: 2228 steps
Cky conversion steps: 3387 steps
Chart START items len: 212
Chart keys len: 227
Chart items len: 793

Parsing sen 319
Parsing steps: 117779 steps
Cky conversion steps: 806866 steps
Chart START items len: 32458
Chart keys len: 32878
Chart items len: 135918

Parsing sen 321
Parsing steps: 7047 steps
Cky conversion steps: 199 steps
Chart START items len: 22
Chart keys len: 38
Chart items len: 76

Parsing sen 323
Parsing steps: 69562 steps
Cky conversion steps: 493412 steps
Chart START items len: 14483
Chart keys len: 14774
Chart items len: 62762

Parsing sen 325
Parsing steps: 3664 steps
Cky conversion steps: 7319 steps
Chart START items len: 449
Chart keys len: 514
Chart items len: 1774

Parsing sen 327
Parsing steps: 11655 steps
Cky conversion steps: 116937 steps
Chart START items len: 3091
Chart keys len: 3143
Chart items len: 13346

Parsing sen 328
Parse did not finish:
- steps: 38955
- queue len: 31841
- attempted len: 20002038

Parsing sen 329
Parsing steps: 39792 steps
Cky conversion steps: 18412 steps
Chart START items len: 574
Chart keys len: 1129
Chart items len: 2709

Parsing sen 333
Parsing steps: 24097 steps
Cky conversion steps: 212478 steps
Chart START items len: 6927
Chart keys len: 7038
Chart items len: 28611

Parsing sen 335
Parsing steps: 2924 steps
Cky conversion steps: 1078 steps
Chart START items len: 70
Chart keys len: 154
Chart items len: 301

Parsing sen 336
Parsing steps: 17877 steps
Cky conversion steps: 4640 steps
Chart START items len: 429
Chart keys len: 502
Chart items len: 1733

Parsing sen 338
Parsing steps: 3768 steps
Cky conversion steps: 29495 steps
Chart START items len: 1116
Chart keys len: 1139
Chart items len: 4618

Parsing sen 340
Parsing steps: 17060 steps
Cky conversion steps: 205089 steps
Chart START items len: 5254
Chart keys len: 5380
Chart items len: 22895

Parsing sen 344
Parsing steps: 974 steps
Cky conversion steps: 159 steps
Chart START items len: 17
Chart keys len: 31
Chart items len: 55

Parsing sen 345
Parsing steps: 5854 steps
Cky conversion steps: 24257 steps
Chart START items len: 1242
Chart keys len: 1316
Chart items len: 4863

Parsing sen 348
Parsing steps: 73514 steps
Cky conversion steps: 566057 steps
Chart START items len: 22337
Chart keys len: 22626
Chart items len: 91318

Parsing sen 350
Parse did not finish:
- steps: 157052
- queue len: 480668
- attempted len: 20000736

Parsing sen 351
Parsing steps: 636 steps
Cky conversion steps: 1432 steps
Chart START items len: 66
Chart keys len: 73
Chart items len: 246

Parsing sen 352
Parsing steps: 4628 steps
Cky conversion steps: 3685 steps
Chart START items len: 223
Chart keys len: 321
Chart items len: 888

Parsing sen 356
Parsing steps: 2927 steps
Cky conversion steps: 5059 steps
Chart START items len: 303
Chart keys len: 384
Chart items len: 1172

Parsing sen 357
Parsing steps: 3782 steps
Cky conversion steps: 23225 steps
Chart START items len: 803
Chart keys len: 829
Chart items len: 3311

Parsing sen 361
Parsing steps: 28683 steps
Cky conversion steps: 4573 steps
Chart START items len: 540
Chart keys len: 826
Chart items len: 1955

Parsing sen 364
Parsing steps: 8020 steps
Cky conversion steps: 77882 steps
Chart START items len: 2285
Chart keys len: 2335
Chart items len: 9667

Parsing sen 366
Parsing steps: 531 steps
Cky conversion steps: 247 steps
Chart START items len: 30
Chart keys len: 39
Chart items len: 98

Parsing sen 368
Parsing steps: 9420 steps
Cky conversion steps: 51635 steps
Chart START items len: 2086
Chart keys len: 2185
Chart items len: 8707

Parsing sen 371
Parse did not finish:
- steps: 204607
- queue len: 1197739
- attempted len: 20000491

Parsing sen 373
Parsing steps: 39031 steps
Cky conversion steps: 399381 steps
Chart START items len: 13722
Chart keys len: 13897
Chart items len: 58397

Parsing sen 376
Parsing steps: 57926 steps
Cky conversion steps: 123182 steps
Chart START items len: 19411
Chart keys len: 20070
Chart items len: 73829

Parsing sen 379
Parsing steps: 4644 steps
Cky conversion steps: 3972 steps
Chart START items len: 396
Chart keys len: 515
Chart items len: 1481

Parsing sen 380
Parsing steps: 7775 steps
Cky conversion steps: 10751 steps
Chart START items len: 957
Chart keys len: 1249
Chart items len: 3586

Parsing sen 383
Parsing steps: 4254 steps
Cky conversion steps: 3340 steps
Chart START items len: 375
Chart keys len: 463
Chart items len: 1393

Parsing sen 386
Parsing steps: 30095 steps
Cky conversion steps: 151397 steps
Chart START items len: 5719
Chart keys len: 6420
Chart items len: 23492

Parsing sen 387
Parsing steps: 2300 steps
Cky conversion steps: 1537 steps
Chart START items len: 148
Chart keys len: 210
Chart items len: 592

Parsing sen 388
Parsing steps: 357 steps
Cky conversion steps: 35 steps
Chart START items len: 5
Chart keys len: 7
Chart items len: 12

Parsing sen 390
Parsing steps: 5849 steps
Cky conversion steps: 3940 steps
Chart START items len: 252
Chart keys len: 303
Chart items len: 942

Parsing sen 394
Parsing steps: 4439 steps
Cky conversion steps: 36750 steps
Chart START items len: 1324
Chart keys len: 1349
Chart items len: 5574

Parsing sen 396
Parse did not finish:
- steps: 139404
- queue len: 101678
- attempted len: 20000311

Parsing sen 399
Parse did not finish:
- steps: 72112
- queue len: 290991
- attempted len: 20001334

Parsing sen 402
Parsing steps: 42261 steps
Cky conversion steps: 345919 steps
Chart START items len: 9602
Chart keys len: 9738
Chart items len: 40880

Parsing sen 405
Parsing steps: 8974 steps
Cky conversion steps: 1 steps
Chart START items len: 0
Chart keys len: 0
Chart items len: 0

Parsing sen 406
Parsing steps: 5399 steps
Cky conversion steps: 19349 steps
Chart START items len: 1104
Chart keys len: 1166
Chart items len: 4213

Parsing sen 408
Parsing steps: 2563 steps
Cky conversion steps: 5084 steps
Chart START items len: 344
Chart keys len: 375
Chart items len: 1311

Parsing sen 412
Parsing steps: 16514 steps
Cky conversion steps: 142484 steps
Chart START items len: 5167
Chart keys len: 5229
Chart items len: 21874

Parsing sen 414
Parsing steps: 7704 steps
Cky conversion steps: 41163 steps
Chart START items len: 1967
Chart keys len: 2045
Chart items len: 8074

Parsing sen 416
Parsing steps: 18464 steps
Cky conversion steps: 68556 steps
Chart START items len: 6169
Chart keys len: 6368
Chart items len: 22951

Parsing sen 419
Parse did not finish:
- steps: 325756
- queue len: 537717
- attempted len: 20000033

Parsing sen 424
Parsing steps: 2244 steps
Cky conversion steps: 1666 steps
Chart START items len: 97
Chart keys len: 109
Chart items len: 358

Parsing sen 425
Parsing steps: 18944 steps
Cky conversion steps: 97876 steps
Chart START items len: 6799
Chart keys len: 6915
Chart items len: 26914

Parsing sen 429
Parsing steps: 1808 steps
Cky conversion steps: 1800 steps
Chart START items len: 170
Chart keys len: 188
Chart items len: 613

Parsing sen 436
Parsing steps: 6486 steps
Cky conversion steps: 25355 steps
Chart START items len: 1473
Chart keys len: 1567
Chart items len: 5812

Parsing sen 440
Parsing steps: 1990 steps
Cky conversion steps: 7906 steps
Chart START items len: 343
Chart keys len: 372
Chart items len: 1381

Parsing sen 441
Parsing steps: 3229 steps
Cky conversion steps: 31 steps
Chart START items len: 3
Chart keys len: 7
Chart items len: 9

Parsing sen 442
Parse did not finish:
- steps: 132774
- queue len: 78740
- attempted len: 20000840

Parsing sen 446
Parsing steps: 462 steps
Cky conversion steps: 199 steps
Chart START items len: 15
Chart keys len: 17
Chart items len: 48

Parsing sen 448
Parsing steps: 5503 steps
Cky conversion steps: 5511 steps
Chart START items len: 363
Chart keys len: 430
Chart items len: 1354

Parsing sen 452
Parsing steps: 18838 steps
Cky conversion steps: 112888 steps
Chart START items len: 3966
Chart keys len: 4232
Chart items len: 16107

Parsing sen 453
Parsing steps: 1792 steps
Cky conversion steps: 415 steps
Chart START items len: 43
Chart keys len: 54
Chart items len: 143

Parsing sen 454
Parsing steps: 1071 steps
Cky conversion steps: 1283 steps
Chart START items len: 123
Chart keys len: 138
Chart items len: 426

Parsing sen 457
Parse did not finish:
- steps: 85501
- queue len: 55003
- attempted len: 20000273

Parsing sen 460
Parsing steps: 3469 steps
Cky conversion steps: 2928 steps
Chart START items len: 300
Chart keys len: 367
Chart items len: 1119

Parsing sen 463
Parsing steps: 9721 steps
Cky conversion steps: 32463 steps
Chart START items len: 1577
Chart keys len: 1629
Chart items len: 6202

Parsing sen 465
Parsing steps: 13263 steps
Cky conversion steps: 241 steps
Chart START items len: 27
Chart keys len: 33
Chart items len: 86

Parsing sen 466
Parsing steps: 4530 steps
Cky conversion steps: 18960 steps
Chart START items len: 677
Chart keys len: 717
Chart items len: 2747

Parsing sen 469
Parsing steps: 3997 steps
Cky conversion steps: 3429 steps
Chart START items len: 326
Chart keys len: 372
Chart items len: 1166

Parsing sen 471
Parsing steps: 1589 steps
Cky conversion steps: 3757 steps
Chart START items len: 194
Chart keys len: 210
Chart items len: 731

Parsing sen 472
Parsing steps: 2022 steps
Cky conversion steps: 4002 steps
Chart START items len: 226
Chart keys len: 246
Chart items len: 841

Parsing sen 474
Parsing steps: 1038 steps
Cky conversion steps: 2351 steps
Chart START items len: 87
Chart keys len: 90
Chart items len: 336

Parsing sen 476
Parse did not finish:
- steps: 62503
- queue len: 28821
- attempted len: 20001081

Parsing sen 479
Parsing steps: 38050 steps
Cky conversion steps: 99357 steps
Chart START items len: 6215
Chart keys len: 7626
Chart items len: 24652

Parsing sen 483
Parsing steps: 8565 steps
Cky conversion steps: 71365 steps
Chart START items len: 2696
Chart keys len: 2754
Chart items len: 11195

Parsing sen 485
Parsing steps: 156331 steps
Cky conversion steps: 1421740 steps
Chart START items len: 59204
Chart keys len: 59830
Chart items len: 240014

Parsing sen 487
Parse did not finish:
- steps: 58377
- queue len: 78017
- attempted len: 20000896

Parsing sen 488
Parsing steps: 5204 steps
Cky conversion steps: 590 steps
Chart START items len: 61
Chart keys len: 77
Chart items len: 219

Parsing sen 490
Parsing steps: 5738 steps
Cky conversion steps: 15508 steps
Chart START items len: 1442
Chart keys len: 1548
Chart items len: 5502

Parsing sen 495
Parsing steps: 8206 steps
Cky conversion steps: 50103 steps
Chart START items len: 1889
Chart keys len: 1933
Chart items len: 7691

Parsing sen 497
Parsing steps: 22284 steps
Cky conversion steps: 227871 steps
Chart START items len: 6775
Chart keys len: 6862
Chart items len: 28488

Parsing sen 498
Parsing steps: 4222 steps
Cky conversion steps: 14710 steps
Chart START items len: 956
Chart keys len: 997
Chart items len: 3708

Parsing sen 500
Parsing steps: 2612 steps
Cky conversion steps: 19884 steps
Chart START items len: 616
Chart keys len: 637
Chart items len: 2557

Parsing sen 501
Parsing steps: 497 steps
Cky conversion steps: 1015 steps
Chart START items len: 49
Chart keys len: 53
Chart items len: 178

Parsing sen 502
Parsing steps: 3551 steps
Cky conversion steps: 10267 steps
Chart START items len: 888
Chart keys len: 932
Chart items len: 3434

Parsing sen 503
Parsing steps: 3170 steps
Cky conversion steps: 8896 steps
Chart START items len: 454
Chart keys len: 502
Chart items len: 1737

Parsing sen 504
Parsing steps: 12141 steps
Cky conversion steps: 75299 steps
Chart START items len: 2542
Chart keys len: 2665
Chart items len: 10357

Parsing sen 505
Parsing steps: 10561 steps
Cky conversion steps: 91161 steps
Chart START items len: 2512
Chart keys len: 2558
Chart items len: 10710

Parsing sen 506
Parsing steps: 24007 steps
Cky conversion steps: 118031 steps
Chart START items len: 7646
Chart keys len: 7759
Chart items len: 29615

Parsing sen 508
Parsing steps: 21265 steps
Cky conversion steps: 163080 steps
Chart START items len: 5878
Chart keys len: 6056
Chart items len: 24090

Parsing sen 510
Parsing steps: 5196 steps
Cky conversion steps: 23469 steps
Chart START items len: 941
Chart keys len: 990
Chart items len: 3822

Parsing sen 511
Parsing steps: 106110 steps
Cky conversion steps: 688448 steps
Chart START items len: 25909
Chart keys len: 26682
Chart items len: 103830

Parsing sen 512
Parsing steps: 1863 steps
Cky conversion steps: 485 steps
Chart START items len: 54
Chart keys len: 77
Chart items len: 193

Parsing sen 516
Parsing steps: 2053 steps
Cky conversion steps: 2265 steps
Chart START items len: 169
Chart keys len: 194
Chart items len: 597

Parsing sen 520
Parsing steps: 98196 steps
Cky conversion steps: 754849 steps
Chart START items len: 38790
Chart keys len: 38987
Chart items len: 161510

Parsing sen 524
Parsing steps: 71214 steps
Cky conversion steps: 170566 steps
Chart START items len: 14647
Chart keys len: 16194
Chart items len: 55150

Parsing sen 533
Parsing steps: 1137 steps
Cky conversion steps: 2381 steps
Chart START items len: 177
Chart keys len: 195
Chart items len: 689

Parsing sen 535
Parsing steps: 14028 steps
Cky conversion steps: 20598 steps
Chart START items len: 2015
Chart keys len: 2187
Chart items len: 7807

Parsing sen 538
Parsing steps: 84508 steps
Cky conversion steps: 54499 steps
Chart START items len: 5100
Chart keys len: 9964
Chart items len: 24482

Parsing sen 545
Parsing steps: 1533 steps
Cky conversion steps: 3034 steps
Chart START items len: 262
Chart keys len: 282
Chart items len: 956

Parsing sen 547
Parsing steps: 981 steps
Cky conversion steps: 818 steps
Chart START items len: 97
Chart keys len: 118
Chart items len: 331

Parsing sen 549
Parsing steps: 3966 steps
Cky conversion steps: 11156 steps
Chart START items len: 629
Chart keys len: 665
Chart items len: 2380

Parsing sen 551
Parse did not finish:
- steps: 121528
- queue len: 153497
- attempted len: 20000259

Parsing sen 553
Parse did not finish:
- steps: 75766
- queue len: 55841
- attempted len: 20000725

Parsing sen 558
Parsing steps: 25454 steps
Cky conversion steps: 63654 steps
Chart START items len: 4814
Chart keys len: 5289
Chart items len: 18340

Parsing sen 560
Parsing steps: 3437 steps
Cky conversion steps: 72 steps
Chart START items len: 9
Chart keys len: 15
Chart items len: 29

Parsing sen 561
Parsing steps: 252681 steps
Cky conversion steps: 2073441 steps
Chart START items len: 106917
Chart keys len: 107172
Chart items len: 442346

Parsing sen 563
Parsing steps: 3014 steps
Cky conversion steps: 15765 steps
Chart START items len: 653
Chart keys len: 676
Chart items len: 2616

Parsing sen 566
Parsing steps: 8386 steps
Cky conversion steps: 5743 steps
Chart START items len: 541
Chart keys len: 831
Chart items len: 2312

Parsing sen 569
Parse did not finish:
- steps: 55251
- queue len: 42901
- attempted len: 20001215

Parsing sen 574
Parsing steps: 4766 steps
Cky conversion steps: 38032 steps
Chart START items len: 1223
Chart keys len: 1261
Chart items len: 5172

Parsing sen 576
Parsing steps: 5068 steps
Cky conversion steps: 7910 steps
Chart START items len: 451
Chart keys len: 571
Chart items len: 1681

Parsing sen 578
Parsing steps: 20744 steps
Cky conversion steps: 332698 steps
Chart START items len: 7388
Chart keys len: 7426
Chart items len: 33429

Parsing sen 579
Parsing steps: 1378 steps
Cky conversion steps: 2148 steps
Chart START items len: 232
Chart keys len: 258
Chart items len: 845

Parsing sen 583
Parsing steps: 6231 steps
Cky conversion steps: 27765 steps
Chart START items len: 1449
Chart keys len: 1517
Chart items len: 5752

Parsing sen 586
Parsing steps: 477 steps
Cky conversion steps: 1097 steps
Chart START items len: 63
Chart keys len: 66
Chart items len: 228

Parsing sen 587
Parsing steps: 1100 steps
Cky conversion steps: 1764 steps
Chart START items len: 152
Chart keys len: 180
Chart items len: 553

Parsing sen 589
Parsing steps: 2252 steps
Cky conversion steps: 2426 steps
Chart START items len: 322
Chart keys len: 370
Chart items len: 1192

Parsing sen 592
Parsing steps: 14385 steps
Cky conversion steps: 71806 steps
Chart START items len: 4282
Chart keys len: 4486
Chart items len: 16949

Parsing sen 595
Parsing steps: 1171 steps
Cky conversion steps: 916 steps
Chart START items len: 84
Chart keys len: 90
Chart items len: 295

Parsing sen 598
Parsing steps: 1053 steps
Cky conversion steps: 696 steps
Chart START items len: 68
Chart keys len: 90
Chart items len: 276

Parsing sen 599
Parsing steps: 3046 steps
Cky conversion steps: 5196 steps
Chart START items len: 417
Chart keys len: 487
Chart items len: 1683

Parsing sen 600
Parsing steps: 1196 steps
Cky conversion steps: 54 steps
Chart START items len: 7
Chart keys len: 8
Chart items len: 19

Parsing sen 601
Parsing steps: 1802 steps
Cky conversion steps: 299 steps
Chart START items len: 49
Chart keys len: 64
Chart items len: 156

Parsing sen 603
Parsing steps: 1977 steps
Cky conversion steps: 1231 steps
Chart START items len: 171
Chart keys len: 198
Chart items len: 620

Parsing sen 604
Parsing steps: 350 steps
Cky conversion steps: 94 steps
Chart START items len: 11
Chart keys len: 19
Chart items len: 39

Parsing sen 605
Parsing steps: 122 steps
Cky conversion steps: 1 steps
Chart START items len: 0
Chart keys len: 0
Chart items len: 0

Parsing sen 606
Parsing steps: 368 steps
Cky conversion steps: 186 steps
Chart START items len: 22
Chart keys len: 27
Chart items len: 71

Parsing sen 607
Parsing steps: 3175 steps
Cky conversion steps: 1779 steps
Chart START items len: 268
Chart keys len: 312
Chart items len: 971

Parsing sen 612
Parsing steps: 3237 steps
Cky conversion steps: 12349 steps
Chart START items len: 429
Chart keys len: 455
Chart items len: 1723

Parsing sen 613
Parsing steps: 5992 steps
Cky conversion steps: 8721 steps
Chart START items len: 667
Chart keys len: 748
Chart items len: 2490

Parsing sen 615
Parsing steps: 11407 steps
Cky conversion steps: 59245 steps
Chart START items len: 2070
Chart keys len: 2115
Chart items len: 8409

Parsing sen 617
Parsing steps: 3088 steps
Cky conversion steps: 5163 steps
Chart START items len: 395
Chart keys len: 461
Chart items len: 1503

Parsing sen 618
Parsing steps: 413 steps
Cky conversion steps: 196 steps
Chart START items len: 23
Chart keys len: 29
Chart items len: 73

Parsing sen 619
Parsing steps: 710 steps
Cky conversion steps: 1537 steps
Chart START items len: 80
Chart keys len: 92
Chart items len: 306

Parsing sen 621
Parsing steps: 8358 steps
Cky conversion steps: 19528 steps
Chart START items len: 1026
Chart keys len: 1111
Chart items len: 3970

Parsing sen 623
Parsing steps: 2123 steps
Cky conversion steps: 4068 steps
Chart START items len: 333
Chart keys len: 366
Chart items len: 1251

Parsing sen 625
Parsing steps: 1925 steps
Cky conversion steps: 981 steps
Chart START items len: 141
Chart keys len: 176
Chart items len: 517

Parsing sen 627
Parsing steps: 754 steps
Cky conversion steps: 560 steps
Chart START items len: 84
Chart keys len: 96
Chart items len: 282

Parsing sen 630
Parsing steps: 13016 steps
Cky conversion steps: 974 steps
Chart START items len: 119
Chart keys len: 172
Chart items len: 445

Parsing sen 632
Parsing steps: 13979 steps
Cky conversion steps: 2015 steps
Chart START items len: 278
Chart keys len: 366
Chart items len: 998

Parsing sen 633
Parsing steps: 2403 steps
Cky conversion steps: 2057 steps
Chart START items len: 220
Chart keys len: 298
Chart items len: 831

Parsing sen 635
Parsing steps: 3209 steps
Cky conversion steps: 464 steps
Chart START items len: 60
Chart keys len: 83
Chart items len: 199

Parsing sen 636
Parsing steps: 3002 steps
Cky conversion steps: 1329 steps
Chart START items len: 171
Chart keys len: 220
Chart items len: 598

Parsing sen 641
Parsing steps: 623 steps
Cky conversion steps: 711 steps
Chart START items len: 68
Chart keys len: 75
Chart items len: 238

Parsing sen 642
Parsing steps: 1261 steps
Cky conversion steps: 491 steps
Chart START items len: 65
Chart keys len: 88
Chart items len: 212

Parsing sen 645
Parsing steps: 11767 steps
Cky conversion steps: 4247 steps
Chart START items len: 433
Chart keys len: 777
Chart items len: 1743

Parsing sen 647
Parsing steps: 2553 steps
Cky conversion steps: 95 steps
Chart START items len: 15
Chart keys len: 20
Chart items len: 47

Parsing sen 649
Parsing steps: 7459 steps
Cky conversion steps: 13425 steps
Chart START items len: 965
Chart keys len: 1038
Chart items len: 3602

Parsing sen 651
Parsing steps: 916 steps
Cky conversion steps: 652 steps
Chart START items len: 40
Chart keys len: 41
Chart items len: 141

Parsing sen 652
Parsing steps: 455 steps
Cky conversion steps: 65 steps
Chart START items len: 9
Chart keys len: 13
Chart items len: 29

Parsing sen 653
Parse did not finish:
- steps: 45825
- queue len: 20555
- attempted len: 20001506

Parsing sen 655
Parsing steps: 3045 steps
Cky conversion steps: 1584 steps
Chart START items len: 163
Chart keys len: 233
Chart items len: 583

Parsing sen 656
Parsing steps: 3832 steps
Cky conversion steps: 3008 steps
Chart START items len: 208
Chart keys len: 230
Chart items len: 771

Parsing sen 657
Parsing steps: 3948 steps
Cky conversion steps: 3966 steps
Chart START items len: 393
Chart keys len: 519
Chart items len: 1502

Parsing sen 661
Parsing steps: 1712 steps
Cky conversion steps: 574 steps
Chart START items len: 91
Chart keys len: 114
Chart items len: 310

Parsing sen 663
Parsing steps: 19207 steps
Cky conversion steps: 46221 steps
Chart START items len: 3755
Chart keys len: 4186
Chart items len: 13894

Parsing sen 664
Parsing steps: 39382 steps
Cky conversion steps: 302720 steps
Chart START items len: 12961
Chart keys len: 13078
Chart items len: 54225

Parsing sen 667
Parsing steps: 1413 steps
Cky conversion steps: 1821 steps
Chart START items len: 144
Chart keys len: 168
Chart items len: 515

Parsing sen 669
Parsing steps: 3644 steps
Cky conversion steps: 3934 steps
Chart START items len: 264
Chart keys len: 294
Chart items len: 990

Parsing sen 670
Parsing steps: 4074 steps
Cky conversion steps: 223 steps
Chart START items len: 26
Chart keys len: 39
Chart items len: 81

Parsing sen 671
Parsing steps: 1141 steps
Cky conversion steps: 4183 steps
Chart START items len: 159
Chart keys len: 168
Chart items len: 621

Parsing sen 672
Parsing steps: 26506 steps
Cky conversion steps: 140105 steps
Chart START items len: 5844
Chart keys len: 5966
Chart items len: 23120

Parsing sen 673
Parsing steps: 748 steps
Cky conversion steps: 699 steps
Chart START items len: 62
Chart keys len: 72
Chart items len: 223

Parsing sen 675
Parsing steps: 2715 steps
Cky conversion steps: 1350 steps
Chart START items len: 146
Chart keys len: 188
Chart items len: 496

Parsing sen 676
Parsing steps: 1444 steps
Cky conversion steps: 4768 steps
Chart START items len: 217
Chart keys len: 232
Chart items len: 830

Parsing sen 677
Parsing steps: 898 steps
Cky conversion steps: 1275 steps
Chart START items len: 132
Chart keys len: 144
Chart items len: 460

Parsing sen 680
Parsing steps: 1046 steps
Cky conversion steps: 1171 steps
Chart START items len: 103
Chart keys len: 119
Chart items len: 361

Parsing sen 682
Parsing steps: 423 steps
Cky conversion steps: 202 steps
Chart START items len: 24
Chart keys len: 31
Chart items len: 78

Parsing sen 683
Parsing steps: 2169 steps
Cky conversion steps: 24331 steps
Chart START items len: 630
Chart keys len: 647
Chart items len: 2703

Parsing sen 684
Parsing steps: 118 steps
Cky conversion steps: 19 steps
Chart START items len: 3
Chart keys len: 4
Chart items len: 7

Parsing sen 685
Parsing steps: 1616 steps
Cky conversion steps: 417 steps
Chart START items len: 47
Chart keys len: 80
Chart items len: 177

Parsing sen 689
Parsing steps: 724 steps
Cky conversion steps: 480 steps
Chart START items len: 64
Chart keys len: 73
Chart items len: 215

Parsing sen 691
Parsing steps: 5357 steps
Cky conversion steps: 3038 steps
Chart START items len: 216
Chart keys len: 254
Chart items len: 782

Parsing sen 696
Parsing steps: 6783 steps
Cky conversion steps: 58090 steps
Chart START items len: 1988
Chart keys len: 2037
Chart items len: 8457

Parsing sen 699
Parsing steps: 7308 steps
Cky conversion steps: 2345 steps
Chart START items len: 170
Chart keys len: 227
Chart items len: 650

Parsing sen 704
Parsing steps: 1415 steps
Cky conversion steps: 1788 steps
Chart START items len: 185
Chart keys len: 206
Chart items len: 643

Parsing sen 705
Parsing steps: 315 steps
Cky conversion steps: 186 steps
Chart START items len: 22
Chart keys len: 27
Chart items len: 71

Parsing sen 706
Parsing steps: 5990 steps
Cky conversion steps: 58 steps
Chart START items len: 7
Chart keys len: 9
Chart items len: 20

Parsing sen 707
Parsing steps: 2296 steps
Cky conversion steps: 633 steps
Chart START items len: 76
Chart keys len: 100
Chart items len: 249

Parsing sen 711
Parsing steps: 23307 steps
Cky conversion steps: 43649 steps
Chart START items len: 3900
Chart keys len: 4217
Chart items len: 17701

Parsing sen 714
Parse did not finish:
- steps: 71039
- queue len: 26059
- attempted len: 20000704

Parsing sen 716
Parsing steps: 4334 steps
Cky conversion steps: 10408 steps
Chart START items len: 541
Chart keys len: 629
Chart items len: 2072

Parsing sen 717
Parsing steps: 1842 steps
Cky conversion steps: 72 steps
Chart START items len: 10
Chart keys len: 11
Chart items len: 26

Parsing sen 719
Parsing steps: 461 steps
Cky conversion steps: 656 steps
Chart START items len: 56
Chart keys len: 63
Chart items len: 194

Parsing sen 720
Parsing steps: 6163 steps
Cky conversion steps: 44469 steps
Chart START items len: 1472
Chart keys len: 1529
Chart items len: 6147

Parsing sen 722
Parsing steps: 2169 steps
Cky conversion steps: 2243 steps
Chart START items len: 174
Chart keys len: 223
Chart items len: 660

Parsing sen 725
Parsing steps: 9826 steps
Cky conversion steps: 10861 steps
Chart START items len: 986
Chart keys len: 1067
Chart items len: 3433

Parsing sen 726
Parsing steps: 1331 steps
Cky conversion steps: 1819 steps
Chart START items len: 141
Chart keys len: 157
Chart items len: 504

Parsing sen 729
Parsing steps: 939 steps
Cky conversion steps: 375 steps
Chart START items len: 42
Chart keys len: 49
Chart items len: 133

Parsing sen 731
Parsing steps: 189 steps
Cky conversion steps: 60 steps
Chart START items len: 8
Chart keys len: 9
Chart items len: 21

Parsing sen 733
Parsing steps: 1504 steps
Cky conversion steps: 1711 steps
Chart START items len: 180
Chart keys len: 236
Chart items len: 706

Parsing sen 735
Parsing steps: 257 steps
Cky conversion steps: 231 steps
Chart START items len: 21
Chart keys len: 22
Chart items len: 68

Parsing sen 736
Parsing steps: 2324 steps
Cky conversion steps: 917 steps
Chart START items len: 128
Chart keys len: 164
Chart items len: 444

Parsing sen 742
Parsing steps: 6988 steps
Cky conversion steps: 12541 steps
Chart START items len: 1226
Chart keys len: 1296
Chart items len: 4388

Parsing sen 743
Parsing steps: 308 steps
Cky conversion steps: 105 steps
Chart START items len: 13
Chart keys len: 16
Chart items len: 39

Parsing sen 744
Parsing steps: 217 steps
Cky conversion steps: 58 steps
Chart START items len: 7
Chart keys len: 9
Chart items len: 20

Parsing sen 745
Parsing steps: 5688 steps
Cky conversion steps: 16965 steps
Chart START items len: 1036
Chart keys len: 1091
Chart items len: 4069

Parsing sen 747
Parsing steps: 302 steps
Cky conversion steps: 71 steps
Chart START items len: 9
Chart keys len: 15
Chart items len: 28

Parsing sen 748
Parsing steps: 18912 steps
Cky conversion steps: 4780 steps
Chart START items len: 203
Chart keys len: 226
Chart items len: 783

Parsing sen 750
Parsing steps: 119177 steps
Cky conversion steps: 1365555 steps
Chart START items len: 39884
Chart keys len: 40296
Chart items len: 175467

Parsing sen 752
Parsing steps: 3801 steps
Cky conversion steps: 3583 steps
Chart START items len: 499
Chart keys len: 594
Chart items len: 1799

Parsing sen 756
Parsing steps: 511 steps
Cky conversion steps: 387 steps
Chart START items len: 49
Chart keys len: 58
Chart items len: 162

Parsing sen 757
Parsing steps: 1161 steps
Cky conversion steps: 1382 steps
Chart START items len: 90
Chart keys len: 112
Chart items len: 346

Parsing sen 759
Parsing steps: 7971 steps
Cky conversion steps: 20356 steps
Chart START items len: 1050
Chart keys len: 1094
Chart items len: 4057

Parsing sen 761
Parsing steps: 2840 steps
Cky conversion steps: 2398 steps
Chart START items len: 241
Chart keys len: 291
Chart items len: 852

Parsing sen 763
Parsing steps: 19156 steps
Cky conversion steps: 155667 steps
Chart START items len: 6185
Chart keys len: 6291
Chart items len: 26129

Parsing sen 765
Parsing steps: 893 steps
Cky conversion steps: 1534 steps
Chart START items len: 103
Chart keys len: 111
Chart items len: 371

Parsing sen 766
Parsing steps: 275 steps
Cky conversion steps: 215 steps
Chart START items len: 18
Chart keys len: 21
Chart items len: 58

Parsing sen 767
Parsing steps: 13967 steps
Cky conversion steps: 1742 steps
Chart START items len: 174
Chart keys len: 316
Chart items len: 721

Parsing sen 770
Parsing steps: 1074 steps
Cky conversion steps: 2661 steps
Chart START items len: 206
Chart keys len: 219
Chart items len: 758

Parsing sen 772
Parsing steps: 2856 steps
Cky conversion steps: 10853 steps
Chart START items len: 528
Chart keys len: 552
Chart items len: 2059

Parsing sen 774
Parsing steps: 286 steps
Cky conversion steps: 652 steps
Chart START items len: 40
Chart keys len: 41
Chart items len: 141

Parsing sen 775
Parsing steps: 2572 steps
Cky conversion steps: 9922 steps
Chart START items len: 590
Chart keys len: 613
Chart items len: 2255

Parsing sen 777
Parsing steps: 5722 steps
Cky conversion steps: 19605 steps
Chart START items len: 945
Chart keys len: 1035
Chart items len: 3677

Parsing sen 778
Parsing steps: 3593 steps
Cky conversion steps: 2875 steps
Chart START items len: 368
Chart keys len: 436
Chart items len: 1274

Parsing sen 780
Parsing steps: 2597 steps
Cky conversion steps: 4081 steps
Chart START items len: 190
Chart keys len: 206
Chart items len: 724

Parsing sen 782
Parse did not finish:
- steps: 49500
- queue len: 17735
- attempted len: 20000707

Parsing sen 786
Parsing steps: 5206 steps
Cky conversion steps: 14191 steps
Chart START items len: 681
Chart keys len: 746
Chart items len: 2664

Parsing sen 789
Parsing steps: 1506 steps
Cky conversion steps: 3290 steps
Chart START items len: 218
Chart keys len: 294
Chart items len: 850

Parsing sen 791
Parsing steps: 573 steps
Cky conversion steps: 296 steps
Chart START items len: 46
Chart keys len: 59
Chart items len: 160

Parsing sen 792
Parsing steps: 1225 steps
Cky conversion steps: 3208 steps
Chart START items len: 193
Chart keys len: 208
Chart items len: 723

Parsing sen 796
Parsing steps: 454 steps
Cky conversion steps: 155 steps
Chart START items len: 21
Chart keys len: 27
Chart items len: 63

Parsing sen 797
Parsing steps: 11764 steps
Cky conversion steps: 122517 steps
Chart START items len: 3779
Chart keys len: 3816
Chart items len: 16178

Parsing sen 800
Parse did not finish:
- steps: 61428
- queue len: 27538
- attempted len: 20000109

Parsing sen 801
Parsing steps: 42408 steps
Cky conversion steps: 112597 steps
Chart START items len: 14946
Chart keys len: 15205
Chart items len: 57301

Parsing sen 804
Parsing steps: 730 steps
Cky conversion steps: 3411 steps
Chart START items len: 143
Chart keys len: 150
Chart items len: 556

Parsing sen 805
Parsing steps: 4139 steps
Cky conversion steps: 4779 steps
Chart START items len: 627
Chart keys len: 728
Chart items len: 2291

Parsing sen 811
Parsing steps: 2922 steps
Cky conversion steps: 3410 steps
Chart START items len: 347
Chart keys len: 380
Chart items len: 1209

Parsing sen 812
Parsing steps: 1228 steps
Cky conversion steps: 5572 steps
Chart START items len: 231
Chart keys len: 241
Chart items len: 908

Parsing sen 813
Parsing steps: 758 steps
Cky conversion steps: 93 steps
Chart START items len: 13
Chart keys len: 18
Chart items len: 36

Parsing sen 814
Parsing steps: 2788 steps
Cky conversion steps: 2099 steps
Chart START items len: 194
Chart keys len: 239
Chart items len: 688

Parsing sen 817
Parsing steps: 1251 steps
Cky conversion steps: 1293 steps
Chart START items len: 103
Chart keys len: 113
Chart items len: 357

Parsing sen 822
Parsing steps: 2349 steps
Cky conversion steps: 1164 steps
Chart START items len: 71
Chart keys len: 80
Chart items len: 256

Parsing sen 824
Parsing steps: 11668 steps
Cky conversion steps: 48598 steps
Chart START items len: 1838
Chart keys len: 2065
Chart items len: 7404

Parsing sen 829
Parsing steps: 2936 steps
Cky conversion steps: 10166 steps
Chart START items len: 496
Chart keys len: 557
Chart items len: 1991

Parsing sen 831
Parsing steps: 4124 steps
Cky conversion steps: 13499 steps
Chart START items len: 716
Chart keys len: 769
Chart items len: 2909

Parsing sen 835
Parsing steps: 6283 steps
Cky conversion steps: 22558 steps
Chart START items len: 1686
Chart keys len: 1750
Chart items len: 6629

Parsing sen 836
Parsing steps: 1953 steps
Cky conversion steps: 2461 steps
Chart START items len: 239
Chart keys len: 324
Chart items len: 941

Parsing sen 839
Parsing steps: 1510 steps
Cky conversion steps: 2184 steps
Chart START items len: 119
Chart keys len: 133
Chart items len: 437

Parsing sen 841
Parsing steps: 178 steps
Cky conversion steps: 54 steps
Chart START items len: 7
Chart keys len: 8
Chart items len: 19

Parsing sen 842
Parsing steps: 1035 steps
Cky conversion steps: 1329 steps
Chart START items len: 162
Chart keys len: 189
Chart items len: 584

Parsing sen 845
Parsing steps: 19702 steps
Cky conversion steps: 18289 steps
Chart START items len: 1949
Chart keys len: 2309
Chart items len: 7156

Parsing sen 850
Parsing steps: 731 steps
Cky conversion steps: 202 steps
Chart START items len: 24
Chart keys len: 30
Chart items len: 76

Parsing sen 851
Parsing steps: 3464 steps
Cky conversion steps: 2201 steps
Chart START items len: 224
Chart keys len: 333
Chart items len: 837

Parsing sen 853
Parsing steps: 1825 steps
Cky conversion steps: 6374 steps
Chart START items len: 312
Chart keys len: 333
Chart items len: 1233

Parsing sen 854
Parsing steps: 2598 steps
Cky conversion steps: 605 steps
Chart START items len: 64
Chart keys len: 82
Chart items len: 215

Parsing sen 856
Parsing steps: 562 steps
Cky conversion steps: 513 steps
Chart START items len: 64
Chart keys len: 75
Chart items len: 223

Parsing sen 858
Parsing steps: 611 steps
Cky conversion steps: 298 steps
Chart START items len: 40
Chart keys len: 47
Chart items len: 131

Parsing sen 860
Parsing steps: 1695 steps
Cky conversion steps: 4305 steps
Chart START items len: 229
Chart keys len: 251
Chart items len: 848

Parsing sen 862
Parsing steps: 3367 steps
Cky conversion steps: 5732 steps
Chart START items len: 388
Chart keys len: 454
Chart items len: 1501

Parsing sen 867
Parsing steps: 413 steps
Cky conversion steps: 7 steps
Chart START items len: 1
Chart keys len: 2
Chart items len: 2

Parsing sen 868
Parsing steps: 1078 steps
Cky conversion steps: 404 steps
Chart START items len: 44
Chart keys len: 56
Chart items len: 144

Parsing sen 871
Parsing steps: 24974 steps
Cky conversion steps: 90091 steps
Chart START items len: 5179
Chart keys len: 5631
Chart items len: 19732

Parsing sen 874
Parsing steps: 27613 steps
Cky conversion steps: 290842 steps
Chart START items len: 8488
Chart keys len: 8654
Chart items len: 36003

Parsing sen 876
Parsing steps: 28206 steps
Cky conversion steps: 110056 steps
Chart START items len: 6671
Chart keys len: 7180
Chart items len: 25881

Parsing sen 879
Parsing steps: 542 steps
Cky conversion steps: 1507 steps
Chart START items len: 78
Chart keys len: 82
Chart items len: 291

Parsing sen 880
Parsing steps: 708 steps
Cky conversion steps: 361 steps
Chart START items len: 40
Chart keys len: 52
Chart items len: 139

Parsing sen 881
Parsing steps: 2611 steps
Cky conversion steps: 794 steps
Chart START items len: 74
Chart keys len: 128
Chart items len: 282

Parsing sen 882
Parsing steps: 2357 steps
Cky conversion steps: 2147 steps
Chart START items len: 256
Chart keys len: 360
Chart items len: 946

Parsing sen 885
Parsing steps: 420 steps
Cky conversion steps: 7 steps
Chart START items len: 1
Chart keys len: 2
Chart items len: 2

Parsing sen 886
Parsing steps: 1322 steps
Cky conversion steps: 1417 steps
Chart START items len: 139
Chart keys len: 158
Chart items len: 502

Parsing sen 888
Parsing steps: 280 steps
Cky conversion steps: 101 steps
Chart START items len: 11
Chart keys len: 15
Chart items len: 34

Parsing sen 889
Parsing steps: 2355 steps
Cky conversion steps: 5003 steps
Chart START items len: 362
Chart keys len: 405
Chart items len: 1429

Parsing sen 892
Parsing steps: 1921 steps
Cky conversion steps: 3511 steps
Chart START items len: 308
Chart keys len: 334
Chart items len: 1142

Parsing sen 894
Parsing steps: 358 steps
Cky conversion steps: 19 steps
Chart START items len: 3
Chart keys len: 4
Chart items len: 7

Parsing sen 896
Parsing steps: 1929 steps
Cky conversion steps: 564 steps
Chart START items len: 79
Chart keys len: 105
Chart items len: 266

Parsing sen 898
Parsing steps: 283 steps
Cky conversion steps: 219 steps
Chart START items len: 18
Chart keys len: 22
Chart items len: 59

Parsing sen 899
Parsing steps: 1190 steps
Cky conversion steps: 881 steps
Chart START items len: 88
Chart keys len: 111
Chart items len: 319

Parsing sen 901
Parsing steps: 285796 steps
Cky conversion steps: 5237718 steps
Chart START items len: 116133
Chart keys len: 116287
Chart items len: 532367

Parsing sen 905
Parsing steps: 1285 steps
Cky conversion steps: 2462 steps
Chart START items len: 166
Chart keys len: 183
Chart items len: 614

Parsing sen 906
Parsing steps: 4059 steps
Cky conversion steps: 20215 steps
Chart START items len: 852
Chart keys len: 882
Chart items len: 3515

Parsing sen 909
Parsing steps: 1373 steps
Cky conversion steps: 1806 steps
Chart START items len: 240
Chart keys len: 265
Chart items len: 822

Parsing sen 910
Parsing steps: 481 steps
Cky conversion steps: 502 steps
Chart START items len: 64
Chart keys len: 73
Chart items len: 218

Parsing sen 912
Parsing steps: 7802 steps
Cky conversion steps: 9462 steps
Chart START items len: 1145
Chart keys len: 1371
Chart items len: 3952

Parsing sen 915
Parsing steps: 2910 steps
Cky conversion steps: 11675 steps
Chart START items len: 476
Chart keys len: 500
Chart items len: 1866

Parsing sen 916
Parsing steps: 385 steps
Cky conversion steps: 165 steps
Chart START items len: 25
Chart keys len: 30
Chart items len: 78

Parsing sen 919
Parsing steps: 2662 steps
Cky conversion steps: 314 steps
Chart START items len: 35
Chart keys len: 50
Chart items len: 114

Parsing sen 924
Parsing steps: 7985 steps
Cky conversion steps: 13270 steps
Chart START items len: 1885
Chart keys len: 2060
Chart items len: 7223

Parsing sen 928
Parsing steps: 3093 steps
Cky conversion steps: 11734 steps
Chart START items len: 657
Chart keys len: 710
Chart items len: 2534

Parsing sen 930
Parsing steps: 667 steps
Cky conversion steps: 851 steps
Chart START items len: 115
Chart keys len: 129
Chart items len: 406

Parsing sen 932
Parsing steps: 2411 steps
Cky conversion steps: 12537 steps
Chart START items len: 578
Chart keys len: 605
Chart items len: 2275

Parsing sen 933
Parsing steps: 752 steps
Cky conversion steps: 573 steps
Chart START items len: 61
Chart keys len: 75
Chart items len: 211

Parsing sen 934
Parsing steps: 440 steps
Cky conversion steps: 481 steps
Chart START items len: 45
Chart keys len: 48
Chart items len: 147

Parsing sen 936
Parsing steps: 2093 steps
Cky conversion steps: 5877 steps
Chart START items len: 301
Chart keys len: 326
Chart items len: 1123

Parsing sen 937
Parsing steps: 16510 steps
Cky conversion steps: 43337 steps
Chart START items len: 3289
Chart keys len: 3520
Chart items len: 12557

Parsing sen 939
Parsing steps: 472 steps
Cky conversion steps: 663 steps
Chart START items len: 45
Chart keys len: 51
Chart items len: 155

Parsing sen 940
Parsing steps: 15742 steps
Cky conversion steps: 25380 steps
Chart START items len: 2944
Chart keys len: 3245
Chart items len: 11219

Parsing sen 947
Parsing steps: 5725 steps
Cky conversion steps: 9605 steps
Chart START items len: 679
Chart keys len: 748
Chart items len: 2689

Parsing sen 951
Parsing steps: 31064 steps
Cky conversion steps: 212139 steps
Chart START items len: 7388
Chart keys len: 7747
Chart items len: 30963

Parsing sen 953
Parsing steps: 2894 steps
Cky conversion steps: 1713 steps
Chart START items len: 140
Chart keys len: 192
Chart items len: 503

Parsing sen 957
Parsing steps: 3610 steps
Cky conversion steps: 3185 steps
Chart START items len: 290
Chart keys len: 404
Chart items len: 1079

Parsing sen 958
Parsing steps: 82692 steps
Cky conversion steps: 848504 steps
Chart START items len: 28087
Chart keys len: 28304
Chart items len: 119908

Parsing sen 962
Parsing steps: 739 steps
Cky conversion steps: 373 steps
Chart START items len: 41
Chart keys len: 49
Chart items len: 132

Parsing sen 963
Parsing steps: 3758 steps
Cky conversion steps: 5514 steps
Chart START items len: 465
Chart keys len: 509
Chart items len: 1762

Parsing sen 964
Parsing steps: 16873 steps
Cky conversion steps: 129410 steps
Chart START items len: 5553
Chart keys len: 5637
Chart items len: 23153

Parsing sen 966
Parsing steps: 5584 steps
Cky conversion steps: 5719 steps
Chart START items len: 466
Chart keys len: 532
Chart items len: 1745

Parsing sen 968
Parsing steps: 4146 steps
Cky conversion steps: 8207 steps
Chart START items len: 504
Chart keys len: 547
Chart items len: 1949

Parsing sen 975
Parsing steps: 20941 steps
Cky conversion steps: 279039 steps
Chart START items len: 7556
Chart keys len: 7615
Chart items len: 33814

Parsing sen 980
Parsing steps: 40163 steps
Cky conversion steps: 635887 steps
Chart START items len: 15751
Chart keys len: 15829
Chart items len: 70884

Parsing sen 981
Parsing steps: 523 steps
Cky conversion steps: 19 steps
Chart START items len: 3
Chart keys len: 4
Chart items len: 7

Parsing sen 982
Parsing steps: 652 steps
Cky conversion steps: 1134 steps
Chart START items len: 67
Chart keys len: 74
Chart items len: 238

Parsing sen 983
Parsing steps: 1744 steps
Cky conversion steps: 9093 steps
Chart START items len: 324
Chart keys len: 338
Chart items len: 1330

Parsing sen 984
Parsing steps: 509 steps
Cky conversion steps: 49 steps
Chart START items len: 7
Chart keys len: 10
Chart items len: 19

Parsing sen 985
Parsing steps: 2681 steps
Cky conversion steps: 2422 steps
Chart START items len: 178
Chart keys len: 197
Chart items len: 642

Parsing sen 992
Parsing steps: 2246 steps
Cky conversion steps: 4634 steps
Chart START items len: 295
Chart keys len: 317
Chart items len: 1095

Parsing sen 994
Parsing steps: 9869 steps
Cky conversion steps: 762 steps
Chart START items len: 54
Chart keys len: 61
Chart items len: 184

Parsing sen 997
Parsing steps: 2698 steps
Cky conversion steps: 1296 steps
Chart START items len: 127
Chart keys len: 161
Chart items len: 457

Parsing sen 1000
Parsing steps: 2278 steps
Cky conversion steps: 2440 steps
Chart START items len: 173
Chart keys len: 222
Chart items len: 674

Parsing sen 1003
Parsing steps: 1373 steps
Cky conversion steps: 4487 steps
Chart START items len: 211
Chart keys len: 222
Chart items len: 814

Parsing sen 1004
Parsing steps: 11858 steps
Cky conversion steps: 21131 steps
Chart START items len: 1215
Chart keys len: 1494
Chart items len: 4639

Parsing sen 1005
Parsing steps: 85037 steps
Cky conversion steps: 340989 steps
Chart START items len: 14596
Chart keys len: 15757
Chart items len: 57793

Parsing sen 1006
Parsing steps: 1604 steps
Cky conversion steps: 25 steps
Chart START items len: 3
Chart keys len: 5
Chart items len: 9

Parsing sen 1008
Parsing steps: 1062 steps
Cky conversion steps: 901 steps
Chart START items len: 83
Chart keys len: 95
Chart items len: 286

Parsing sen 1012
Parsing steps: 15674 steps
Cky conversion steps: 56828 steps
Chart START items len: 2141
Chart keys len: 2237
Chart items len: 8570

Parsing sen 1014
Parsing steps: 6170 steps
Cky conversion steps: 51527 steps
Chart START items len: 1432
Chart keys len: 1478
Chart items len: 6139

Parsing sen 1018
Parsing steps: 5034 steps
Cky conversion steps: 33459 steps
Chart START items len: 1282
Chart keys len: 1328
Chart items len: 5211

Parsing sen 1022
Parsing steps: 56491 steps
Cky conversion steps: 125561 steps
Chart START items len: 15140
Chart keys len: 15701
Chart items len: 59263

Parsing sen 1026
Parsing steps: 4051 steps
Cky conversion steps: 2319 steps
Chart START items len: 165
Chart keys len: 263
Chart items len: 620

Parsing sen 1030
Parsing steps: 712 steps
Cky conversion steps: 1511 steps
Chart START items len: 78
Chart keys len: 85
Chart items len: 281

Parsing sen 1031
Parsing steps: 1188 steps
Cky conversion steps: 574 steps
Chart START items len: 55
Chart keys len: 102
Chart items len: 257

Parsing sen 1035
Parsing steps: 7848 steps
Cky conversion steps: 16524 steps
Chart START items len: 1893
Chart keys len: 2028
Chart items len: 7402

Parsing sen 1037
Parsing steps: 9211 steps
Cky conversion steps: 3628 steps
Chart START items len: 373
Chart keys len: 745
Chart items len: 1537

Parsing sen 1039
Parsing steps: 630 steps
Cky conversion steps: 694 steps
Chart START items len: 64
Chart keys len: 74
Chart items len: 224

Parsing sen 1041
Parsing steps: 61637 steps
Cky conversion steps: 111135 steps
Chart START items len: 11935
Chart keys len: 13681
Chart items len: 42596

Parsing sen 1044
Parsing steps: 3722 steps
Cky conversion steps: 5948 steps
Chart START items len: 670
Chart keys len: 831
Chart items len: 2483

Parsing sen 1049
Parsing steps: 1766 steps
Cky conversion steps: 4698 steps
Chart START items len: 253
Chart keys len: 282
Chart items len: 959

Parsing sen 1050
Parsing steps: 1534 steps
Cky conversion steps: 789 steps
Chart START items len: 83
Chart keys len: 114
Chart items len: 289

Parsing sen 1051
Parse did not finish:
- steps: 134835
- queue len: 196320
- attempted len: 20000048

Parsing sen 1054
Parsing steps: 6348 steps
Cky conversion steps: 21184 steps
Chart START items len: 1247
Chart keys len: 1370
Chart items len: 4936

Parsing sen 1057
Parsing steps: 1485 steps
Cky conversion steps: 1476 steps
Chart START items len: 143
Chart keys len: 165
Chart items len: 490

Parsing sen 1058
Parsing steps: 3706 steps
Cky conversion steps: 496 steps
Chart START items len: 85
Chart keys len: 101
Chart items len: 276

Parsing sen 1059
Parsing steps: 6436 steps
Cky conversion steps: 8512 steps
Chart START items len: 638
Chart keys len: 792
Chart items len: 2481

Parsing sen 1061
Parsing steps: 9821 steps
Cky conversion steps: 13322 steps
Chart START items len: 1228
Chart keys len: 1497
Chart items len: 5275

Parsing sen 1063
Parsing steps: 136018 steps
Cky conversion steps: 571204 steps
Chart START items len: 40703
Chart keys len: 41753
Chart items len: 160405

Parsing sen 1067
Parsing steps: 55942 steps
Cky conversion steps: 746870 steps
Chart START items len: 17825
Chart keys len: 17946
Chart items len: 80128

Parsing sen 1070
Parsing steps: 1524 steps
Cky conversion steps: 504 steps
Chart START items len: 49
Chart keys len: 78
Chart items len: 190

Parsing sen 1071
Parsing steps: 5093 steps
Cky conversion steps: 3204 steps
Chart START items len: 331
Chart keys len: 425
Chart items len: 1168

Parsing sen 1076
Parsing steps: 16078 steps
Cky conversion steps: 7782 steps
Chart START items len: 299
Chart keys len: 476
Chart items len: 1389

Parsing sen 1078
Parsing steps: 12552 steps
Cky conversion steps: 145011 steps
Chart START items len: 3524
Chart keys len: 3579
Chart items len: 15549

Parsing sen 1079
Parsing steps: 912 steps
Cky conversion steps: 382 steps
Chart START items len: 41
Chart keys len: 52
Chart items len: 136

Parsing sen 1080
Parsing steps: 36443 steps
Cky conversion steps: 163175 steps
Chart START items len: 7744
Chart keys len: 8072
Chart items len: 30613

Parsing sen 1084
Parsing steps: 1457 steps
Cky conversion steps: 1984 steps
Chart START items len: 116
Chart keys len: 129
Chart items len: 423

Parsing sen 1085
Parsing steps: 13611 steps
Cky conversion steps: 20153 steps
Chart START items len: 1461
Chart keys len: 1720
Chart items len: 5334

Parsing sen 1089
Parsing steps: 2721 steps
Cky conversion steps: 15961 steps
Chart START items len: 697
Chart keys len: 728
Chart items len: 2778

Parsing sen 1092
Parsing steps: 12344 steps
Cky conversion steps: 805 steps
Chart START items len: 71
Chart keys len: 91
Chart items len: 247

Parsing sen 1094
Parsing steps: 1253 steps
Cky conversion steps: 1097 steps
Chart START items len: 63
Chart keys len: 66
Chart items len: 228

Parsing sen 1095
Parse did not finish:
- steps: 82661
- queue len: 172970
- attempted len: 20001065

Parsing sen 1099
Parsing steps: 2857 steps
Cky conversion steps: 8695 steps
Chart START items len: 577
Chart keys len: 611
Chart items len: 2246

Parsing sen 1100
Parsing steps: 9080 steps
Cky conversion steps: 30098 steps
Chart START items len: 1554
Chart keys len: 1646
Chart items len: 6007

Parsing sen 1104
Parsing steps: 12852 steps
Cky conversion steps: 94613 steps
Chart START items len: 3078
Chart keys len: 3254
Chart items len: 13021

Parsing sen 1108
Parsing steps: 12220 steps
Cky conversion steps: 38149 steps
Chart START items len: 2662
Chart keys len: 2888
Chart items len: 10693

Parsing sen 1113
Parsing steps: 95610 steps
Cky conversion steps: 383418 steps
Chart START items len: 23135
Chart keys len: 25202
Chart items len: 91464

Parsing sen 1116
Parse did not finish:
- steps: 51785
- queue len: 42436
- attempted len: 20000786

Parsing sen 1120
Parsing steps: 2705 steps
Cky conversion steps: 11380 steps
Chart START items len: 387
Chart keys len: 407
Chart items len: 1582

Parsing sen 1121
Parsing steps: 3184 steps
Cky conversion steps: 8856 steps
Chart START items len: 654
Chart keys len: 700
Chart items len: 2485

Parsing sen 1123
Parsing steps: 2164 steps
Cky conversion steps: 535 steps
Chart START items len: 74
Chart keys len: 95
Chart items len: 264

Parsing sen 1125
Parsing steps: 1159 steps
Cky conversion steps: 3228 steps
Chart START items len: 202
Chart keys len: 217
Chart items len: 759

Parsing sen 1127
Parsing steps: 664 steps
Cky conversion steps: 1436 steps
Chart START items len: 68
Chart keys len: 74
Chart items len: 251

Parsing sen 1129
Parsing steps: 8399 steps
Cky conversion steps: 26297 steps
Chart START items len: 1724
Chart keys len: 1872
Chart items len: 6558

Parsing sen 1131
Parsing steps: 18614 steps
Cky conversion steps: 55073 steps
Chart START items len: 3889
Chart keys len: 4388
Chart items len: 14870

Parsing sen 1135
Parsing steps: 8356 steps
Cky conversion steps: 12598 steps
Chart START items len: 1770
Chart keys len: 2163
Chart items len: 6650

Parsing sen 1141
Parsing steps: 1613 steps
Cky conversion steps: 1837 steps
Chart START items len: 155
Chart keys len: 178
Chart items len: 539

Parsing sen 1143
Parsing steps: 2797 steps
Cky conversion steps: 292 steps
Chart START items len: 21
Chart keys len: 43
Chart items len: 99

Parsing sen 1144
Parsing steps: 4032 steps
Cky conversion steps: 23321 steps
Chart START items len: 739
Chart keys len: 774
Chart items len: 3069

Parsing sen 1145
Parsing steps: 239 steps
Cky conversion steps: 51 steps
Chart START items len: 7
Chart keys len: 10
Chart items len: 19

Parsing sen 1146
Parsing steps: 16250 steps
Cky conversion steps: 169185 steps
Chart START items len: 5328
Chart keys len: 5383
Chart items len: 22561

Parsing sen 1148
Parsing steps: 3086 steps
Cky conversion steps: 131 steps
Chart START items len: 19
Chart keys len: 28
Chart items len: 62

Parsing sen 1149
Parsing steps: 59719 steps
Cky conversion steps: 273171 steps
Chart START items len: 23418
Chart keys len: 23632
Chart items len: 91970

Parsing sen 1152
Parsing steps: 5409 steps
Cky conversion steps: 36598 steps
Chart START items len: 1476
Chart keys len: 1511
Chart items len: 6188

Parsing sen 1153
Parsing steps: 164 steps
Cky conversion steps: 44 steps
Chart START items len: 7
Chart keys len: 9
Chart items len: 20

Parsing sen 1156
Parsing steps: 130506 steps
Cky conversion steps: 667021 steps
Chart START items len: 28880
Chart keys len: 29737
Chart items len: 114757

Parsing sen 1157
Parsing steps: 4823 steps
Cky conversion steps: 17914 steps
Chart START items len: 1029
Chart keys len: 1066
Chart items len: 4066

Parsing sen 1160
Parsing steps: 2356 steps
Cky conversion steps: 7156 steps
Chart START items len: 448
Chart keys len: 480
Chart items len: 1739

Parsing sen 1162
Parsing steps: 9170 steps
Cky conversion steps: 20015 steps
Chart START items len: 1908
Chart keys len: 1992
Chart items len: 6812

Parsing sen 1163
Parsing steps: 2593 steps
Cky conversion steps: 2928 steps
Chart START items len: 397
Chart keys len: 452
Chart items len: 1523

Parsing sen 1166
Parsing steps: 1209 steps
Cky conversion steps: 871 steps
Chart START items len: 109
Chart keys len: 152
Chart items len: 396

Parsing sen 1167
Parsing steps: 1728 steps
Cky conversion steps: 1282 steps
Chart START items len: 164
Chart keys len: 209
Chart items len: 599

Parsing sen 1169
Parsing steps: 2156 steps
Cky conversion steps: 4301 steps
Chart START items len: 383
Chart keys len: 439
Chart items len: 1502

Parsing sen 1173
Parsing steps: 939 steps
Cky conversion steps: 981 steps
Chart START items len: 104
Chart keys len: 120
Chart items len: 361

Parsing sen 1174
Parsing steps: 775 steps
Cky conversion steps: 595 steps
Chart START items len: 89
Chart keys len: 109
Chart items len: 321

Parsing sen 1175
Parsing steps: 2314 steps
Cky conversion steps: 9739 steps
Chart START items len: 536
Chart keys len: 561
Chart items len: 2091

Parsing sen 1178
Parsing steps: 3229 steps
Cky conversion steps: 4946 steps
Chart START items len: 586
Chart keys len: 655
Chart items len: 2151

Parsing sen 1179
Parsing steps: 981 steps
Cky conversion steps: 1297 steps
Chart START items len: 166
Chart keys len: 188
Chart items len: 600

Parsing sen 1180
Parsing steps: 2911 steps
Cky conversion steps: 19211 steps
Chart START items len: 762
Chart keys len: 785
Chart items len: 3070

Parsing sen 1182
Parsing steps: 478 steps
Cky conversion steps: 596 steps
Chart START items len: 67
Chart keys len: 74
Chart items len: 229

Parsing sen 1183
Parsing steps: 1119 steps
Cky conversion steps: 2221 steps
Chart START items len: 126
Chart keys len: 140
Chart items len: 464

Parsing sen 1184
Parsing steps: 4668 steps
Cky conversion steps: 6399 steps
Chart START items len: 724
Chart keys len: 826
Chart items len: 2646

Parsing sen 1187
Parsing steps: 3810 steps
Cky conversion steps: 9441 steps
Chart START items len: 881
Chart keys len: 939
Chart items len: 3323

Parsing sen 1189
Parsing steps: 2864 steps
Cky conversion steps: 10769 steps
Chart START items len: 478
Chart keys len: 513
Chart items len: 1893

Parsing sen 1190
Parsing steps: 4666 steps
Cky conversion steps: 4612 steps
Chart START items len: 592
Chart keys len: 738
Chart items len: 2135

Parsing sen 1191
Parsing steps: 24406 steps
Cky conversion steps: 201483 steps
Chart START items len: 8014
Chart keys len: 8126
Chart items len: 33114

Parsing sen 1194
Parsing steps: 23999 steps
Cky conversion steps: 148428 steps
Chart START items len: 6119
Chart keys len: 6327
Chart items len: 24971

Parsing sen 1196
Parsing steps: 63507 steps
Cky conversion steps: 6882 steps
Chart START items len: 392
Chart keys len: 455
Chart items len: 1541

Parsing sen 1199
Parsing steps: 5744 steps
Cky conversion steps: 4936 steps
Chart START items len: 810
Chart keys len: 923
Chart items len: 2835

Parsing sen 1202
Parsing steps: 3180 steps
Cky conversion steps: 5117 steps
Chart START items len: 692
Chart keys len: 728
Chart items len: 2539

Parsing sen 1204
Parsing steps: 3807 steps
Cky conversion steps: 16817 steps
Chart START items len: 554
Chart keys len: 577
Chart items len: 2263

Parsing sen 1205
Parsing steps: 1444 steps
Cky conversion steps: 355 steps
Chart START items len: 42
Chart keys len: 63
Chart items len: 139

Parsing sen 1206
Parsing steps: 1576 steps
Cky conversion steps: 5116 steps
Chart START items len: 211
Chart keys len: 229
Chart items len: 817

Parsing sen 1207
Parsing steps: 693 steps
Cky conversion steps: 1140 steps
Chart START items len: 72
Chart keys len: 84
Chart items len: 258

Parsing sen 1208
Parsing steps: 1697 steps
Cky conversion steps: 970 steps
Chart START items len: 89
Chart keys len: 122
Chart items len: 313

Parsing sen 1210
Parse did not finish:
- steps: 94452
- queue len: 75796
- attempted len: 20000476

Parsing sen 1213
Parsing steps: 9355 steps
Cky conversion steps: 16134 steps
Chart START items len: 1260
Chart keys len: 1413
Chart items len: 4662

Parsing sen 1214
Parse did not finish:
- steps: 109642
- queue len: 485285
- attempted len: 20000545

Parsing sen 1216
Parsing steps: 1636 steps
Cky conversion steps: 3312 steps
Chart START items len: 188
Chart keys len: 215
Chart items len: 719

Parsing sen 1218
Parsing steps: 13465 steps
Cky conversion steps: 45358 steps
Chart START items len: 2439
Chart keys len: 2541
Chart items len: 9511

Parsing sen 1222
Parsing steps: 307 steps
Cky conversion steps: 107 steps
Chart START items len: 15
Chart keys len: 18
Chart items len: 42

Parsing sen 1223
Parsing steps: 6821 steps
Cky conversion steps: 57248 steps
Chart START items len: 2040
Chart keys len: 2084
Chart items len: 8718

Parsing sen 1225
Parsing steps: 2486 steps
Cky conversion steps: 6823 steps
Chart START items len: 306
Chart keys len: 338
Chart items len: 1211

Parsing sen 1226
Parsing steps: 1788 steps
Cky conversion steps: 1583 steps
Chart START items len: 173
Chart keys len: 214
Chart items len: 643

Parsing sen 1232
Parsing steps: 1320 steps
Cky conversion steps: 1667 steps
Chart START items len: 91
Chart keys len: 105
Chart items len: 353

Parsing sen 1234
Parsing steps: 26861 steps
Cky conversion steps: 328109 steps
Chart START items len: 8078
Chart keys len: 8252
Chart items len: 36104

Parsing sen 1236
Parsing steps: 1737 steps
Cky conversion steps: 459 steps
Chart START items len: 44
Chart keys len: 86
Chart items len: 173

Parsing sen 1237
Parsing steps: 7658 steps
Cky conversion steps: 10898 steps
Chart START items len: 731
Chart keys len: 837
Chart items len: 2637

Parsing sen 1240
Parsing steps: 674 steps
Cky conversion steps: 237 steps
Chart START items len: 27
Chart keys len: 32
Chart items len: 85

Parsing sen 1241
Parsing steps: 28815 steps
Cky conversion steps: 110982 steps
Chart START items len: 4253
Chart keys len: 4529
Chart items len: 17477

Parsing sen 1245
Parsing steps: 3126 steps
Cky conversion steps: 4347 steps
Chart START items len: 236
Chart keys len: 263
Chart items len: 883

Parsing sen 1248
Parsing steps: 1018 steps
Cky conversion steps: 469 steps
Chart START items len: 48
Chart keys len: 66
Chart items len: 169

Parsing sen 1250
Parsing steps: 187409 steps
Cky conversion steps: 2823875 steps
Chart START items len: 60097
Chart keys len: 60351
Chart items len: 276823

Parsing sen 1253
Parsing steps: 3701 steps
Cky conversion steps: 4435 steps
Chart START items len: 476
Chart keys len: 543
Chart items len: 1666

Parsing sen 1255
Parsing steps: 1139 steps
Cky conversion steps: 1971 steps
Chart START items len: 209
Chart keys len: 227
Chart items len: 755

Parsing sen 1257
Parsing steps: 11505 steps
Cky conversion steps: 13956 steps
Chart START items len: 1630
Chart keys len: 2601
Chart items len: 6441

Parsing sen 1260
Parsing steps: 6379 steps
Cky conversion steps: 37721 steps
Chart START items len: 1557
Chart keys len: 1614
Chart items len: 6496

Parsing sen 1263
Parsing steps: 4199 steps
Cky conversion steps: 2320 steps
Chart START items len: 201
Chart keys len: 357
Chart items len: 895

Parsing sen 1266
Parsing steps: 805 steps
Cky conversion steps: 917 steps
Chart START items len: 116
Chart keys len: 131
Chart items len: 408

Parsing sen 1268
Parsing steps: 8294 steps
Cky conversion steps: 6535 steps
Chart START items len: 301
Chart keys len: 328
Chart items len: 1163

Parsing sen 1269
Parsing steps: 1242 steps
Cky conversion steps: 771 steps
Chart START items len: 99
Chart keys len: 120
Chart items len: 349

Parsing sen 1272
Parsing steps: 9748 steps
Cky conversion steps: 27938 steps
Chart START items len: 2538
Chart keys len: 2668
Chart items len: 9945

Parsing sen 1276
Parsing steps: 2449 steps
Cky conversion steps: 5134 steps
Chart START items len: 471
Chart keys len: 524
Chart items len: 1839

Parsing sen 1279
Parsing steps: 2192 steps
Cky conversion steps: 1850 steps
Chart START items len: 182
Chart keys len: 216
Chart items len: 650

Parsing sen 1281
Parsing steps: 3566 steps
Cky conversion steps: 654 steps
Chart START items len: 73
Chart keys len: 103
Chart items len: 247

Parsing sen 1284
Parsing steps: 18097 steps
Cky conversion steps: 78947 steps
Chart START items len: 3787
Chart keys len: 4190
Chart items len: 15000

Parsing sen 1287
Parsing steps: 69662 steps
Cky conversion steps: 695012 steps
Chart START items len: 18527
Chart keys len: 18757
Chart items len: 79986

Parsing sen 1289
Parsing steps: 3397 steps
Cky conversion steps: 6560 steps
Chart START items len: 471
Chart keys len: 560
Chart items len: 1777

Parsing sen 1294
Parsing steps: 2240 steps
Cky conversion steps: 10400 steps
Chart START items len: 383
Chart keys len: 407
Chart items len: 1531

Parsing sen 1296
Parsing steps: 76215 steps
Cky conversion steps: 791248 steps
Chart START items len: 19671
Chart keys len: 20093
Chart items len: 86249

Parsing sen 1298
Parsing steps: 1888 steps
Cky conversion steps: 5996 steps
Chart START items len: 249
Chart keys len: 263
Chart items len: 961

Parsing sen 1300
Parsing steps: 3414 steps
Cky conversion steps: 3244 steps
Chart START items len: 419
Chart keys len: 477
Chart items len: 1521

Parsing sen 1305
Parsing steps: 1508 steps
Cky conversion steps: 612 steps
Chart START items len: 67
Chart keys len: 83
Chart items len: 222

Parsing sen 1307
Parsing steps: 247 steps
Cky conversion steps: 199 steps
Chart START items len: 15
Chart keys len: 17
Chart items len: 48

Parsing sen 1308
Parsing steps: 4767 steps
Cky conversion steps: 7373 steps
Chart START items len: 830
Chart keys len: 947
Chart items len: 2848

Parsing sen 1310
Parsing steps: 1404 steps
Cky conversion steps: 380 steps
Chart START items len: 52
Chart keys len: 64
Chart items len: 187

Parsing sen 1313
Parsing steps: 16658 steps
Cky conversion steps: 108104 steps
Chart START items len: 3226
Chart keys len: 3428
Chart items len: 13680

Parsing sen 1315
Parse did not finish:
- steps: 67647
- queue len: 20230
- attempted len: 20001228

Parsing sen 1317
Parse did not finish:
- steps: 53236
- queue len: 32001
- attempted len: 20000988

Parsing sen 1320
Parsing steps: 295845 steps
Cky conversion steps: 947346 steps
Chart START items len: 136574
Chart keys len: 137655
Chart items len: 510165

Parsing sen 1322
Parse did not finish:
- steps: 176012
- queue len: 43258
- attempted len: 20000095

Parsing sen 1326
Parsing steps: 9096 steps
Cky conversion steps: 32565 steps
Chart START items len: 1930
Chart keys len: 2053
Chart items len: 7423

Parsing sen 1328
Parsing steps: 3858 steps
Cky conversion steps: 12807 steps
Chart START items len: 968
Chart keys len: 1010
Chart items len: 3693

Parsing sen 1330
Parse did not finish:
- steps: 198729
- queue len: 148574
- attempted len: 20000260

Parsing sen 1332
Parsing steps: 2527 steps
Cky conversion steps: 174 steps
Chart START items len: 20
Chart keys len: 31
Chart items len: 66

Parsing sen 1333
Parsing steps: 963 steps
Cky conversion steps: 113 steps
Chart START items len: 17
Chart keys len: 22
Chart items len: 50

Parsing sen 1336
Parsing steps: 6789 steps
Cky conversion steps: 30413 steps
Chart START items len: 1426
Chart keys len: 1511
Chart items len: 5489

Parsing sen 1337
Parsing steps: 2041 steps
Cky conversion steps: 2194 steps
Chart START items len: 200
Chart keys len: 225
Chart items len: 703

Parsing sen 1342
Parsing steps: 3443 steps
Cky conversion steps: 479 steps
Chart START items len: 58
Chart keys len: 85
Chart items len: 198

Parsing sen 1344
Parsing steps: 197882 steps
Cky conversion steps: 1409508 steps
Chart START items len: 56934
Chart keys len: 57653
Chart items len: 235315

Parsing sen 1347
Parsing steps: 8662 steps
Cky conversion steps: 15944 steps
Chart START items len: 1081
Chart keys len: 1259
Chart items len: 3989

Parsing sen 1352
Parsing steps: 8464 steps
Cky conversion steps: 1427 steps
Chart START items len: 227
Chart keys len: 299
Chart items len: 752

Parsing sen 1353
Parsing steps: 26226 steps
Cky conversion steps: 66486 steps
Chart START items len: 3759
Chart keys len: 4315
Chart items len: 14510

Parsing sen 1356
Parsing steps: 1271 steps
Cky conversion steps: 215 steps
Chart START items len: 25
Chart keys len: 36
Chart items len: 88

Parsing sen 1357
Parsing steps: 18203 steps
Cky conversion steps: 8678 steps
Chart START items len: 1245
Chart keys len: 1426
Chart items len: 3912

Parsing sen 1359
Parsing steps: 10708 steps
Cky conversion steps: 109146 steps
Chart START items len: 3023
Chart keys len: 3073
Chart items len: 12978

Parsing sen 1361
Parsing steps: 5590 steps
Cky conversion steps: 30642 steps
Chart START items len: 944
Chart keys len: 981
Chart items len: 3960

Parsing sen 1363
Parsing steps: 889 steps
Cky conversion steps: 2336 steps
Chart START items len: 152
Chart keys len: 163
Chart items len: 562

Parsing sen 1364
Parsing steps: 2119 steps
Cky conversion steps: 5745 steps
Chart START items len: 275
Chart keys len: 299
Chart items len: 1044

Parsing sen 1365
Parsing steps: 2897 steps
Cky conversion steps: 5405 steps
Chart START items len: 468
Chart keys len: 548
Chart items len: 1767

Parsing sen 1366
Parsing steps: 44062 steps
Cky conversion steps: 50164 steps
Chart START items len: 4430
Chart keys len: 5395
Chart items len: 16559

Parsing sen 1370
Parsing steps: 5310 steps
Cky conversion steps: 1480 steps
Chart START items len: 165
Chart keys len: 227
Chart items len: 575

Parsing sen 1372
Parsing steps: 8400 steps
Cky conversion steps: 19729 steps
Chart START items len: 1768
Chart keys len: 1890
Chart items len: 6767

Parsing sen 1375
Parsing steps: 7652 steps
Cky conversion steps: 97 steps
Chart START items len: 13
Chart keys len: 19
Chart items len: 37

Parsing sen 1377
Parsing steps: 6527 steps
Cky conversion steps: 34314 steps
Chart START items len: 1459
Chart keys len: 1546
Chart items len: 5888

Parsing sen 1379
Parsing steps: 470 steps
Cky conversion steps: 265 steps
Chart START items len: 33
Chart keys len: 38
Chart items len: 101

Parsing sen 1381
Parsing steps: 11168 steps
Cky conversion steps: 59833 steps
Chart START items len: 2646
Chart keys len: 2790
Chart items len: 11122

Parsing sen 1384
Parsing steps: 19434 steps
Cky conversion steps: 8001 steps
Chart START items len: 600
Chart keys len: 659
Chart items len: 2245

Parsing sen 1388
Parsing steps: 8794 steps
Cky conversion steps: 3156 steps
Chart START items len: 308
Chart keys len: 549
Chart items len: 1176

Parsing sen 1393
Parsing steps: 13703 steps
Cky conversion steps: 53553 steps
Chart START items len: 3115
Chart keys len: 3297
Chart items len: 11826

Parsing sen 1395
Parsing steps: 49895 steps
Cky conversion steps: 54785 steps
Chart START items len: 5381
Chart keys len: 6752
Chart items len: 19952

Parsing sen 1398
Parsing steps: 1400 steps
Cky conversion steps: 43 steps
Chart START items len: 6
Chart keys len: 9
Chart items len: 17

Parsing sen 1399
Parsing steps: 16109 steps
Cky conversion steps: 127206 steps
Chart START items len: 4099
Chart keys len: 4224
Chart items len: 17151

Parsing sen 1401
Parsing steps: 2959 steps
Cky conversion steps: 12884 steps
Chart START items len: 485
Chart keys len: 522
Chart items len: 1928

Parsing sen 1402
Parsing steps: 3135 steps
Cky conversion steps: 1181 steps
Chart START items len: 78
Chart keys len: 92
Chart items len: 278

Parsing sen 1405
Parsing steps: 2608 steps
Cky conversion steps: 8570 steps
Chart START items len: 484
Chart keys len: 521
Chart items len: 1942

Parsing sen 1406
Parsing steps: 2871 steps
Cky conversion steps: 1195 steps
Chart START items len: 133
Chart keys len: 211
Chart items len: 474

Parsing sen 1409
Parsing steps: 97490 steps
Cky conversion steps: 6819 steps
Chart START items len: 578
Chart keys len: 1088
Chart items len: 2380

Parsing sen 1411
Parse did not finish:
- steps: 188633
- queue len: 291623
- attempted len: 20000424

Parsing sen 1415
Parsing steps: 5104 steps
Cky conversion steps: 3006 steps
Chart START items len: 386
Chart keys len: 609
Chart items len: 1464

Parsing sen 1420
Parse did not finish:
- steps: 59059
- queue len: 22283
- attempted len: 20000283

Parsing sen 1422
Parsing steps: 3431 steps
Cky conversion steps: 12322 steps
Chart START items len: 688
Chart keys len: 731
Chart items len: 2707

Parsing sen 1424
Parsing steps: 83149 steps
Cky conversion steps: 269606 steps
Chart START items len: 15355
Chart keys len: 16562
Chart items len: 59473

Parsing sen 1428
Parsing steps: 9305 steps
Cky conversion steps: 4785 steps
Chart START items len: 560
Chart keys len: 767
Chart items len: 1986

Parsing sen 1431
Parsing steps: 10962 steps
Cky conversion steps: 44110 steps
Chart START items len: 2377
Chart keys len: 2488
Chart items len: 9220

Parsing sen 1432
Parsing steps: 15006 steps
Cky conversion steps: 17709 steps
Chart START items len: 1502
Chart keys len: 1694
Chart items len: 5670

Parsing sen 1435
Parsing steps: 545 steps
Cky conversion steps: 277 steps
Chart START items len: 35
Chart keys len: 45
Chart items len: 116

Parsing sen 1436
Parsing steps: 5978 steps
Cky conversion steps: 34356 steps
Chart START items len: 1431
Chart keys len: 1502
Chart items len: 5799

Parsing sen 1439
Parsing steps: 26977 steps
Cky conversion steps: 59179 steps
Chart START items len: 6193
Chart keys len: 6713
Chart items len: 23386

Parsing sen 1446
Parsing steps: 3724 steps
Cky conversion steps: 11928 steps
Chart START items len: 723
Chart keys len: 796
Chart items len: 2770

Parsing sen 1447
Parsing steps: 4686 steps
Cky conversion steps: 6392 steps
Chart START items len: 917
Chart keys len: 1027
Chart items len: 3628

Parsing sen 1451
Parsing steps: 1521 steps
Cky conversion steps: 7907 steps
Chart START items len: 304
Chart keys len: 314
Chart items len: 1201

Parsing sen 1453
Parsing steps: 202911 steps
Cky conversion steps: 622770 steps
Chart START items len: 89192
Chart keys len: 91673
Chart items len: 348092

Parsing sen 1457
Parse did not finish:
- steps: 147772
- queue len: 57216
- attempted len: 20000018

Parsing sen 1460
Parse did not finish:
- steps: 200113
- queue len: 227545
- attempted len: 20000377

Parsing sen 1462
Parsing steps: 6693 steps
Cky conversion steps: 17025 steps
Chart START items len: 748
Chart keys len: 806
Chart items len: 2902

Parsing sen 1464
Parsing steps: 25044 steps
Cky conversion steps: 407466 steps
Chart START items len: 8576
Chart keys len: 8631
Chart items len: 39121

Parsing sen 1465
Parsing steps: 1525 steps
Cky conversion steps: 5443 steps
Chart START items len: 249
Chart keys len: 266
Chart items len: 957

Parsing sen 1467
Parsing steps: 3807 steps
Cky conversion steps: 5484 steps
Chart START items len: 563
Chart keys len: 633
Chart items len: 2237

Parsing sen 1472
Parsing steps: 3787 steps
Cky conversion steps: 2399 steps
Chart START items len: 273
Chart keys len: 328
Chart items len: 928

Parsing sen 1476
Parsing steps: 3276 steps
Cky conversion steps: 2395 steps
Chart START items len: 349
Chart keys len: 436
Chart items len: 1336

Parsing sen 1478
Parsing steps: 1831 steps
Cky conversion steps: 675 steps
Chart START items len: 58
Chart keys len: 69
Chart items len: 208

Parsing sen 1480
Parsing steps: 7148 steps
Cky conversion steps: 80563 steps
Chart START items len: 2031
Chart keys len: 2063
Chart items len: 8960

Parsing sen 1483
Parsing steps: 26014 steps
Cky conversion steps: 82548 steps
Chart START items len: 7580
Chart keys len: 8895
Chart items len: 28217

Parsing sen 1486
Parsing steps: 5180 steps
Cky conversion steps: 5694 steps
Chart START items len: 646
Chart keys len: 730
Chart items len: 2283

Parsing sen 1489
Parsing steps: 12691 steps
Cky conversion steps: 11449 steps
Chart START items len: 1307
Chart keys len: 1503
Chart items len: 4674

Parsing sen 1494
Parsing steps: 2174 steps
Cky conversion steps: 8397 steps
Chart START items len: 469
Chart keys len: 494
Chart items len: 1894

Parsing sen 1496
Parsing steps: 409994 steps
Cky conversion steps: 1244817 steps
Chart START items len: 180048
Chart keys len: 182131
Chart items len: 699297

Parsing sen 1501
Parsing steps: 5198 steps
Cky conversion steps: 6185 steps
Chart START items len: 534
Chart keys len: 665
Chart items len: 1947

Parsing sen 1508
Parsing steps: 30073 steps
Cky conversion steps: 96644 steps
Chart START items len: 12078
Chart keys len: 12252
Chart items len: 45726

Parsing sen 1510
Parsing steps: 562027 steps
Cky conversion steps: 6911964 steps
Chart START items len: 224771
Chart keys len: 225145
Chart items len: 963554

Parsing sen 1513
Parsing steps: 2319 steps
Cky conversion steps: 5057 steps
Chart START items len: 199
Chart keys len: 212
Chart items len: 780

Parsing sen 1514
Parsing steps: 102731 steps
Cky conversion steps: 1392855 steps
Chart START items len: 30416
Chart keys len: 30580
Chart items len: 137562

Parsing sen 1517
Parsing steps: 8990 steps
Cky conversion steps: 2982 steps
Chart START items len: 455
Chart keys len: 512
Chart items len: 1641

Parsing sen 1522
Parsing steps: 7854 steps
Cky conversion steps: 340 steps
Chart START items len: 17
Chart keys len: 34
Chart items len: 84

Parsing sen 1523
Parsing steps: 49414 steps
Cky conversion steps: 440751 steps
Chart START items len: 18669
Chart keys len: 18835
Chart items len: 76694

Parsing sen 1526
Parsing steps: 45287 steps
Cky conversion steps: 40972 steps
Chart START items len: 3856
Chart keys len: 5100
Chart items len: 14325

Parsing sen 1527
Parsing steps: 45149 steps
Cky conversion steps: 410822 steps
Chart START items len: 13062
Chart keys len: 13325
Chart items len: 54854

Parsing sen 1529
Parsing steps: 6622 steps
Cky conversion steps: 13552 steps
Chart START items len: 700
Chart keys len: 762
Chart items len: 2631

Parsing sen 1533
Parsing steps: 4241 steps
Cky conversion steps: 3609 steps
Chart START items len: 382
Chart keys len: 428
Chart items len: 1282

Parsing sen 1534
Parsing steps: 74215 steps
Cky conversion steps: 247671 steps
Chart START items len: 16008
Chart keys len: 16337
Chart items len: 61898

Parsing sen 1537
Parsing steps: 11063 steps
Cky conversion steps: 56455 steps
Chart START items len: 2927
Chart keys len: 3025
Chart items len: 11629

Parsing sen 1539
Parsing steps: 11558 steps
Cky conversion steps: 50335 steps
Chart START items len: 2217
Chart keys len: 2360
Chart items len: 8763

Parsing sen 1541
Parsing steps: 226 steps
Cky conversion steps: 44 steps
Chart START items len: 7
Chart keys len: 9
Chart items len: 20

Parsing sen 1542
Parse did not finish:
- steps: 80529
- queue len: 44461
- attempted len: 20000782

Parsing sen 1545
Parsing steps: 17475 steps
Cky conversion steps: 27025 steps
Chart START items len: 1366
Chart keys len: 1710
Chart items len: 5771

Parsing sen 1547
Parsing steps: 3408 steps
Cky conversion steps: 5762 steps
Chart START items len: 313
Chart keys len: 332
Chart items len: 1191

Parsing sen 1549
Parsing steps: 712 steps
Cky conversion steps: 84 steps
Chart START items len: 11
Chart keys len: 17
Chart items len: 34

Parsing sen 1550
Parsing steps: 3115 steps
Cky conversion steps: 11204 steps
Chart START items len: 632
Chart keys len: 653
Chart items len: 2464

Parsing sen 1553
Parsing steps: 1631 steps
Cky conversion steps: 473 steps
Chart START items len: 52
Chart keys len: 63
Chart items len: 168

Parsing sen 1556
Parsing steps: 4619 steps
Cky conversion steps: 2405 steps
Chart START items len: 249
Chart keys len: 358
Chart items len: 1011

Parsing sen 1558
Parsing steps: 16573 steps
Cky conversion steps: 13903 steps
Chart START items len: 1453
Chart keys len: 2170
Chart items len: 5903

Parsing sen 1566
Parsing steps: 1696 steps
Cky conversion steps: 232 steps
Chart START items len: 30
Chart keys len: 47
Chart items len: 99

Parsing sen 1568
Parsing steps: 33167 steps
Cky conversion steps: 57528 steps
Chart START items len: 4826
Chart keys len: 5276
Chart items len: 18874

Parsing sen 1572
Parsing steps: 27310 steps
Cky conversion steps: 111723 steps
Chart START items len: 6228
Chart keys len: 6426
Chart items len: 24572

Parsing sen 1574
Parsing steps: 3141 steps
Cky conversion steps: 17608 steps
Chart START items len: 684
Chart keys len: 714
Chart items len: 2803

Parsing sen 1575
Parsing steps: 6539 steps
Cky conversion steps: 6252 steps
Chart START items len: 690
Chart keys len: 799
Chart items len: 2480

Parsing sen 1578
Parsing steps: 9650 steps
Cky conversion steps: 11104 steps
Chart START items len: 1350
Chart keys len: 1440
Chart items len: 4797

Parsing sen 1583
Parsing steps: 4513 steps
Cky conversion steps: 6728 steps
Chart START items len: 291
Chart keys len: 333
Chart items len: 1144

Parsing sen 1590
Parsing steps: 207948 steps
Cky conversion steps: 2516725 steps
Chart START items len: 72215
Chart keys len: 72474
Chart items len: 309709

Parsing sen 1591
Parsing steps: 14156 steps
Cky conversion steps: 718 steps
Chart START items len: 60
Chart keys len: 86
Chart items len: 225

Parsing sen 1594
Parsing steps: 8878 steps
Cky conversion steps: 12586 steps
Chart START items len: 782
Chart keys len: 993
Chart items len: 3024

Parsing sen 1599
Parsing steps: 28615 steps
Cky conversion steps: 74441 steps
Chart START items len: 4514
Chart keys len: 5055
Chart items len: 17419

Parsing sen 1602
Parsing steps: 12605 steps
Cky conversion steps: 2037 steps
Chart START items len: 156
Chart keys len: 290
Chart items len: 623

Parsing sen 1604
Parsing steps: 1026 steps
Cky conversion steps: 1264 steps
Chart START items len: 118
Chart keys len: 129
Chart items len: 419

Parsing sen 1607
Parsing steps: 494 steps
Cky conversion steps: 25 steps
Chart START items len: 4
Chart keys len: 5
Chart items len: 9

Parsing sen 1608
Parsing steps: 10480 steps
Cky conversion steps: 12453 steps
Chart START items len: 565
Chart keys len: 660
Chart items len: 2358

Parsing sen 1610
Parse did not finish:
- steps: 187712
- queue len: 59389
- attempted len: 20000281

Parsing sen 1613
Parsing steps: 13599 steps
Cky conversion steps: 37125 steps
Chart START items len: 3718
Chart keys len: 3872
Chart items len: 14372

Parsing sen 1616
Parsing steps: 827 steps
Cky conversion steps: 309 steps
Chart START items len: 40
Chart keys len: 46
Chart items len: 126

Parsing sen 1618
Parsing steps: 1432 steps
Cky conversion steps: 272 steps
Chart START items len: 39
Chart keys len: 51
Chart items len: 126

Parsing sen 1619
Parsing steps: 411 steps
Cky conversion steps: 234 steps
Chart START items len: 20
Chart keys len: 25
Chart items len: 66

Parsing sen 1620
Parse did not finish:
- steps: 249194
- queue len: 161072
- attempted len: 20000032

Parsing sen 1627
Parse did not finish:
- steps: 801830
- queue len: 578858
- attempted len: 20000044

Parsing sen 1629
Parsing steps: 18176 steps
Cky conversion steps: 89895 steps
Chart START items len: 4185
Chart keys len: 4391
Chart items len: 17278

Parsing sen 1637
Parsing steps: 4829 steps
Cky conversion steps: 17394 steps
Chart START items len: 765
Chart keys len: 824
Chart items len: 2975

Parsing sen 1638
Parse did not finish:
- steps: 73423
- queue len: 39481
- attempted len: 20001007

Parsing sen 1640
Parsing steps: 1808 steps
Cky conversion steps: 4504 steps
Chart START items len: 318
Chart keys len: 336
Chart items len: 1208

Parsing sen 1642
Parsing steps: 3258 steps
Cky conversion steps: 1704 steps
Chart START items len: 201
Chart keys len: 278
Chart items len: 753

Parsing sen 1646
Parsing steps: 19745 steps
Cky conversion steps: 275695 steps
Chart START items len: 6490
Chart keys len: 6549
Chart items len: 28801

Parsing sen 1649
Parsing steps: 11217 steps
Cky conversion steps: 22624 steps
Chart START items len: 1762
Chart keys len: 1929
Chart items len: 6488

Parsing sen 1654
Parsing steps: 46766 steps
Cky conversion steps: 256219 steps
Chart START items len: 10357
Chart keys len: 10942
Chart items len: 41679

Parsing sen 1658
Parsing steps: 2471 steps
Cky conversion steps: 1623 steps
Chart START items len: 223
Chart keys len: 284
Chart items len: 810

Parsing sen 1662
Parsing steps: 6366 steps
Cky conversion steps: 9083 steps
Chart START items len: 1442
Chart keys len: 1545
Chart items len: 5222

Parsing sen 1664
Parsing steps: 4749 steps
Cky conversion steps: 18871 steps
Chart START items len: 764
Chart keys len: 808
Chart items len: 3005

Parsing sen 1668
Parsing steps: 2181 steps
Cky conversion steps: 2985 steps
Chart START items len: 244
Chart keys len: 303
Chart items len: 906

Parsing sen 1671
Parsing steps: 3384 steps
Cky conversion steps: 14416 steps
Chart START items len: 530
Chart keys len: 558
Chart items len: 2167

Parsing sen 1672
Parsing steps: 2162 steps
Cky conversion steps: 1023 steps
Chart START items len: 130
Chart keys len: 161
Chart items len: 454

Parsing sen 1676
Parsing steps: 2644 steps
Cky conversion steps: 2998 steps
Chart START items len: 339
Chart keys len: 403
Chart items len: 1212

Parsing sen 1681
Parsing steps: 1680 steps
Cky conversion steps: 235 steps
Chart START items len: 21
Chart keys len: 23
Chart items len: 69

Parsing sen 1683
Parsing steps: 141447 steps
Cky conversion steps: 572915 steps
Chart START items len: 63608
Chart keys len: 64293
Chart items len: 252004

Parsing sen 1685
Parsing steps: 18698 steps
Cky conversion steps: 35685 steps
Chart START items len: 3114
Chart keys len: 3334
Chart items len: 11552

Parsing sen 1687
Parsing steps: 894 steps
Cky conversion steps: 105 steps
Chart START items len: 13
Chart keys len: 16
Chart items len: 39

Parsing sen 1688
Parsing steps: 22130 steps
Cky conversion steps: 191083 steps
Chart START items len: 5783
Chart keys len: 5942
Chart items len: 25077

Parsing sen 1691
Parsing steps: 15190 steps
Cky conversion steps: 18937 steps
Chart START items len: 2418
Chart keys len: 2849
Chart items len: 9081

Parsing sen 1694
Parsing steps: 3161 steps
Cky conversion steps: 5130 steps
Chart START items len: 335
Chart keys len: 380
Chart items len: 1271

Parsing sen 1698
Parsing steps: 26924 steps
Cky conversion steps: 215966 steps
Chart START items len: 8609
Chart keys len: 8721
Chart items len: 36626

Parsing sen 1702
Parsing steps: 65654 steps
Cky conversion steps: 894673 steps
Chart START items len: 25227
Chart keys len: 25394
Chart items len: 110707

Parsing sen 1705
Parsing steps: 7572 steps
Cky conversion steps: 3596 steps
Chart START items len: 366
Chart keys len: 591
Chart items len: 1349

Parsing sen 1708
Parsing steps: 79506 steps
Cky conversion steps: 416017 steps
Chart START items len: 25542
Chart keys len: 25892
Chart items len: 97266

Parsing sen 1711
Parsing steps: 2491 steps
Cky conversion steps: 3568 steps
Chart START items len: 447
Chart keys len: 487
Chart items len: 1663

Parsing sen 1712
Parsing steps: 1612 steps
Cky conversion steps: 4244 steps
Chart START items len: 220
Chart keys len: 241
Chart items len: 820

Parsing sen 1714
Parsing steps: 2794 steps
Cky conversion steps: 1289 steps
Chart START items len: 133
Chart keys len: 167
Chart items len: 479

Parsing sen 1718
Parsing steps: 28017 steps
Cky conversion steps: 19897 steps
Chart START items len: 1962
Chart keys len: 2444
Chart items len: 7150

Parsing sen 1724
Parse did not finish:
- steps: 46557
- queue len: 19107
- attempted len: 20000750

Parsing sen 1727
Parsing steps: 18757 steps
Cky conversion steps: 54148 steps
Chart START items len: 5989
Chart keys len: 6114
Chart items len: 23238

Parsing sen 1729
Parsing steps: 12188 steps
Cky conversion steps: 3824 steps
Chart START items len: 373
Chart keys len: 658
Chart items len: 1465

Parsing sen 1730
Parsing steps: 28930 steps
Cky conversion steps: 3593 steps
Chart START items len: 321
Chart keys len: 633
Chart items len: 1324

Parsing sen 1731
Parsing steps: 172796 steps
Cky conversion steps: 1737291 steps
Chart START items len: 62319
Chart keys len: 63305
Chart items len: 264088

Parsing sen 1737
Parsing steps: 10520 steps
Cky conversion steps: 36446 steps
Chart START items len: 2222
Chart keys len: 2365
Chart items len: 8772

Parsing sen 1740
Parsing steps: 13910 steps
Cky conversion steps: 19386 steps
Chart START items len: 1784
Chart keys len: 1991
Chart items len: 6643

Parsing sen 1750
Parsing steps: 28653 steps
Cky conversion steps: 84927 steps
Chart START items len: 8010
Chart keys len: 8428
Chart items len: 31445

Parsing sen 1755
Parsing steps: 6955 steps
Cky conversion steps: 51081 steps
Chart START items len: 1652
Chart keys len: 1686
Chart items len: 6916

Parsing sen 1756
Parse did not finish:
- steps: 53657
- queue len: 53111
- attempted len: 20000828

Parsing sen 1764
Parsing steps: 73570 steps
Cky conversion steps: 1021717 steps
Chart START items len: 26134
Chart keys len: 26346
Chart items len: 116755

Parsing sen 1769
Parse did not finish:
- steps: 49545
- queue len: 90228
- attempted len: 20001996

Parsing sen 1770
Parsing steps: 78692 steps
Cky conversion steps: 779166 steps
Chart START items len: 21577
Chart keys len: 21986
Chart items len: 91964

Parsing sen 1771
Parsing steps: 4832 steps
Cky conversion steps: 2597 steps
Chart START items len: 266
Chart keys len: 355
Chart items len: 924

Parsing sen 1775
Parse did not finish:
- steps: 46710
- queue len: 31484
- attempted len: 20001199

Parsing sen 1778
Parsing steps: 162906 steps
Cky conversion steps: 1453317 steps
Chart START items len: 42610
Chart keys len: 43122
Chart items len: 179332

Parsing sen 1780
Parsing steps: 60912 steps
Cky conversion steps: 133996 steps
Chart START items len: 16776
Chart keys len: 17247
Chart items len: 61209

Parsing sen 1783
Parsing steps: 1499 steps
Cky conversion steps: 120 steps
Chart START items len: 15
Chart keys len: 24
Chart items len: 52

Parsing sen 1786
Parsing steps: 760 steps
Cky conversion steps: 152 steps
Chart START items len: 19
Chart keys len: 28
Chart items len: 66

Parsing sen 1787
Parsing steps: 24266 steps
Cky conversion steps: 2428 steps
Chart START items len: 152
Chart keys len: 180
Chart items len: 551

Parsing sen 1790
Parsing steps: 21951 steps
Cky conversion steps: 83120 steps
Chart START items len: 7428
Chart keys len: 7630
Chart items len: 29211

Parsing sen 1794
Parsing steps: 1866 steps
Cky conversion steps: 14689 steps
Chart START items len: 455
Chart keys len: 468
Chart items len: 1897

Parsing sen 1795
Parsing steps: 768 steps
Cky conversion steps: 195 steps
Chart START items len: 15
Chart keys len: 16
Chart items len: 47

Parsing sen 1796
Parse did not finish:
- steps: 60328
- queue len: 38277
- attempted len: 20000033

Parsing sen 1799
Parsing steps: 10286 steps
Cky conversion steps: 43649 steps
Chart START items len: 1462
Chart keys len: 1532
Chart items len: 5959

Parsing sen 1801
Parsing steps: 11494 steps
Cky conversion steps: 18037 steps
Chart START items len: 1233
Chart keys len: 1411
Chart items len: 4619

Parsing sen 1803
Parsing steps: 1753 steps
Cky conversion steps: 2287 steps
Chart START items len: 243
Chart keys len: 266
Chart items len: 893

Parsing sen 1806
Parsing steps: 3631 steps
Cky conversion steps: 2403 steps
Chart START items len: 393
Chart keys len: 461
Chart items len: 1386

Parsing sen 1808
Parsing steps: 5022 steps
Cky conversion steps: 8349 steps
Chart START items len: 409
Chart keys len: 509
Chart items len: 1599

Parsing sen 1811
Parsing steps: 1343 steps
Cky conversion steps: 1676 steps
Chart START items len: 246
Chart keys len: 275
Chart items len: 903

Parsing sen 1814
Parsing steps: 1886 steps
Cky conversion steps: 3490 steps
Chart START items len: 370
Chart keys len: 410
Chart items len: 1412

Parsing sen 1816
Parsing steps: 8854 steps
Cky conversion steps: 39925 steps
Chart START items len: 1791
Chart keys len: 1930
Chart items len: 7149

Parsing sen 1820
Parsing steps: 5031 steps
Cky conversion steps: 14695 steps
Chart START items len: 769
Chart keys len: 855
Chart items len: 2980

Parsing sen 1822
Parsing steps: 3967 steps
Cky conversion steps: 7472 steps
Chart START items len: 637
Chart keys len: 692
Chart items len: 2436

Parsing sen 1829
Parsing steps: 480 steps
Cky conversion steps: 549 steps
Chart START items len: 57
Chart keys len: 60
Chart items len: 188

Parsing sen 1830
Parsing steps: 1559 steps
Cky conversion steps: 1653 steps
Chart START items len: 168
Chart keys len: 196
Chart items len: 622

Parsing sen 1831
Parsing steps: 340 steps
Cky conversion steps: 105 steps
Chart START items len: 13
Chart keys len: 16
Chart items len: 39

Parsing sen 1832
Parse did not finish:
- steps: 46729
- queue len: 172089
- attempted len: 20000277

Parsing sen 1833
Parsing steps: 8326 steps
Cky conversion steps: 6684 steps
Chart START items len: 745
Chart keys len: 880
Chart items len: 2653

Parsing sen 1838
Parsing steps: 699 steps
Cky conversion steps: 334 steps
Chart START items len: 38
Chart keys len: 46
Chart items len: 127

Parsing sen 1839
Parse did not finish:
- steps: 134384
- queue len: 41395
- attempted len: 20000617

Parsing sen 1843
Parsing steps: 2372 steps
Cky conversion steps: 8109 steps
Chart START items len: 288
Chart keys len: 298
Chart items len: 1169

Parsing sen 1844
Parsing steps: 4918 steps
Cky conversion steps: 7 steps
Chart START items len: 1
Chart keys len: 2
Chart items len: 2

Parsing sen 1845
Parsing steps: 7299 steps
Cky conversion steps: 6517 steps
Chart START items len: 804
Chart keys len: 911
Chart items len: 2897

Parsing sen 1850
Parsing steps: 17169 steps
Cky conversion steps: 76300 steps
Chart START items len: 3634
Chart keys len: 3903
Chart items len: 15328

Parsing sen 1852
Parsing steps: 68669 steps
Cky conversion steps: 400603 steps
Chart START items len: 24093
Chart keys len: 24386
Chart items len: 96892

Parsing sen 1858
Parsing steps: 7568 steps
Cky conversion steps: 43497 steps
Chart START items len: 1743
Chart keys len: 1817
Chart items len: 6989

Parsing sen 1859
Parsing steps: 1242 steps
Cky conversion steps: 1062 steps
Chart START items len: 101
Chart keys len: 130
Chart items len: 352

Parsing sen 1860
Parsing steps: 2684 steps
Cky conversion steps: 4358 steps
Chart START items len: 275
Chart keys len: 292
Chart items len: 1019

Parsing sen 1863
Parse did not finish:
- steps: 141707
- queue len: 37655
- attempted len: 20000006

Parsing sen 1865
Parsing steps: 16209 steps
Cky conversion steps: 237182 steps
Chart START items len: 5471
Chart keys len: 5529
Chart items len: 24627

Parsing sen 1866
Parsing steps: 3343 steps
Cky conversion steps: 11810 steps
Chart START items len: 574
Chart keys len: 616
Chart items len: 2167

Parsing sen 1867
Parsing steps: 329985 steps
Cky conversion steps: 3060657 steps
Chart START items len: 110024
Chart keys len: 110288
Chart items len: 463433

Parsing sen 1869
Parsing steps: 2350 steps
Cky conversion steps: 7350 steps
Chart START items len: 312
Chart keys len: 328
Chart items len: 1223

Parsing sen 1871
Parsing steps: 7498 steps
Cky conversion steps: 51031 steps
Chart START items len: 1650
Chart keys len: 1703
Chart items len: 6971

Parsing sen 1875
Parsing steps: 2393 steps
Cky conversion steps: 5608 steps
Chart START items len: 225
Chart keys len: 242
Chart items len: 871

Parsing sen 1877
Parsing steps: 6788 steps
Cky conversion steps: 12520 steps
Chart START items len: 965
Chart keys len: 1278
Chart items len: 3649

Parsing sen 1880
Parsing steps: 11484 steps
Cky conversion steps: 620 steps
Chart START items len: 67
Chart keys len: 89
Chart items len: 226

Parsing sen 1881
Parsing steps: 40772 steps
Cky conversion steps: 77281 steps
Chart START items len: 5420
Chart keys len: 6064
Chart items len: 20505

Parsing sen 1885
Parsing steps: 636 steps
Cky conversion steps: 1301 steps
Chart START items len: 79
Chart keys len: 90
Chart items len: 283

Parsing sen 1886
Parsing steps: 4954 steps
Cky conversion steps: 2172 steps
Chart START items len: 283
Chart keys len: 356
Chart items len: 1024

Parsing sen 1888
Parsing steps: 33635 steps
Cky conversion steps: 45644 steps
Chart START items len: 3378
Chart keys len: 6245
Chart items len: 13678

Parsing sen 1890
Parsing steps: 2676 steps
Cky conversion steps: 4597 steps
Chart START items len: 441
Chart keys len: 484
Chart items len: 1647

Parsing sen 1893
Parse did not finish:
- steps: 142659
- queue len: 73795
- attempted len: 20000201

Parsing sen 1898
Parsing steps: 7058 steps
Cky conversion steps: 21046 steps
Chart START items len: 1885
Chart keys len: 1980
Chart items len: 7187

Parsing sen 1901
Parsing steps: 13781 steps
Cky conversion steps: 11376 steps
Chart START items len: 882
Chart keys len: 984
Chart items len: 3490

Parsing sen 1904
Parsing steps: 1557 steps
Cky conversion steps: 3334 steps
Chart START items len: 267
Chart keys len: 356
Chart items len: 1045

Parsing sen 1906
Parsing steps: 4577 steps
Cky conversion steps: 9703 steps
Chart START items len: 938
Chart keys len: 1168
Chart items len: 3570

Parsing sen 1909
Parsing steps: 1306 steps
Cky conversion steps: 3412 steps
Chart START items len: 146
Chart keys len: 151
Chart items len: 554

Parsing sen 1912
Parsing steps: 62881 steps
Cky conversion steps: 576770 steps
Chart START items len: 16581
Chart keys len: 16969
Chart items len: 70657

Parsing sen 1913
Parsing steps: 3597 steps
Cky conversion steps: 5246 steps
Chart START items len: 311
Chart keys len: 383
Chart items len: 1186

Parsing sen 1914
Parsing steps: 6380 steps
Cky conversion steps: 59141 steps
Chart START items len: 1621
Chart keys len: 1668
Chart items len: 6960

Parsing sen 1915
Parsing steps: 1383 steps
Cky conversion steps: 5061 steps
Chart START items len: 199
Chart keys len: 213
Chart items len: 781

Parsing sen 1916
Parsing steps: 1477 steps
Cky conversion steps: 5809 steps
Chart START items len: 288
Chart keys len: 302
Chart items len: 1117

Parsing sen 1918
Parsing steps: 1966 steps
Cky conversion steps: 3259 steps
Chart START items len: 263
Chart keys len: 303
Chart items len: 929

Parsing sen 1919
Parsing steps: 408 steps
Cky conversion steps: 526 steps
Chart START items len: 37
Chart keys len: 44
Chart items len: 128

Parsing sen 1920
Parsing steps: 386 steps
Cky conversion steps: 207 steps
Chart START items len: 29
Chart keys len: 38
Chart items len: 103

Parsing sen 1921
Parsing steps: 283 steps
Cky conversion steps: 219 steps
Chart START items len: 18
Chart keys len: 22
Chart items len: 59

Parsing sen 1922
Parsing steps: 615 steps
Cky conversion steps: 1160 steps
Chart START items len: 71
Chart keys len: 79
Chart items len: 255

Parsing sen 1923
Parse did not finish:
- steps: 228713
- queue len: 314844
- attempted len: 20000136

Parsing sen 1924
Parsing steps: 928 steps
Cky conversion steps: 942 steps
Chart START items len: 86
Chart keys len: 104
Chart items len: 304

Parsing sen 1926
Parsing steps: 430 steps
Cky conversion steps: 1554 steps
Chart START items len: 71
Chart keys len: 73
Chart items len: 268

Parsing sen 1927
Parsing steps: 402 steps
Cky conversion steps: 223 steps
Chart START items len: 18
Chart keys len: 23
Chart items len: 60

Parsing sen 1928
Parsing steps: 1354 steps
Cky conversion steps: 2692 steps
Chart START items len: 202
Chart keys len: 228
Chart items len: 806

Parsing sen 1930
Parsing steps: 269 steps
Cky conversion steps: 19 steps
Chart START items len: 3
Chart keys len: 4
Chart items len: 7

Parsing sen 1931
Parsing steps: 2215 steps
Cky conversion steps: 2449 steps
Chart START items len: 320
Chart keys len: 363
Chart items len: 1170

Parsing sen 1934
Parsing steps: 1058 steps
Cky conversion steps: 577 steps
Chart START items len: 45
Chart keys len: 51
Chart items len: 157

Parsing sen 1935
Parsing steps: 1790 steps
Cky conversion steps: 3425 steps
Chart START items len: 381
Chart keys len: 409
Chart items len: 1405

Parsing sen 1939
Parsing steps: 119143 steps
Cky conversion steps: 373096 steps
Chart START items len: 39176
Chart keys len: 46979
Chart items len: 144379

Parsing sen 1941
Parsing steps: 821 steps
Cky conversion steps: 2108 steps
Chart START items len: 123
Chart keys len: 129
Chart items len: 451

Parsing sen 1943
Parsing steps: 15853 steps
Cky conversion steps: 8703 steps
Chart START items len: 800
Chart keys len: 892
Chart items len: 2838

Parsing sen 1945
Parsing steps: 4564 steps
Cky conversion steps: 4329 steps
Chart START items len: 442
Chart keys len: 480
Chart items len: 1625

Parsing sen 1950
Parsing steps: 2726 steps
Cky conversion steps: 1549 steps
Chart START items len: 149
Chart keys len: 198
Chart items len: 527

Parsing sen 1951
Parsing steps: 5788 steps
Cky conversion steps: 13894 steps
Chart START items len: 952
Chart keys len: 1021
Chart items len: 3525

Parsing sen 1954
Parsing steps: 683 steps
Cky conversion steps: 499 steps
Chart START items len: 54
Chart keys len: 66
Chart items len: 194

Parsing sen 1955
Parsing steps: 1538 steps
Cky conversion steps: 4883 steps
Chart START items len: 229
Chart keys len: 250
Chart items len: 889

Parsing sen 1956
Parsing steps: 826 steps
Cky conversion steps: 31 steps
Chart START items len: 4
Chart keys len: 6
Chart items len: 11

Parsing sen 1959
Parsing steps: 3897 steps
Cky conversion steps: 2079 steps
Chart START items len: 330
Chart keys len: 364
Chart items len: 1062

Parsing sen 1960
Parsing steps: 20265 steps
Cky conversion steps: 58 steps
Chart START items len: 7
Chart keys len: 9
Chart items len: 20

Parsing sen 1961
Parsing steps: 10022 steps
Cky conversion steps: 48873 steps
Chart START items len: 2706
Chart keys len: 2850
Chart items len: 10486

Parsing sen 1963
Parsing steps: 173858 steps
Cky conversion steps: 1509842 steps
Chart START items len: 52898
Chart keys len: 54019
Chart items len: 222344

Parsing sen 1965
Parsing steps: 19916 steps
Cky conversion steps: 68128 steps
Chart START items len: 3905
Chart keys len: 4380
Chart items len: 15071

Parsing sen 1968
Parsing steps: 91459 steps
Cky conversion steps: 190080 steps
Chart START items len: 26082
Chart keys len: 29448
Chart items len: 97664

Parsing sen 1971
Parsing steps: 61125 steps
Cky conversion steps: 245505 steps
Chart START items len: 11191
Chart keys len: 12024
Chart items len: 42690

Parsing sen 1972
Parsing steps: 1967 steps
Cky conversion steps: 3294 steps
Chart START items len: 216
Chart keys len: 232
Chart items len: 793

Parsing sen 1976
Parsing steps: 43317 steps
Cky conversion steps: 701663 steps
Chart START items len: 15703
Chart keys len: 15811
Chart items len: 70714

Parsing sen 1977
Parsing steps: 9031 steps
Cky conversion steps: 8775 steps
Chart START items len: 830
Chart keys len: 1108
Chart items len: 3294

Parsing sen 1979
Parsing steps: 5462 steps
Cky conversion steps: 9392 steps
Chart START items len: 1238
Chart keys len: 1352
Chart items len: 4532

Parsing sen 1982
Parsing steps: 6865 steps
Cky conversion steps: 137 steps
Chart START items len: 15
Chart keys len: 19
Chart items len: 47

Parsing sen 1984
Parsing steps: 5435 steps
Cky conversion steps: 4924 steps
Chart START items len: 385
Chart keys len: 468
Chart items len: 1484

Parsing sen 1987
Parsing steps: 21815 steps
Cky conversion steps: 16538 steps
Chart START items len: 1538
Chart keys len: 1860
Chart items len: 5974

Parsing sen 1995
Parsing steps: 3082 steps
Cky conversion steps: 15263 steps
Chart START items len: 634
Chart keys len: 668
Chart items len: 2504

Parsing sen 1996
Parsing steps: 7193 steps
Cky conversion steps: 8227 steps
Chart START items len: 561
Chart keys len: 636
Chart items len: 2112

Parsing sen 1999
Parsing steps: 3737 steps
Cky conversion steps: 2093 steps
Chart START items len: 222
Chart keys len: 341
Chart items len: 979

Parsing sen 2003
Parsing steps: 808 steps
Cky conversion steps: 1 steps
Chart START items len: 0
Chart keys len: 0
Chart items len: 0

Parsing sen 2004
Parsing steps: 9682 steps
Cky conversion steps: 23438 steps
Chart START items len: 1293
Chart keys len: 1462
Chart items len: 5315

Parsing sen 2009
Parsing steps: 47063 steps
Cky conversion steps: 29687 steps
Chart START items len: 1419
Chart keys len: 2975
Chart items len: 6644

Parsing sen 2010
Parsing steps: 8644 steps
Cky conversion steps: 11162 steps
Chart START items len: 1068
Chart keys len: 1807
Chart items len: 4581

Parsing sen 2014
Parsing steps: 4952 steps
Cky conversion steps: 4301 steps
Chart START items len: 452
Chart keys len: 598
Chart items len: 1662

Parsing sen 2015
Parsing steps: 976 steps
Cky conversion steps: 260 steps
Chart START items len: 40
Chart keys len: 52
Chart items len: 132

Parsing sen 2016
Parsing steps: 11254 steps
Cky conversion steps: 24256 steps
Chart START items len: 1423
Chart keys len: 1545
Chart items len: 5422

Parsing sen 2025
Parsing steps: 277 steps
Cky conversion steps: 302 steps
Chart START items len: 31
Chart keys len: 32
Chart items len: 97

Parsing sen 2027
Parsing steps: 1646 steps
Cky conversion steps: 2732 steps
Chart START items len: 187
Chart keys len: 208
Chart items len: 702

Parsing sen 2028
Parsing steps: 1714 steps
Cky conversion steps: 5506 steps
Chart START items len: 265
Chart keys len: 280
Chart items len: 1014

Parsing sen 2030
Parsing steps: 3010 steps
Cky conversion steps: 2322 steps
Chart START items len: 289
Chart keys len: 354
Chart items len: 1014

Parsing sen 2033
Parsing steps: 5604 steps
Cky conversion steps: 18805 steps
Chart START items len: 776
Chart keys len: 811
Chart items len: 3116

Parsing sen 2037
Parsing steps: 1013 steps
Cky conversion steps: 5007 steps
Chart START items len: 156
Chart keys len: 160
Chart items len: 634

Parsing sen 2038
Parsing steps: 1037 steps
Cky conversion steps: 1635 steps
Chart START items len: 170
Chart keys len: 184
Chart items len: 610

Parsing sen 2039
Parsing steps: 2189 steps
Cky conversion steps: 291 steps
Chart START items len: 41
Chart keys len: 58
Chart items len: 138

Parsing sen 2040
Parsing steps: 347 steps
Cky conversion steps: 51 steps
Chart START items len: 7
Chart keys len: 12
Chart items len: 22

Parsing sen 2043
Parsing steps: 2178 steps
Cky conversion steps: 8144 steps
Chart START items len: 359
Chart keys len: 378
Chart items len: 1409

Parsing sen 2044
Parsing steps: 6115 steps
Cky conversion steps: 33740 steps
Chart START items len: 1343
Chart keys len: 1409
Chart items len: 5417

Parsing sen 2047
Parsing steps: 6253 steps
Cky conversion steps: 25383 steps
Chart START items len: 674
Chart keys len: 698
Chart items len: 2912

Parsing sen 2048
Parsing steps: 3747 steps
Cky conversion steps: 3216 steps
Chart START items len: 275
Chart keys len: 364
Chart items len: 1029

Parsing sen 2049
Parsing steps: 2026 steps
Cky conversion steps: 388 steps
Chart START items len: 45
Chart keys len: 56
Chart items len: 153

Parsing sen 2050
Parsing steps: 2109 steps
Cky conversion steps: 5040 steps
Chart START items len: 244
Chart keys len: 261
Chart items len: 913

Parsing sen 2051
Parsing steps: 1556 steps
Cky conversion steps: 1317 steps
Chart START items len: 126
Chart keys len: 143
Chart items len: 457

Parsing sen 2053
Parsing steps: 2463 steps
Cky conversion steps: 2673 steps
Chart START items len: 215
Chart keys len: 299
Chart items len: 841

Parsing sen 2056
Parsing steps: 3499 steps
Cky conversion steps: 4096 steps
Chart START items len: 539
Chart keys len: 617
Chart items len: 2039

Parsing sen 2060
Parse did not finish:
- steps: 116115
- queue len: 95013
- attempted len: 20000626

Parsing sen 2062
Parsing steps: 55126 steps
Cky conversion steps: 22310 steps
Chart START items len: 1823
Chart keys len: 2851
Chart items len: 7064

Parsing sen 2064
Parsing steps: 430 steps
Cky conversion steps: 1554 steps
Chart START items len: 71
Chart keys len: 73
Chart items len: 268

Parsing sen 2065
Parsing steps: 32881 steps
Cky conversion steps: 169532 steps
Chart START items len: 8046
Chart keys len: 8344
Chart items len: 32737

Parsing sen 2068
Parsing steps: 2552 steps
Cky conversion steps: 12213 steps
Chart START items len: 571
Chart keys len: 600
Chart items len: 2294

Parsing sen 2070
Parsing steps: 189 steps
Cky conversion steps: 44 steps
Chart START items len: 7
Chart keys len: 8
Chart items len: 17

Parsing sen 2071
Parsing steps: 1135 steps
Cky conversion steps: 1022 steps
Chart START items len: 133
Chart keys len: 160
Chart items len: 497

Parsing sen 2072
Parsing steps: 12863 steps
Cky conversion steps: 87865 steps
Chart START items len: 3016
Chart keys len: 3147
Chart items len: 12472

Parsing sen 2073
Parsing steps: 6095 steps
Cky conversion steps: 884 steps
Chart START items len: 63
Chart keys len: 71
Chart items len: 223

Parsing sen 2074
Parsing steps: 3755 steps
Cky conversion steps: 3917 steps
Chart START items len: 210
Chart keys len: 251
Chart items len: 812

Parsing sen 2075
Parse did not finish:
- steps: 59574
- queue len: 50105
- attempted len: 20000360

Parsing sen 2081
Parsing steps: 3526 steps
Cky conversion steps: 1948 steps
Chart START items len: 168
Chart keys len: 223
Chart items len: 603

Parsing sen 2085
Parsing steps: 2016 steps
Cky conversion steps: 707 steps
Chart START items len: 125
Chart keys len: 152
Chart items len: 403

Parsing sen 2086
Parsing steps: 82132 steps
Cky conversion steps: 219696 steps
Chart START items len: 34018
Chart keys len: 34934
Chart items len: 135477

Parsing sen 2091
Parsing steps: 12157 steps
Cky conversion steps: 23478 steps
Chart START items len: 1610
Chart keys len: 1898
Chart items len: 6104

Parsing sen 2092
Parsing steps: 1179 steps
Cky conversion steps: 1664 steps
Chart START items len: 134
Chart keys len: 172
Chart items len: 491

Parsing sen 2093
Parse did not finish:
- steps: 50576
- queue len: 61644
- attempted len: 20001168

Parsing sen 2095
Parsing steps: 55437 steps
Cky conversion steps: 715601 steps
Chart START items len: 17495
Chart keys len: 17600
Chart items len: 77642

Parsing sen 2099
Parsing steps: 1388 steps
Cky conversion steps: 72 steps
Chart START items len: 9
Chart keys len: 15
Chart items len: 29

Parsing sen 2100
Parsing steps: 2034 steps
Cky conversion steps: 857 steps
Chart START items len: 74
Chart keys len: 88
Chart items len: 266

Parsing sen 2102
Parsing steps: 4531 steps
Cky conversion steps: 16490 steps
Chart START items len: 813
Chart keys len: 871
Chart items len: 3180

Parsing sen 2104
Parsing steps: 965 steps
Cky conversion steps: 1319 steps
Chart START items len: 102
Chart keys len: 116
Chart items len: 365

Parsing sen 2105
Parsing steps: 313393 steps
Cky conversion steps: 4260233 steps
Chart START items len: 104002
Chart keys len: 104251
Chart items len: 460244

Parsing sen 2106
Parse did not finish:
- steps: 61581
- queue len: 16065
- attempted len: 20000136

Parsing sen 2110
Parsing steps: 880 steps
Cky conversion steps: 1487 steps
Chart START items len: 94
Chart keys len: 103
Chart items len: 331

Parsing sen 2112
Parsing steps: 129246 steps
Cky conversion steps: 29321 steps
Chart START items len: 1312
Chart keys len: 1488
Chart items len: 5568

Parsing sen 2114
Parsing steps: 3726 steps
Cky conversion steps: 105 steps
Chart START items len: 13
Chart keys len: 20
Chart items len: 43

Parsing sen 2116
Parsing steps: 549602 steps
Cky conversion steps: 10561950 steps
Chart START items len: 212339
Chart keys len: 212626
Chart items len: 987272

Parsing sen 2117
Parsing steps: 1167 steps
Cky conversion steps: 1448 steps
Chart START items len: 102
Chart keys len: 115
Chart items len: 354

Parsing sen 2119
Parsing steps: 3151 steps
Cky conversion steps: 4190 steps
Chart START items len: 396
Chart keys len: 482
Chart items len: 1479

Parsing sen 2121
Parsing steps: 353 steps
Cky conversion steps: 19 steps
Chart START items len: 3
Chart keys len: 4
Chart items len: 7

Parsing sen 2122
Parsing steps: 1746 steps
Cky conversion steps: 2535 steps
Chart START items len: 223
Chart keys len: 257
Chart items len: 860

Parsing sen 2124
Parsing steps: 4324 steps
Cky conversion steps: 243 steps
Chart START items len: 36
Chart keys len: 45
Chart items len: 112

Parsing sen 2126
Parsing steps: 761 steps
Cky conversion steps: 70 steps
Chart START items len: 9
Chart keys len: 15
Chart items len: 29

Parsing sen 2127
Parsing steps: 8205 steps
Cky conversion steps: 6592 steps
Chart START items len: 807
Chart keys len: 1246
Chart items len: 3028

Parsing sen 2128
Parsing steps: 3557 steps
Cky conversion steps: 2514 steps
Chart START items len: 282
Chart keys len: 411
Chart items len: 1070

Parsing sen 2130
Parsing steps: 3039 steps
Cky conversion steps: 4186 steps
Chart START items len: 457
Chart keys len: 616
Chart items len: 1804

Parsing sen 2131
Parsing steps: 531 steps
Cky conversion steps: 78 steps
Chart START items len: 10
Chart keys len: 16
Chart items len: 31

Parsing sen 2133
Parsing steps: 3484 steps
Cky conversion steps: 155 steps
Chart START items len: 17
Chart keys len: 28
Chart items len: 64

Parsing sen 2134
Parsing steps: 204 steps
Cky conversion steps: 1 steps
Chart START items len: 0
Chart keys len: 0
Chart items len: 0

Parsing sen 2135
Parsing steps: 7234 steps
Cky conversion steps: 29719 steps
Chart START items len: 1538
Chart keys len: 1666
Chart items len: 6371

Parsing sen 2137
Parsing steps: 3015 steps
Cky conversion steps: 4697 steps
Chart START items len: 291
Chart keys len: 313
Chart items len: 1081

Parsing sen 2138
Parsing steps: 114 steps
Cky conversion steps: 19 steps
Chart START items len: 3
Chart keys len: 4
Chart items len: 7

Parsing sen 2139
Parsing steps: 46136 steps
Cky conversion steps: 8814 steps
Chart START items len: 1638
Chart keys len: 1873
Chart items len: 5291

Parsing sen 2142
Parsing steps: 16345 steps
Cky conversion steps: 53290 steps
Chart START items len: 3040
Chart keys len: 3343
Chart items len: 13073

Parsing sen 2145
Parsing steps: 1198 steps
Cky conversion steps: 4950 steps
Chart START items len: 261
Chart keys len: 275
Chart items len: 1045

Parsing sen 2147
Parsing steps: 1435 steps
Cky conversion steps: 274 steps
Chart START items len: 46
Chart keys len: 54
Chart items len: 144

Parsing sen 2149
Parsing steps: 659 steps
Cky conversion steps: 477 steps
Chart START items len: 58
Chart keys len: 69
Chart items len: 195

Parsing sen 2150
Parsing steps: 23505 steps
Cky conversion steps: 358004 steps
Chart START items len: 8004
Chart keys len: 8060
Chart items len: 36113

Parsing sen 2151
Parsing steps: 9715 steps
Cky conversion steps: 113254 steps
Chart START items len: 2909
Chart keys len: 2950
Chart items len: 12826

Parsing sen 2152
Parsing steps: 3101 steps
Cky conversion steps: 786 steps
Chart START items len: 105
Chart keys len: 133
Chart items len: 377

Parsing sen 2154
Parsing steps: 19737 steps
Cky conversion steps: 15020 steps
Chart START items len: 1050
Chart keys len: 1101
Chart items len: 4017

Parsing sen 2155
Parsing steps: 1440 steps
Cky conversion steps: 5015 steps
Chart START items len: 195
Chart keys len: 211
Chart items len: 766

Parsing sen 2158
Parsing steps: 3065 steps
Cky conversion steps: 19042 steps
Chart START items len: 673
Chart keys len: 696
Chart items len: 2798

Parsing sen 2160
Parsing steps: 27973 steps
Cky conversion steps: 23361 steps
Chart START items len: 2030
Chart keys len: 2382
Chart items len: 7209

Parsing sen 2163
Parsing steps: 10709 steps
Cky conversion steps: 84307 steps
Chart START items len: 2227
Chart keys len: 2281
Chart items len: 9565

Parsing sen 2165
Parsing steps: 2171 steps
Cky conversion steps: 3787 steps
Chart START items len: 290
Chart keys len: 328
Chart items len: 1147

Parsing sen 2166
Parsing steps: 730 steps
Cky conversion steps: 190 steps
Chart START items len: 26
Chart keys len: 30
Chart items len: 76

Parsing sen 2168
Parsing steps: 270 steps
Cky conversion steps: 105 steps
Chart START items len: 13
Chart keys len: 16
Chart items len: 39

Parsing sen 2169
Parsing steps: 7419 steps
Cky conversion steps: 48102 steps
Chart START items len: 2134
Chart keys len: 2171
Chart items len: 8602

Parsing sen 2170
Parsing steps: 9855 steps
Cky conversion steps: 27331 steps
Chart START items len: 1345
Chart keys len: 1488
Chart items len: 5320

Parsing sen 2172
Parsing steps: 4689 steps
Cky conversion steps: 21719 steps
Chart START items len: 1149
Chart keys len: 1187
Chart items len: 4474

Parsing sen 2175
Parsing steps: 863 steps
Cky conversion steps: 798 steps
Chart START items len: 120
Chart keys len: 137
Chart items len: 421

Parsing sen 2177
Parsing steps: 17613 steps
Cky conversion steps: 24 steps
Chart START items len: 3
Chart keys len: 4
Chart items len: 8

Parsing sen 2180
Parsing steps: 6392 steps
Cky conversion steps: 7658 steps
Chart START items len: 452
Chart keys len: 487
Chart items len: 1756

Parsing sen 2181
Parsing steps: 118055 steps
Cky conversion steps: 1071150 steps
Chart START items len: 32008
Chart keys len: 32391
Chart items len: 136116

Parsing sen 2183
Parsing steps: 2277 steps
Cky conversion steps: 11114 steps
Chart START items len: 540
Chart keys len: 569
Chart items len: 2111

Parsing sen 2184
Parsing steps: 47496 steps
Cky conversion steps: 394073 steps
Chart START items len: 12130
Chart keys len: 12443
Chart items len: 51303

Parsing sen 2187
Parsing steps: 5869 steps
Cky conversion steps: 11916 steps
Chart START items len: 740
Chart keys len: 779
Chart items len: 2841

Parsing sen 2189
Parsing steps: 917 steps
Cky conversion steps: 1313 steps
Chart START items len: 92
Chart keys len: 103
Chart items len: 343

Parsing sen 2190
Parsing steps: 9426 steps
Cky conversion steps: 36289 steps
Chart START items len: 2057
Chart keys len: 2155
Chart items len: 8409

Parsing sen 2194
Parsing steps: 1789 steps
Cky conversion steps: 6164 steps
Chart START items len: 373
Chart keys len: 395
Chart items len: 1445

Parsing sen 2197
Parsing steps: 842 steps
Cky conversion steps: 1011 steps
Chart START items len: 49
Chart keys len: 52
Chart items len: 177

Parsing sen 2198
Parsing steps: 141104 steps
Cky conversion steps: 1764161 steps
Chart START items len: 51653
Chart keys len: 51832
Chart items len: 226738

Parsing sen 2200
Parsing steps: 6421 steps
Cky conversion steps: 25636 steps
Chart START items len: 1964
Chart keys len: 2035
Chart items len: 7824

Parsing sen 2203
Parsing steps: 2734 steps
Cky conversion steps: 59 steps
Chart START items len: 6
Chart keys len: 13
Chart items len: 22

Parsing sen 2204
Parsing steps: 1383 steps
Cky conversion steps: 312 steps
Chart START items len: 38
Chart keys len: 48
Chart items len: 118

Parsing sen 2205
Parsing steps: 9271 steps
Cky conversion steps: 24432 steps
Chart START items len: 1139
Chart keys len: 1246
Chart items len: 5191

Parsing sen 2207
Parsing steps: 4303 steps
Cky conversion steps: 12351 steps
Chart START items len: 881
Chart keys len: 955
Chart items len: 3330

Parsing sen 2210
Parsing steps: 1601 steps
Cky conversion steps: 2824 steps
Chart START items len: 201
Chart keys len: 225
Chart items len: 735

Parsing sen 2211
Parsing steps: 485 steps
Cky conversion steps: 137 steps
Chart START items len: 15
Chart keys len: 19
Chart items len: 47

Parsing sen 2212
Parsing steps: 35847 steps
Cky conversion steps: 124604 steps
Chart START items len: 10165
Chart keys len: 10585
Chart items len: 38734

Parsing sen 2217
Parsing steps: 13195 steps
Cky conversion steps: 45037 steps
Chart START items len: 3841
Chart keys len: 3979
Chart items len: 15609

Parsing sen 2219
Parsing steps: 1337 steps
Cky conversion steps: 793 steps
Chart START items len: 63
Chart keys len: 66
Chart items len: 221

Parsing sen 2220
Parsing steps: 332 steps
Cky conversion steps: 161 steps
Chart START items len: 19
Chart keys len: 25
Chart items len: 61

Parsing sen 2221
Parsing steps: 1369 steps
Cky conversion steps: 549 steps
Chart START items len: 64
Chart keys len: 111
Chart items len: 248

Parsing sen 2226
Parsing steps: 4640 steps
Cky conversion steps: 2698 steps
Chart START items len: 182
Chart keys len: 201
Chart items len: 674

Parsing sen 2229
Parsing steps: 2194 steps
Cky conversion steps: 435 steps
Chart START items len: 52
Chart keys len: 69
Chart items len: 186

Parsing sen 2231
Parsing steps: 6638 steps
Cky conversion steps: 12530 steps
Chart START items len: 892
Chart keys len: 992
Chart items len: 3355

Parsing sen 2233
Parsing steps: 5208 steps
Cky conversion steps: 42441 steps
Chart START items len: 1264
Chart keys len: 1298
Chart items len: 5346

Parsing sen 2234
Parsing steps: 1279 steps
Cky conversion steps: 2794 steps
Chart START items len: 226
Chart keys len: 245
Chart items len: 819

Parsing sen 2236
Parsing steps: 2365 steps
Cky conversion steps: 8641 steps
Chart START items len: 494
Chart keys len: 522
Chart items len: 1990

Parsing sen 2239
Parsing steps: 1679 steps
Cky conversion steps: 2750 steps
Chart START items len: 139
Chart keys len: 162
Chart items len: 561

Parsing sen 2240
Parsing steps: 12934 steps
Cky conversion steps: 44287 steps
Chart START items len: 1944
Chart keys len: 2104
Chart items len: 7652

Parsing sen 2241
Parsing steps: 1241 steps
Cky conversion steps: 3798 steps
Chart START items len: 211
Chart keys len: 229
Chart items len: 802

Parsing sen 2243
Parsing steps: 25196 steps
Cky conversion steps: 27898 steps
Chart START items len: 3297
Chart keys len: 4588
Chart items len: 14509

Parsing sen 2246
Parsing steps: 1858 steps
Cky conversion steps: 841 steps
Chart START items len: 103
Chart keys len: 116
Chart items len: 344

Parsing sen 2248
Parsing steps: 6956 steps
Cky conversion steps: 8503 steps
Chart START items len: 970
Chart keys len: 1076
Chart items len: 3470

Parsing sen 2252
Parsing steps: 1828 steps
Cky conversion steps: 648 steps
Chart START items len: 78
Chart keys len: 107
Chart items len: 292

Parsing sen 2254
Parsing steps: 3143 steps
Cky conversion steps: 1916 steps
Chart START items len: 184
Chart keys len: 236
Chart items len: 644

Parsing sen 2257
Parsing steps: 3817 steps
Cky conversion steps: 6759 steps
Chart START items len: 887
Chart keys len: 946
Chart items len: 3321

Parsing sen 2258
Parsing steps: 76089 steps
Cky conversion steps: 409250 steps
Chart START items len: 20318
Chart keys len: 21072
Chart items len: 79100

Parsing sen 2260
Parsing steps: 1249 steps
Cky conversion steps: 4329 steps
Chart START items len: 165
Chart keys len: 177
Chart items len: 647

Parsing sen 2261
Parsing steps: 11441 steps
Cky conversion steps: 67309 steps
Chart START items len: 2520
Chart keys len: 2615
Chart items len: 10239

Parsing sen 2264
Parsing steps: 486 steps
Cky conversion steps: 58 steps
Chart START items len: 7
Chart keys len: 9
Chart items len: 20

Parsing sen 2266
Parsing steps: 1458 steps
Cky conversion steps: 3417 steps
Chart START items len: 140
Chart keys len: 148
Chart items len: 544

Parsing sen 2268
Parsing steps: 3300 steps
Cky conversion steps: 7 steps
Chart START items len: 1
Chart keys len: 2
Chart items len: 2

Parsing sen 2269
Parsing steps: 14092 steps
Cky conversion steps: 61943 steps
Chart START items len: 4057
Chart keys len: 4195
Chart items len: 15558

Parsing sen 2271
Parsing steps: 5140 steps
Cky conversion steps: 4217 steps
Chart START items len: 508
Chart keys len: 656
Chart items len: 1867

Parsing sen 2275
Parsing steps: 4658 steps
Cky conversion steps: 1440 steps
Chart START items len: 199
Chart keys len: 294
Chart items len: 699

Parsing sen 2277
Parse did not finish:
- steps: 90323
- queue len: 60265
- attempted len: 20000224

Parsing sen 2279
Parse did not finish:
- steps: 54471
- queue len: 21594
- attempted len: 20001535

Parsing sen 2282
Parsing steps: 17587 steps
Cky conversion steps: 1 steps
Chart START items len: 0
Chart keys len: 0
Chart items len: 0

Parsing sen 2283
Parsing steps: 2662 steps
Cky conversion steps: 678 steps
Chart START items len: 72
Chart keys len: 90
Chart items len: 248

Parsing sen 2286
Parsing steps: 7654 steps
Cky conversion steps: 489 steps
Chart START items len: 73
Chart keys len: 90
Chart items len: 230

Parsing sen 2287
Parsing steps: 29763 steps
Cky conversion steps: 16873 steps
Chart START items len: 1023
Chart keys len: 1105
Chart items len: 3949

Parsing sen 2291
Parsing steps: 47927 steps
Cky conversion steps: 41733 steps
Chart START items len: 1853
Chart keys len: 1917
Chart items len: 7385

Parsing sen 2295
Parsing steps: 6489 steps
Cky conversion steps: 170 steps
Chart START items len: 21
Chart keys len: 30
Chart items len: 65

Parsing sen 2298
Parse did not finish:
- steps: 110372
- queue len: 343420
- attempted len: 20000703

Parsing sen 2301
Parsing steps: 4355 steps
Cky conversion steps: 569 steps
Chart START items len: 61
Chart keys len: 74
Chart items len: 210

Parsing sen 2302
Parse did not finish:
- steps: 87768
- queue len: 167526
- attempted len: 20000316

Parsing sen 2307
Parsing steps: 4016 steps
Cky conversion steps: 15088 steps
Chart START items len: 569
Chart keys len: 624
Chart items len: 2336

Parsing sen 2310
Parse did not finish:
- steps: 63449
- queue len: 77113
- attempted len: 20001007

Parsing sen 2312
Parsing steps: 4970 steps
Cky conversion steps: 1422 steps
Chart START items len: 110
Chart keys len: 226
Chart items len: 462

Parsing sen 2313
Parsing steps: 1204 steps
Cky conversion steps: 3282 steps
Chart START items len: 231
Chart keys len: 255
Chart items len: 921

Parsing sen 2315
Parsing steps: 104622 steps
Cky conversion steps: 632266 steps
Chart START items len: 39165
Chart keys len: 39474
Chart items len: 157736

Parsing sen 2316
Parsing steps: 14146 steps
Cky conversion steps: 95948 steps
Chart START items len: 4250
Chart keys len: 4329
Chart items len: 16983

Parsing sen 2318
Parsing steps: 101798 steps
Cky conversion steps: 1802 steps
Chart START items len: 109
Chart keys len: 226
Chart items len: 553

Parsing sen 2319
Parse did not finish:
- steps: 75191
- queue len: 102157
- attempted len: 20001923

Parsing sen 2322
Parsing steps: 12490 steps
Cky conversion steps: 111574 steps
Chart START items len: 4152
Chart keys len: 4222
Chart items len: 17369

Parsing sen 2324
Parse did not finish:
- steps: 424909
- queue len: 1029233
- attempted len: 20000073

Parsing sen 2325
Parsing steps: 460938 steps
Cky conversion steps: 2312658 steps
Chart START items len: 219842
Chart keys len: 220351
Chart items len: 873309

Parsing sen 2329
Parsing steps: 26554 steps
Cky conversion steps: 107975 steps
Chart START items len: 4951
Chart keys len: 5530
Chart items len: 18916

Parsing sen 2330
Parsing steps: 6230 steps
Cky conversion steps: 5783 steps
Chart START items len: 967
Chart keys len: 1094
Chart items len: 3467

Parsing sen 2333
Parse did not finish:
- steps: 49300
- queue len: 31991
- attempted len: 20000822

Parsing sen 2335
Parsing steps: 1721 steps
Cky conversion steps: 824 steps
Chart START items len: 84
Chart keys len: 152
Chart items len: 378

Parsing sen 2337
Parsing steps: 5883 steps
Cky conversion steps: 10339 steps
Chart START items len: 612
Chart keys len: 764
Chart items len: 2439

Parsing sen 2339
Parsing steps: 9283 steps
Cky conversion steps: 18 steps
Chart START items len: 2
Chart keys len: 3
Chart items len: 6

Parsing sen 2340
Parsing steps: 21732 steps
Cky conversion steps: 135880 steps
Chart START items len: 5790
Chart keys len: 5881
Chart items len: 23237

Parsing sen 2342
Parsing steps: 18512 steps
Cky conversion steps: 1 steps
Chart START items len: 0
Chart keys len: 0
Chart items len: 0

Parsing sen 2343
Parse did not finish:
- steps: 288103
- queue len: 333309
- attempted len: 20000296

Parsing sen 2345
Parsing steps: 6463 steps
Cky conversion steps: 12792 steps
Chart START items len: 829
Chart keys len: 923
Chart items len: 3131

Parsing sen 2347
Parse did not finish:
- steps: 50354
- queue len: 33876
- attempted len: 20000052

Parsing sen 2349
Parsing steps: 2106 steps
Cky conversion steps: 1243 steps
Chart START items len: 209
Chart keys len: 248
Chart items len: 687

Parsing sen 2351
Parse did not finish:
- steps: 107819
- queue len: 85756
- attempted len: 20000325

Parsing sen 2357
Parsing steps: 8370 steps
Cky conversion steps: 22819 steps
Chart START items len: 1816
Chart keys len: 2003
Chart items len: 7156

Parsing sen 2360
Parsing steps: 10604 steps
Cky conversion steps: 50904 steps
Chart START items len: 1915
Chart keys len: 1982
Chart items len: 7794

Parsing sen 2362
Parse did not finish:
- steps: 71035
- queue len: 22512
- attempted len: 20000602

Parsing sen 2366
Parsing steps: 1418 steps
Cky conversion steps: 658 steps
Chart START items len: 63
Chart keys len: 86
Chart items len: 221

Parsing sen 2367
Parsing steps: 1047 steps
Cky conversion steps: 3307 steps
Chart START items len: 130
Chart keys len: 142
Chart items len: 518

Parsing sen 2368
Parsing steps: 1947 steps
Cky conversion steps: 849 steps
Chart START items len: 87
Chart keys len: 123
Chart items len: 343

Parsing sen 2370
Parsing steps: 722 steps
Cky conversion steps: 481 steps
Chart START items len: 60
Chart keys len: 74
Chart items len: 202

Parsing sen 2371
Parsing steps: 10800 steps
Cky conversion steps: 10269 steps
Chart START items len: 730
Chart keys len: 846
Chart items len: 2813

Parsing sen 2374
Parsing steps: 5658 steps
Cky conversion steps: 22451 steps
Chart START items len: 1133
Chart keys len: 1243
Chart items len: 4458

Parsing sen 2377
Parsing steps: 747 steps
Cky conversion steps: 2380 steps
Chart START items len: 103
Chart keys len: 111
Chart items len: 393

Parsing sen 2378
Parsing steps: 586 steps
Cky conversion steps: 310 steps
Chart START items len: 40
Chart keys len: 55
Chart items len: 136

Parsing sen 2380
Parsing steps: 32265 steps
Cky conversion steps: 130 steps
Chart START items len: 15
Chart keys len: 25
Chart items len: 51

Parsing sen 2382
Parsing steps: 189 steps
Cky conversion steps: 19 steps
Chart START items len: 3
Chart keys len: 4
Chart items len: 7

Parsing sen 2383
Parsing steps: 5514 steps
Cky conversion steps: 13369 steps
Chart START items len: 634
Chart keys len: 677
Chart items len: 2428

Parsing sen 2385
Parsing steps: 777 steps
Cky conversion steps: 161 steps
Chart START items len: 19
Chart keys len: 25
Chart items len: 61

Parsing sen 2387
Parse did not finish:
- steps: 41304
- queue len: 15087
- attempted len: 20000249

Parsing sen 2388
Parsing steps: 47877 steps
Cky conversion steps: 138398 steps
Chart START items len: 17764
Chart keys len: 18155
Chart items len: 65616

Parsing sen 2392
Parsing steps: 4158 steps
Cky conversion steps: 56 steps
Chart START items len: 7
Chart keys len: 9
Chart items len: 21

Parsing sen 2394
Parsing steps: 8333 steps
Cky conversion steps: 35819 steps
Chart START items len: 1725
Chart keys len: 1845
Chart items len: 6782

Parsing sen 2397
Parsing steps: 1164 steps
Cky conversion steps: 3946 steps
Chart START items len: 239
Chart keys len: 254
Chart items len: 902

Parsing sen 2399
Parsing steps: 16881 steps
Cky conversion steps: 246344 steps
Chart START items len: 5750
Chart keys len: 5806
Chart items len: 25695

Parsing sen 2400
Parsing steps: 3042 steps
Cky conversion steps: 39 steps
Chart START items len: 5
Chart keys len: 7
Chart items len: 15

Parsing sen 2401
Parsing steps: 12270 steps
Cky conversion steps: 35288 steps
Chart START items len: 1754
Chart keys len: 1808
Chart items len: 6899

Parsing sen 2404
Parsing steps: 3086 steps
Cky conversion steps: 7574 steps
Chart START items len: 373
Chart keys len: 409
Chart items len: 1485

Parsing sen 2405
Parsing steps: 3681 steps
Cky conversion steps: 9077 steps
Chart START items len: 636
Chart keys len: 685
Chart items len: 2439

Parsing sen 2406
Parsing steps: 60377 steps
Cky conversion steps: 137447 steps
Chart START items len: 17942
Chart keys len: 18851
Chart items len: 66661

Parsing sen 2412
Parsing steps: 10635 steps
Cky conversion steps: 141230 steps
Chart START items len: 3446
Chart keys len: 3483
Chart items len: 15221

Parsing sen 2413
Parsing steps: 3382 steps
Cky conversion steps: 10529 steps
Chart START items len: 798
Chart keys len: 866
Chart items len: 3020

Parsing sen 2416
Parsing steps: 487 steps
Cky conversion steps: 116 steps
Chart START items len: 19
Chart keys len: 23
Chart items len: 58

Parsing sen 2418
Parsing steps: 4774 steps
Cky conversion steps: 1 steps
Chart START items len: 0
Chart keys len: 0
Chart items len: 0

Parsing sen 2419
Parsing steps: 7225 steps
Cky conversion steps: 46302 steps
Chart START items len: 1487
Chart keys len: 1528
Chart items len: 6102

Parsing sen 2420
Parsing steps: 6114 steps
Cky conversion steps: 21816 steps
Chart START items len: 955
Chart keys len: 1040
Chart items len: 3790

Parsing sen 2422
Parsing steps: 158797 steps
Cky conversion steps: 3053173 steps
Chart START items len: 62646
Chart keys len: 62772
Chart items len: 288980

Parsing sen 2425
Parsing steps: 120846 steps
Cky conversion steps: 1336511 steps
Chart START items len: 38024
Chart keys len: 38271
Chart items len: 166227

Parsing sen 2431
Parsing steps: 7340 steps
Cky conversion steps: 35017 steps
Chart START items len: 1237
Chart keys len: 1319
Chart items len: 4999

Parsing sen 2432
Parse did not finish:
- steps: 101631
- queue len: 48834
- attempted len: 20001065

Parsing sen 2434
Parsing steps: 4069 steps
Cky conversion steps: 7133 steps
Chart START items len: 581
Chart keys len: 731
Chart items len: 2289

Parsing sen 2435
Parse did not finish:
- steps: 45225
- queue len: 34225
- attempted len: 20001149

Parsing sen 2439
Parse did not finish:
- steps: 59384
- queue len: 34546
- attempted len: 20001609

Parsing sen 2443
Parsing steps: 2637 steps
Cky conversion steps: 13071 steps
Chart START items len: 535
Chart keys len: 576
Chart items len: 2214

Parsing sen 2447
Parsing steps: 17152 steps
Cky conversion steps: 191482 steps
Chart START items len: 5352
Chart keys len: 5414
Chart items len: 23187

Parsing sen 2448
Parsing steps: 297 steps
Cky conversion steps: 105 steps
Chart START items len: 13
Chart keys len: 16
Chart items len: 39

Parsing sen 2449
Parsing steps: 618 steps
Cky conversion steps: 868 steps
Chart START items len: 75
Chart keys len: 84
Chart items len: 266

Parsing sen 2451
Parsing steps: 51439 steps
Cky conversion steps: 104586 steps
Chart START items len: 10763
Chart keys len: 11271
Chart items len: 38321

Parsing sen 2453
Parsing steps: 1400 steps
Cky conversion steps: 227 steps
Chart START items len: 32
Chart keys len: 44
Chart items len: 96

Parsing sen 2456
Parsing steps: 5258 steps
Cky conversion steps: 5830 steps
Chart START items len: 390
Chart keys len: 473
Chart items len: 1445

Parsing sen 2459
Parsing steps: 8980 steps
Cky conversion steps: 46761 steps
Chart START items len: 2281
Chart keys len: 2416
Chart items len: 9003

Parsing sen 2462
Parsing steps: 1043 steps
Cky conversion steps: 2047 steps
Chart START items len: 128
Chart keys len: 148
Chart items len: 472

Parsing sen 2466
Parsing steps: 28601 steps
Cky conversion steps: 177942 steps
Chart START items len: 7279
Chart keys len: 7557
Chart items len: 31331

Parsing sen 2467
Parsing steps: 3878 steps
Cky conversion steps: 1732 steps
Chart START items len: 188
Chart keys len: 253
Chart items len: 680

Parsing sen 2468
Parse did not finish:
- steps: 133922
- queue len: 107502
- attempted len: 20000352

Parsing sen 2469
Parse did not finish:
- steps: 287490
- queue len: 782792
- attempted len: 20000047

Parsing sen 2473
Parsing steps: 51155 steps
Cky conversion steps: 102733 steps
Chart START items len: 10966
Chart keys len: 13554
Chart items len: 43730

Parsing sen 2477
Parsing steps: 587 steps
Cky conversion steps: 1 steps
Chart START items len: 0
Chart keys len: 0
Chart items len: 0

Parsing sen 2478
Parsing steps: 41921 steps
Cky conversion steps: 323037 steps
Chart START items len: 10052
Chart keys len: 10309
Chart items len: 42648

Parsing sen 2483
Parse did not finish:
- steps: 127598
- queue len: 73279
- attempted len: 20000378

Parsing sen 2489
Parsing steps: 3710 steps
Cky conversion steps: 16407 steps
Chart START items len: 740
Chart keys len: 771
Chart items len: 2934

Parsing sen 2493
Parsing steps: 33194 steps
Cky conversion steps: 385183 steps
Chart START items len: 10573
Chart keys len: 10692
Chart items len: 46126

Parsing sen 2495
Parse did not finish:
- steps: 65618
- queue len: 31937
- attempted len: 20000462

Parsing sen 2501
Parse did not finish:
- steps: 71542
- queue len: 36613
- attempted len: 20000403

Parsing sen 2507
Parsing steps: 31124 steps
Cky conversion steps: 264547 steps
Chart START items len: 7559
Chart keys len: 7707
Chart items len: 32794

Parsing sen 2511
Parsing steps: 2708 steps
Cky conversion steps: 20472 steps
Chart START items len: 706
Chart keys len: 727
Chart items len: 2902

Parsing sen 2512
Parsing steps: 4377 steps
Cky conversion steps: 11134 steps
Chart START items len: 797
Chart keys len: 880
Chart items len: 3209

Parsing sen 2514
Parsing steps: 32636 steps
Cky conversion steps: 14997 steps
Chart START items len: 1147
Chart keys len: 2273
Chart items len: 4789

Parsing sen 2516
Parse did not finish:
- steps: 44688
- queue len: 268547
- attempted len: 20000139

Parsing sen 2518
Parsing steps: 10530 steps
Cky conversion steps: 207 steps
Chart START items len: 23
Chart keys len: 37
Chart items len: 81

Parsing sen 2521
Parsing steps: 29589 steps
Cky conversion steps: 312743 steps
Chart START items len: 9782
Chart keys len: 9913
Chart items len: 42818

Parsing sen 2524
Parsing steps: 6194 steps
Cky conversion steps: 26738 steps
Chart START items len: 992
Chart keys len: 1071
Chart items len: 3974

Parsing sen 2525
Parsing steps: 17093 steps
Cky conversion steps: 78262 steps
Chart START items len: 4738
Chart keys len: 5035
Chart items len: 19275

Parsing sen 2529
Parsing steps: 122760 steps
Cky conversion steps: 2171609 steps
Chart START items len: 44305
Chart keys len: 44487
Chart items len: 205172

Parsing sen 2531
Parsing steps: 53055 steps
Cky conversion steps: 55858 steps
Chart START items len: 4791
Chart keys len: 6103
Chart items len: 18216

Parsing sen 2533
Parsing steps: 2696 steps
Cky conversion steps: 5897 steps
Chart START items len: 299
Chart keys len: 332
Chart items len: 1163

Parsing sen 2536
Parsing steps: 9475 steps
Cky conversion steps: 20519 steps
Chart START items len: 1779
Chart keys len: 2280
Chart items len: 6591

Parsing sen 2540
Parsing steps: 7226 steps
Cky conversion steps: 10529 steps
Chart START items len: 502
Chart keys len: 577
Chart items len: 1957

Parsing sen 2544
Parsing steps: 2014 steps
Cky conversion steps: 3288 steps
Chart START items len: 182
Chart keys len: 202
Chart items len: 675

Parsing sen 2545
Parsing steps: 11292 steps
Cky conversion steps: 9589 steps
Chart START items len: 1138
Chart keys len: 1437
Chart items len: 4189

Parsing sen 2553
Parsing steps: 1180 steps
Cky conversion steps: 71 steps
Chart START items len: 6
Chart keys len: 14
Chart items len: 25

Parsing sen 2554
Parse did not finish:
- steps: 57396
- queue len: 13031
- attempted len: 20000126

Parsing sen 2559
Parsing steps: 14845 steps
Cky conversion steps: 33949 steps
Chart START items len: 4767
Chart keys len: 5776
Chart items len: 16879

Parsing sen 2565
Parsing steps: 39657 steps
Cky conversion steps: 128685 steps
Chart START items len: 15738
Chart keys len: 16144
Chart items len: 61319

Parsing sen 2569
Parsing steps: 1376 steps
Cky conversion steps: 2243 steps
Chart START items len: 127
Chart keys len: 144
Chart items len: 465

Parsing sen 2570
Parsing steps: 419 steps
Cky conversion steps: 526 steps
Chart START items len: 37
Chart keys len: 44
Chart items len: 128

Parsing sen 2571
Parse did not finish:
- steps: 39090
- queue len: 38334
- attempted len: 20001362

Parsing sen 2572
Parse did not finish:
- steps: 80393
- queue len: 283587
- attempted len: 20000350

Parsing sen 2574
Parsing steps: 2211 steps
Cky conversion steps: 2336 steps
Chart START items len: 152
Chart keys len: 163
Chart items len: 562

Parsing sen 2575
Parsing steps: 96016 steps
Cky conversion steps: 671744 steps
Chart START items len: 18662
Chart keys len: 19801
Chart items len: 81349

Parsing sen 2577
Parsing steps: 3664 steps
Cky conversion steps: 9260 steps
Chart START items len: 604
Chart keys len: 746
Chart items len: 2338

Parsing sen 2580
Parsing steps: 1272 steps
Cky conversion steps: 5304 steps
Chart START items len: 187
Chart keys len: 198
Chart items len: 744

Parsing sen 2581
Parsing steps: 10067 steps
Cky conversion steps: 30656 steps
Chart START items len: 1009
Chart keys len: 1045
Chart items len: 4113

Parsing sen 2584
Parsing steps: 6399 steps
Cky conversion steps: 45742 steps
Chart START items len: 1488
Chart keys len: 1528
Chart items len: 6273

Parsing sen 2585
Parsing steps: 1113 steps
Cky conversion steps: 365 steps
Chart START items len: 40
Chart keys len: 65
Chart items len: 142

Parsing sen 2586
Parsing steps: 34616 steps
Cky conversion steps: 415737 steps
Chart START items len: 12099
Chart keys len: 12201
Chart items len: 51939

Parsing sen 2587
Parsing steps: 5124 steps
Cky conversion steps: 4418 steps
Chart START items len: 433
Chart keys len: 601
Chart items len: 1651

Parsing sen 2588
Parsing steps: 1029 steps
Cky conversion steps: 208 steps
Chart START items len: 23
Chart keys len: 39
Chart items len: 81

Parsing sen 2590
Parse did not finish:
- steps: 143815
- queue len: 14204
- attempted len: 20000679

Parsing sen 2592
Parsing steps: 2189 steps
Cky conversion steps: 6341 steps
Chart START items len: 256
Chart keys len: 275
Chart items len: 997

Parsing sen 2593
Parsing steps: 1468 steps
Cky conversion steps: 3180 steps
Chart START items len: 175
Chart keys len: 195
Chart items len: 658

Parsing sen 2594
Parsing steps: 1590 steps
Cky conversion steps: 2095 steps
Chart START items len: 258
Chart keys len: 280
Chart items len: 918

Parsing sen 2596
Parsing steps: 1487 steps
Cky conversion steps: 1328 steps
Chart START items len: 183
Chart keys len: 215
Chart items len: 660

Parsing sen 2597
Parsing steps: 28731 steps
Cky conversion steps: 34238 steps
Chart START items len: 4074
Chart keys len: 5704
Chart items len: 15509

Parsing sen 2601
Parsing steps: 54373 steps
Cky conversion steps: 813866 steps
Chart START items len: 21773
Chart keys len: 21901
Chart items len: 95777

Parsing sen 2605
Parsing steps: 10911 steps
Cky conversion steps: 39598 steps
Chart START items len: 1649
Chart keys len: 1744
Chart items len: 6708

Parsing sen 2606
Parsing steps: 7464 steps
Cky conversion steps: 538 steps
Chart START items len: 65
Chart keys len: 109
Chart items len: 234

Parsing sen 2610
Parsing steps: 21681 steps
Cky conversion steps: 14237 steps
Chart START items len: 1569
Chart keys len: 1775
Chart items len: 5835

Parsing sen 2612
Parsing steps: 12130 steps
Cky conversion steps: 3594 steps
Chart START items len: 189
Chart keys len: 206
Chart items len: 711

Parsing sen 2613
Parsing steps: 61395 steps
Cky conversion steps: 82333 steps
Chart START items len: 8590
Chart keys len: 13740
Chart items len: 36481

Parsing sen 2614
Parse did not finish:
- steps: 58087
- queue len: 37147
- attempted len: 20000727

Parsing sen 2617
Parsing steps: 5246 steps
Cky conversion steps: 7 steps
Chart START items len: 1
Chart keys len: 2
Chart items len: 2

Parsing sen 2618
Parsing steps: 3401 steps
Cky conversion steps: 16915 steps
Chart START items len: 668
Chart keys len: 696
Chart items len: 2677

Parsing sen 2619
Parsing steps: 15439 steps
Cky conversion steps: 2367 steps
Chart START items len: 164
Chart keys len: 180
Chart items len: 599

Parsing sen 2620
Parsing steps: 5438 steps
Cky conversion steps: 26893 steps
Chart START items len: 1159
Chart keys len: 1198
Chart items len: 4630

Parsing sen 2622
Parsing steps: 174715 steps
Cky conversion steps: 1102222 steps
Chart START items len: 52189
Chart keys len: 52586
Chart items len: 205152

Parsing sen 2623
Parsing steps: 1655 steps
Cky conversion steps: 284 steps
Chart START items len: 39
Chart keys len: 52
Chart items len: 134

Parsing sen 2626
Parsing steps: 7440 steps
Cky conversion steps: 5447 steps
Chart START items len: 865
Chart keys len: 1021
Chart items len: 2860

Parsing sen 2630
Parsing steps: 40468 steps
Cky conversion steps: 237730 steps
Chart START items len: 9288
Chart keys len: 9678
Chart items len: 37446

Parsing sen 2632
Parsing steps: 37835 steps
Cky conversion steps: 103191 steps
Chart START items len: 3425
Chart keys len: 3520
Chart items len: 14410

Parsing sen 2637
Parsing steps: 11594 steps
Cky conversion steps: 97381 steps
Chart START items len: 3278
Chart keys len: 3330
Chart items len: 13603

Parsing sen 2638
Parsing steps: 96235 steps
Cky conversion steps: 1999 steps
Chart START items len: 218
Chart keys len: 278
Chart items len: 790

Parsing sen 2640
Parse did not finish:
- steps: 292423
- queue len: 688082
- attempted len: 20000435

Parsing sen 2641
Parsing steps: 1100 steps
Cky conversion steps: 1298 steps
Chart START items len: 80
Chart keys len: 94
Chart items len: 294

Parsing sen 2642
Parsing steps: 14025 steps
Cky conversion steps: 111764 steps
Chart START items len: 3889
Chart keys len: 3975
Chart items len: 16148

Parsing sen 2644
Parse did not finish:
- steps: 46953
- queue len: 11824
- attempted len: 20000282

Parsing sen 2645
Parsing steps: 43519 steps
Cky conversion steps: 70185 steps
Chart START items len: 5178
Chart keys len: 5771
Chart items len: 19127

Parsing sen 2650
Parsing steps: 607 steps
Cky conversion steps: 1554 steps
Chart START items len: 71
Chart keys len: 73
Chart items len: 268

Parsing sen 2651
Parsing steps: 5871 steps
Cky conversion steps: 10935 steps
Chart START items len: 725
Chart keys len: 808
Chart items len: 2710

Parsing sen 2653
Parse did not finish:
- steps: 82982
- queue len: 8561
- attempted len: 20000102

Parsing sen 2657
Parsing steps: 830 steps
Cky conversion steps: 361 steps
Chart START items len: 40
Chart keys len: 52
Chart items len: 139

Parsing sen 2658
Parsing steps: 5533 steps
Cky conversion steps: 9869 steps
Chart START items len: 1076
Chart keys len: 1150
Chart items len: 4087

Parsing sen 2660
Parsing steps: 21079 steps
Cky conversion steps: 57865 steps
Chart START items len: 5735
Chart keys len: 6152
Chart items len: 20925

Parsing sen 2663
Parsing steps: 7222 steps
Cky conversion steps: 66966 steps
Chart START items len: 1775
Chart keys len: 1810
Chart items len: 7717

Parsing sen 2664
Parsing steps: 3280 steps
Cky conversion steps: 6167 steps
Chart START items len: 599
Chart keys len: 634
Chart items len: 2279

Parsing sen 2666
Parsing steps: 1707 steps
Cky conversion steps: 1297 steps
Chart START items len: 178
Chart keys len: 218
Chart items len: 646

Parsing sen 2668
Parsing steps: 9722 steps
Cky conversion steps: 56216 steps
Chart START items len: 2547
Chart keys len: 2636
Chart items len: 10200

Parsing sen 2670
Parsing steps: 1311 steps
Cky conversion steps: 1117 steps
Chart START items len: 101
Chart keys len: 143
Chart items len: 391

Parsing sen 2671
Parsing steps: 15659 steps
Cky conversion steps: 36686 steps
Chart START items len: 3873
Chart keys len: 4181
Chart items len: 15070

Parsing sen 2675
Parsing steps: 3708 steps
Cky conversion steps: 7529 steps
Chart START items len: 525
Chart keys len: 572
Chart items len: 1992

Parsing sen 2677
Parsing steps: 14045 steps
Cky conversion steps: 43849 steps
Chart START items len: 3691
Chart keys len: 3820
Chart items len: 14422

Parsing sen 2678
Parsing steps: 3120 steps
Cky conversion steps: 4132 steps
Chart START items len: 555
Chart keys len: 646
Chart items len: 1976

Parsing sen 2679
Parsing steps: 755 steps
Cky conversion steps: 593 steps
Chart START items len: 84
Chart keys len: 104
Chart items len: 298

Parsing sen 2681
Parsing steps: 3466 steps
Cky conversion steps: 3934 steps
Chart START items len: 392
Chart keys len: 519
Chart items len: 1467

Parsing sen 2684
Parsing steps: 3885 steps
Cky conversion steps: 5816 steps
Chart START items len: 669
Chart keys len: 728
Chart items len: 2428

Parsing sen 2685
Parsing steps: 15888 steps
Cky conversion steps: 81859 steps
Chart START items len: 4534
Chart keys len: 4605
Chart items len: 18115

Parsing sen 2686
Parsing steps: 8769 steps
Cky conversion steps: 15556 steps
Chart START items len: 823
Chart keys len: 943
Chart items len: 3111

Parsing sen 2687
Parsing steps: 5238 steps
Cky conversion steps: 6537 steps
Chart START items len: 813
Chart keys len: 1128
Chart items len: 3099

Parsing sen 2690
Parsing steps: 20616 steps
Cky conversion steps: 134709 steps
Chart START items len: 4533
Chart keys len: 4694
Chart items len: 18992

Parsing sen 2693
Parsing steps: 2826 steps
Cky conversion steps: 2203 steps
Chart START items len: 205
Chart keys len: 290
Chart items len: 775

Parsing sen 2697
Parsing steps: 8512 steps
Cky conversion steps: 19163 steps
Chart START items len: 1189
Chart keys len: 1318
Chart items len: 4528

Parsing sen 2700
Parsing steps: 12481 steps
Cky conversion steps: 20005 steps
Chart START items len: 1615
Chart keys len: 1967
Chart items len: 6115

Parsing sen 2702
Parsing steps: 3445 steps
Cky conversion steps: 229 steps
Chart START items len: 26
Chart keys len: 45
Chart items len: 93

Parsing sen 2703
Parsing steps: 7406 steps
Cky conversion steps: 14335 steps
Chart START items len: 586
Chart keys len: 647
Chart items len: 2319

Parsing sen 2704
Parsing steps: 803389 steps
Cky conversion steps: 2729577 steps
Chart START items len: 391514
Chart keys len: 392481
Chart items len: 1489648

Parsing sen 2707
Parsing steps: 4706 steps
Cky conversion steps: 4408 steps
Chart START items len: 378
Chart keys len: 438
Chart items len: 1364

Parsing sen 2711
Parsing steps: 96676 steps
Cky conversion steps: 657311 steps
Chart START items len: 35220
Chart keys len: 35620
Chart items len: 138068

Parsing sen 2713
Parsing steps: 2166 steps
Cky conversion steps: 2559 steps
Chart START items len: 239
Chart keys len: 261
Chart items len: 896

Parsing sen 2714
Parsing steps: 65107 steps
Cky conversion steps: 780205 steps
Chart START items len: 20719
Chart keys len: 20939
Chart items len: 90479

Parsing sen 2715
Parsing steps: 14774 steps
Cky conversion steps: 55213 steps
Chart START items len: 2394
Chart keys len: 2464
Chart items len: 9550

Parsing sen 2717
Parsing steps: 20222 steps
Cky conversion steps: 26575 steps
Chart START items len: 2516
Chart keys len: 2648
Chart items len: 8843

Parsing sen 2721
Parsing steps: 1651 steps
Cky conversion steps: 2369 steps
Chart START items len: 227
Chart keys len: 334
Chart items len: 884

Parsing sen 2722
Parsing steps: 11001 steps
Cky conversion steps: 1 steps
Chart START items len: 0
Chart keys len: 0
Chart items len: 0

Parsing sen 2723
Parsing steps: 3737 steps
Cky conversion steps: 12942 steps
Chart START items len: 504
Chart keys len: 536
Chart items len: 1998

Parsing sen 2728
Parsing steps: 3633 steps
Cky conversion steps: 3978 steps
Chart START items len: 513
Chart keys len: 647
Chart items len: 1818

Parsing sen 2730
Parsing steps: 4760 steps
Cky conversion steps: 4829 steps
Chart START items len: 330
Chart keys len: 360
Chart items len: 1230

Parsing sen 2733
Parsing steps: 956 steps
Cky conversion steps: 938 steps
Chart START items len: 86
Chart keys len: 103
Chart items len: 303

Parsing sen 2734
Parsing steps: 41067 steps
Cky conversion steps: 142163 steps
Chart START items len: 6319
Chart keys len: 6828
Chart items len: 24612

Parsing sen 2735
Parsing steps: 2144 steps
Cky conversion steps: 10515 steps
Chart START items len: 443
Chart keys len: 466
Chart items len: 1727

Parsing sen 2736
Parsing steps: 293 steps
Cky conversion steps: 19 steps
Chart START items len: 3
Chart keys len: 4
Chart items len: 7

Parsing sen 2737
Parsing steps: 418 steps
Cky conversion steps: 105 steps
Chart START items len: 13
Chart keys len: 16
Chart items len: 39

Parsing sen 2739
Parsing steps: 4998 steps
Cky conversion steps: 1267 steps
Chart START items len: 79
Chart keys len: 156
Chart items len: 391

Parsing sen 2740
Parsing steps: 32230 steps
Cky conversion steps: 269432 steps
Chart START items len: 10390
Chart keys len: 10590
Chart items len: 43123

Parsing sen 2742
Parsing steps: 90137 steps
Cky conversion steps: 675142 steps
Chart START items len: 23123
Chart keys len: 23634
Chart items len: 95962

Parsing sen 2743
Parsing steps: 21141 steps
Cky conversion steps: 4842 steps
Chart START items len: 440
Chart keys len: 549
Chart items len: 1592

Parsing sen 2744
Parsing steps: 11499 steps
Cky conversion steps: 58907 steps
Chart START items len: 2060
Chart keys len: 2150
Chart items len: 8493

Parsing sen 2748
Parsing steps: 4597 steps
Cky conversion steps: 21599 steps
Chart START items len: 831
Chart keys len: 862
Chart items len: 3363

Parsing sen 2749
Parsing steps: 3655 steps
Cky conversion steps: 17662 steps
Chart START items len: 964
Chart keys len: 1000
Chart items len: 3739

Parsing sen 2750
Parsing steps: 13192 steps
Cky conversion steps: 34354 steps
Chart START items len: 1763
Chart keys len: 1972
Chart items len: 6792

Parsing sen 2751
Parsing steps: 6827 steps
Cky conversion steps: 43176 steps
Chart START items len: 1499
Chart keys len: 1542
Chart items len: 6189

Parsing sen 2752
Parsing steps: 5516 steps
Cky conversion steps: 7446 steps
Chart START items len: 861
Chart keys len: 967
Chart items len: 3141

Parsing sen 2756
Parsing steps: 1897 steps
Cky conversion steps: 2279 steps
Chart START items len: 127
Chart keys len: 153
Chart items len: 474

Parsing sen 2757
Parsing steps: 1350 steps
Cky conversion steps: 846 steps
Chart START items len: 97
Chart keys len: 112
Chart items len: 323

Parsing sen 2758
Parsing steps: 4373 steps
Cky conversion steps: 10420 steps
Chart START items len: 588
Chart keys len: 639
Chart items len: 2342

Parsing sen 2761
Parsing steps: 1330 steps
Cky conversion steps: 847 steps
Chart START items len: 69
Chart keys len: 84
Chart items len: 249

Parsing sen 2764
Parsing steps: 4550 steps
Cky conversion steps: 7471 steps
Chart START items len: 1046
Chart keys len: 1134
Chart items len: 3894

Parsing sen 2766
Parsing steps: 519 steps
Cky conversion steps: 334 steps
Chart START items len: 38
Chart keys len: 46
Chart items len: 127

Parsing sen 2767
Parsing steps: 130 steps
Cky conversion steps: 7 steps
Chart START items len: 1
Chart keys len: 2
Chart items len: 2

Parsing sen 2768
Parsing steps: 669 steps
Cky conversion steps: 403 steps
Chart START items len: 53
Chart keys len: 75
Chart items len: 199

Parsing sen 2773
Parsing steps: 888 steps
Cky conversion steps: 783 steps
Chart START items len: 86
Chart keys len: 104
Chart items len: 325

Parsing sen 2775
Parsing steps: 18808 steps
Cky conversion steps: 124828 steps
Chart START items len: 5038
Chart keys len: 5128
Chart items len: 20431

Parsing sen 2777
Parsing steps: 8563 steps
Cky conversion steps: 14832 steps
Chart START items len: 1102
Chart keys len: 1289
Chart items len: 4097

Parsing sen 2779
Parsing steps: 445 steps
Cky conversion steps: 240 steps
Chart START items len: 33
Chart keys len: 39
Chart items len: 109

Parsing sen 2781
Parsing steps: 547 steps
Cky conversion steps: 275 steps
Chart START items len: 31
Chart keys len: 40
Chart items len: 105

Parsing sen 2782
Parsing steps: 1102 steps
Cky conversion steps: 1276 steps
Chart START items len: 142
Chart keys len: 162
Chart items len: 513

Parsing sen 2783
Parsing steps: 35322 steps
Cky conversion steps: 42666 steps
Chart START items len: 4767
Chart keys len: 5387
Chart items len: 17785

Parsing sen 2790
Parsing steps: 5634 steps
Cky conversion steps: 2386 steps
Chart START items len: 202
Chart keys len: 298
Chart items len: 730

Parsing sen 2792
Parsing steps: 3993 steps
Cky conversion steps: 1912 steps
Chart START items len: 226
Chart keys len: 276
Chart items len: 805

Parsing sen 2798
Parsing steps: 562 steps
Cky conversion steps: 19 steps
Chart START items len: 3
Chart keys len: 4
Chart items len: 7

Parsing sen 2799
Parsing steps: 1969 steps
Cky conversion steps: 1512 steps
Chart START items len: 137
Chart keys len: 175
Chart items len: 485

Parsing sen 2801
Parsing steps: 2657 steps
Cky conversion steps: 13671 steps
Chart START items len: 568
Chart keys len: 593
Chart items len: 2278

Parsing sen 2803
Parsing steps: 2292 steps
Cky conversion steps: 165 steps
Chart START items len: 21
Chart keys len: 29
Chart items len: 71

Parsing sen 2804
Parsing steps: 16399 steps
Cky conversion steps: 24 steps
Chart START items len: 3
Chart keys len: 4
Chart items len: 8

Parsing sen 2805
Parsing steps: 1400 steps
Cky conversion steps: 2503 steps
Chart START items len: 257
Chart keys len: 276
Chart items len: 922

Parsing sen 2807
Parsing steps: 6459 steps
Cky conversion steps: 528 steps
Chart START items len: 38
Chart keys len: 44
Chart items len: 129

Parsing sen 2808
Parsing steps: 403980 steps
Cky conversion steps: 5520394 steps
Chart START items len: 139404
Chart keys len: 139680
Chart items len: 619101

Parsing sen 2810
Parsing steps: 10047 steps
Cky conversion steps: 6844 steps
Chart START items len: 796
Chart keys len: 1214
Chart items len: 2929

Parsing sen 2814
Parsing steps: 41119 steps
Cky conversion steps: 588649 steps
Chart START items len: 15333
Chart keys len: 15421
Chart items len: 67957

Parsing sen 2818
Parsing steps: 3061 steps
Cky conversion steps: 2027 steps
Chart START items len: 213
Chart keys len: 398
Chart items len: 874

Parsing sen 2819
Parsing steps: 1495 steps
Cky conversion steps: 662 steps
Chart START items len: 75
Chart keys len: 108
Chart items len: 263

Parsing sen 2822
Parsing steps: 4979 steps
Cky conversion steps: 1844 steps
Chart START items len: 339
Chart keys len: 413
Chart items len: 1107

Parsing sen 2823
Parsing steps: 2387 steps
Cky conversion steps: 2092 steps
Chart START items len: 135
Chart keys len: 193
Chart items len: 558

Parsing sen 2829
Parsing steps: 14787 steps
Cky conversion steps: 99059 steps
Chart START items len: 4283
Chart keys len: 4373
Chart items len: 17267

Parsing sen 2831
Parsing steps: 17271 steps
Cky conversion steps: 149171 steps
Chart START items len: 4906
Chart keys len: 4984
Chart items len: 20217

Parsing sen 2832
Parsing steps: 1929 steps
Cky conversion steps: 561 steps
Chart START items len: 41
Chart keys len: 50
Chart items len: 141

Parsing sen 2836
Parse did not finish:
- steps: 36902
- queue len: 16097
- attempted len: 20000524

Parsing sen 2837
Parsing steps: 1103 steps
Cky conversion steps: 19 steps
Chart START items len: 3
Chart keys len: 4
Chart items len: 7

Parsing sen 2838
Parsing steps: 2035 steps
Cky conversion steps: 1648 steps
Chart START items len: 103
Chart keys len: 112
Chart items len: 374

Parsing sen 2839
Parsing steps: 6420 steps
Cky conversion steps: 325 steps
Chart START items len: 37
Chart keys len: 46
Chart items len: 118

Parsing sen 2842
Parsing steps: 7585 steps
Cky conversion steps: 6701 steps
Chart START items len: 555
Chart keys len: 742
Chart items len: 2013

Parsing sen 2843
Parsing steps: 1977 steps
Cky conversion steps: 1 steps
Chart START items len: 0
Chart keys len: 0
Chart items len: 0

Parsing sen 2844
Parsing steps: 19499 steps
Cky conversion steps: 22505 steps
Chart START items len: 2614
Chart keys len: 3298
Chart items len: 8968

Parsing sen 2847
Parsing steps: 7715 steps
Cky conversion steps: 12910 steps
Chart START items len: 523
Chart keys len: 548
Chart items len: 2054

Parsing sen 2848
Parse did not finish:
- steps: 151766
- queue len: 86833
- attempted len: 20000634

Parsing sen 2849
Parsing steps: 1225 steps
Cky conversion steps: 2650 steps
Chart START items len: 114
Chart keys len: 125
Chart items len: 435

Parsing sen 2850
Parsing steps: 266693 steps
Cky conversion steps: 4708639 steps
Chart START items len: 93844
Chart keys len: 94066
Chart items len: 436140

Parsing sen 2852
Parsing steps: 2486 steps
Cky conversion steps: 11892 steps
Chart START items len: 485
Chart keys len: 510
Chart items len: 1931

Parsing sen 2853
Parsing steps: 8221 steps
Cky conversion steps: 854 steps
Chart START items len: 86
Chart keys len: 123
Chart items len: 315

Parsing sen 2855
Parsing steps: 2073 steps
Cky conversion steps: 141 steps
Chart START items len: 15
Chart keys len: 20
Chart items len: 48

Parsing sen 2856
Parsing steps: 20311 steps
Cky conversion steps: 3245 steps
Chart START items len: 564
Chart keys len: 692
Chart items len: 1872

Parsing sen 2859
Parsing steps: 1649 steps
Cky conversion steps: 538 steps
Chart START items len: 56
Chart keys len: 67
Chart items len: 189

Parsing sen 2861
Parsing steps: 240 steps
Cky conversion steps: 7 steps
Chart START items len: 1
Chart keys len: 2
Chart items len: 2

Parsing sen 2862
Parsing steps: 9343 steps
Cky conversion steps: 13574 steps
Chart START items len: 1196
Chart keys len: 1448
Chart items len: 4627

Parsing sen 2863
Parsing steps: 831 steps
Cky conversion steps: 847 steps
Chart START items len: 74
Chart keys len: 100
Chart items len: 275

Parsing sen 2865
Parsing steps: 2281 steps
Cky conversion steps: 1460 steps
Chart START items len: 127
Chart keys len: 175
Chart items len: 458

Parsing sen 2866
Parsing steps: 4386 steps
Cky conversion steps: 3069 steps
Chart START items len: 255
Chart keys len: 354
Chart items len: 934

Parsing sen 2867
Parsing steps: 7975 steps
Cky conversion steps: 80408 steps
Chart START items len: 2354
Chart keys len: 2411
Chart items len: 10241

Parsing sen 2871
Parse did not finish:
- steps: 65991
- queue len: 32138
- attempted len: 20001271

Parsing sen 2875
Parsing steps: 12444 steps
Cky conversion steps: 12943 steps
Chart START items len: 1511
Chart keys len: 2205
Chart items len: 5726

Parsing sen 2878
Parsing steps: 1228 steps
Cky conversion steps: 2170 steps
Chart START items len: 146
Chart keys len: 159
Chart items len: 538

Parsing sen 2879
Parsing steps: 17950 steps
Cky conversion steps: 38127 steps
Chart START items len: 4977
Chart keys len: 6360
Chart items len: 18259

Parsing sen 2881
Parsing steps: 102575 steps
Cky conversion steps: 665570 steps
Chart START items len: 49292
Chart keys len: 50601
Chart items len: 172300

Parsing sen 2885
Parsing steps: 636086 steps
Cky conversion did not finish:
- steps: 10587470

Parsing sen 2888
Parse did not finish:
- steps: 49963
- queue len: 22115
- attempted len: 20001377

Parsing sen 2892
Parsing steps: 325886 steps
Cky conversion steps: 4291474 steps
Chart START items len: 113798
Chart keys len: 114368
Chart items len: 498068

Parsing sen 2895
Parsing steps: 4805 steps
Cky conversion steps: 8755 steps
Chart START items len: 447
Chart keys len: 514
Chart items len: 1727

Parsing sen 2899
Parsing steps: 3526 steps
Cky conversion steps: 8003 steps
Chart START items len: 450
Chart keys len: 572
Chart items len: 1781

Parsing sen 2903
Parsing steps: 1892 steps
Cky conversion steps: 1974 steps
Chart START items len: 224
Chart keys len: 243
Chart items len: 815

Parsing sen 2905
Parsing steps: 1628 steps
Cky conversion steps: 1814 steps
Chart START items len: 103
Chart keys len: 119
Chart items len: 378

Parsing sen 2906
Parsing steps: 5740 steps
Cky conversion steps: 9547 steps
Chart START items len: 1235
Chart keys len: 1297
Chart items len: 4548

Parsing sen 2910
Parsing steps: 7723 steps
Cky conversion steps: 7415 steps
Chart START items len: 547
Chart keys len: 721
Chart items len: 2031

Parsing sen 2911
Parsing steps: 10153 steps
Cky conversion steps: 6942 steps
Chart START items len: 578
Chart keys len: 741
Chart items len: 2090

Parsing sen 2913
Parsing steps: 12103 steps
Cky conversion steps: 37223 steps
Chart START items len: 2042
Chart keys len: 2240
Chart items len: 7801

Parsing sen 2915
Parsing steps: 7234 steps
Cky conversion steps: 31744 steps
Chart START items len: 1307
Chart keys len: 1404
Chart items len: 5215

Parsing sen 2917
Parsing steps: 2955 steps
Cky conversion steps: 477 steps
Chart START items len: 50
Chart keys len: 84
Chart items len: 179

Parsing sen 2918
Parsing steps: 5169 steps
Cky conversion steps: 11514 steps
Chart START items len: 919
Chart keys len: 1096
Chart items len: 3517

Parsing sen 2919
Parsing steps: 21272 steps
Cky conversion steps: 288185 steps
Chart START items len: 6532
Chart keys len: 6587
Chart items len: 29448

Parsing sen 2920
Parsing steps: 2037 steps
Cky conversion steps: 5559 steps
Chart START items len: 370
Chart keys len: 407
Chart items len: 1373

Parsing sen 2921
Parsing steps: 4539 steps
Cky conversion steps: 15498 steps
Chart START items len: 729
Chart keys len: 778
Chart items len: 2862

Parsing sen 2922
Parsing steps: 135456 steps
Cky conversion steps: 1158469 steps
Chart START items len: 37964
Chart keys len: 38420
Chart items len: 160315

Parsing sen 2925
Parsing steps: 9415 steps
Cky conversion steps: 27115 steps
Chart START items len: 2201
Chart keys len: 2357
Chart items len: 8462

Parsing sen 2928
Parsing steps: 876 steps
Cky conversion steps: 1213 steps
Chart START items len: 63
Chart keys len: 71
Chart items len: 232

Parsing sen 2930
Parsing steps: 45398 steps
Cky conversion steps: 246041 steps
Chart START items len: 15386
Chart keys len: 18013
Chart items len: 58909

Parsing sen 2932
Parse did not finish:
- steps: 75482
- queue len: 6520
- attempted len: 20002484

Parsing sen 2933
Parsing steps: 6590 steps
Cky conversion steps: 4801 steps
Chart START items len: 509
Chart keys len: 614
Chart items len: 1801

Parsing sen 2938
Parsing steps: 1687 steps
Cky conversion steps: 1997 steps
Chart START items len: 193
Chart keys len: 226
Chart items len: 699

Parsing sen 2942
Parsing steps: 1693 steps
Cky conversion steps: 518 steps
Chart START items len: 57
Chart keys len: 69
Chart items len: 202

Parsing sen 2944
Parsing steps: 15596 steps
Cky conversion steps: 130 steps
Chart START items len: 21
Chart keys len: 27
Chart items len: 65

Parsing sen 2945
Parsing steps: 138602 steps
Cky conversion steps: 1257123 steps
Chart START items len: 42802
Chart keys len: 43217
Chart items len: 178263

Parsing sen 2948
Parsing steps: 4084 steps
Cky conversion steps: 1073 steps
Chart START items len: 120
Chart keys len: 137
Chart items len: 401

Parsing sen 2949
Parsing steps: 24018 steps
Cky conversion steps: 290411 steps
Chart START items len: 7263
Chart keys len: 7351
Chart items len: 31923

Parsing sen 2950
Parsing steps: 5585 steps
Cky conversion steps: 15391 steps
Chart START items len: 741
Chart keys len: 790
Chart items len: 2860

Parsing sen 2952
Parsing steps: 68176 steps
Cky conversion steps: 1025839 steps
Chart START items len: 25492
Chart keys len: 25615
Chart items len: 114692

Parsing sen 2954
Parsing steps: 2229 steps
Cky conversion steps: 5617 steps
Chart START items len: 342
Chart keys len: 394
Chart items len: 1339

Parsing sen 2956
Parsing steps: 2173 steps
Cky conversion steps: 3948 steps
Chart START items len: 380
Chart keys len: 424
Chart items len: 1457

Parsing sen 2959
Parse did not finish:
- steps: 66558
- queue len: 103221
- attempted len: 20000630

Parsing sen 2963
Parse did not finish:
- steps: 156019
- queue len: 177963
- attempted len: 20000051

Parsing sen 2968
Parsing steps: 7383 steps
Cky conversion steps: 47844 steps
Chart START items len: 1979
Chart keys len: 2051
Chart items len: 8023

Parsing sen 2969
Parsing steps: 4808 steps
Cky conversion steps: 11889 steps
Chart START items len: 755
Chart keys len: 841
Chart items len: 2882

Parsing sen 2972
Parsing steps: 15757 steps
Cky conversion steps: 133229 steps
Chart START items len: 4360
Chart keys len: 4479
Chart items len: 18522

Parsing sen 2973
Parsing steps: 741 steps
Cky conversion steps: 1251 steps
Chart START items len: 124
Chart keys len: 137
Chart items len: 434

Parsing sen 2976
Parsing steps: 2067 steps
Cky conversion steps: 2476 steps
Chart START items len: 151
Chart keys len: 193
Chart items len: 587

Parsing sen 2977
Parsing steps: 6383 steps
Cky conversion steps: 640 steps
Chart START items len: 80
Chart keys len: 109
Chart items len: 286

Parsing sen 2978
Parsing steps: 5965 steps
Cky conversion steps: 7503 steps
Chart START items len: 1097
Chart keys len: 1245
Chart items len: 3951

Parsing sen 2980
Parsing steps: 1379 steps
Cky conversion steps: 5108 steps
Chart START items len: 247
Chart keys len: 264
Chart items len: 931

Parsing sen 2981
Parsing steps: 38687 steps
Cky conversion steps: 691122 steps
Chart START items len: 15323
Chart keys len: 15379
Chart items len: 69844

Parsing sen 2987
Parsing steps: 5328 steps
Cky conversion steps: 43336 steps
Chart START items len: 1274
Chart keys len: 1312
Chart items len: 5413

Parsing sen 2988
Parse did not finish:
- steps: 62943
- queue len: 40138
- attempted len: 20000672

Parsing sen 2990
Parsing steps: 26423 steps
Cky conversion steps: 40929 steps
Chart START items len: 3150
Chart keys len: 3682
Chart items len: 11899

Parsing sen 2995
Parse did not finish:
- steps: 75322
- queue len: 211957
- attempted len: 20000481

Parsing sen 2999
Parsing steps: 676 steps
Cky conversion steps: 1968 steps
Chart START items len: 105
Chart keys len: 111
Chart items len: 390

Parsing sen 3001
Parsing steps: 306 steps
Cky conversion steps: 84 steps
Chart START items len: 11
Chart keys len: 17
Chart items len: 34

Parsing sen 3002
Parsing steps: 3741 steps
Cky conversion steps: 2075 steps
Chart START items len: 200
Chart keys len: 302
Chart items len: 764

Parsing sen 3003
Parsing steps: 758 steps
Cky conversion steps: 1280 steps
Chart START items len: 96
Chart keys len: 107
Chart items len: 344

Parsing sen 3004
Parsing steps: 10196 steps
Cky conversion steps: 3837 steps
Chart START items len: 283
Chart keys len: 362
Chart items len: 1030

Parsing sen 3008
Parsing steps: 5453 steps
Cky conversion steps: 1123 steps
Chart START items len: 99
Chart keys len: 131
Chart items len: 354

Parsing sen 3010
Parsing steps: 452 steps
Cky conversion steps: 50 steps
Chart START items len: 6
Chart keys len: 9
Chart items len: 19

Parsing sen 3011
Parsing steps: 4128 steps
Cky conversion steps: 1459 steps
Chart START items len: 141
Chart keys len: 159
Chart items len: 490

Parsing sen 3013
Parsing steps: 2681 steps
Cky conversion steps: 4755 steps
Chart START items len: 305
Chart keys len: 338
Chart items len: 1134

Parsing sen 3015
Parsing steps: 1519 steps
Cky conversion steps: 1545 steps
Chart START items len: 198
Chart keys len: 242
Chart items len: 714

Parsing sen 3016
Parsing steps: 3300 steps
Cky conversion steps: 4856 steps
Chart START items len: 599
Chart keys len: 650
Chart items len: 2175

Parsing sen 3021
Parsing steps: 24897 steps
Cky conversion steps: 180387 steps
Chart START items len: 5954
Chart keys len: 6233
Chart items len: 24385

Parsing sen 3022
Parsing steps: 2839 steps
Cky conversion steps: 6925 steps
Chart START items len: 444
Chart keys len: 476
Chart items len: 1650

Parsing sen 3025
Parse did not finish:
- steps: 59137
- queue len: 20646
- attempted len: 20000039

Parsing sen 3028
Parsing steps: 5590 steps
Cky conversion steps: 32194 steps
Chart START items len: 1322
Chart keys len: 1398
Chart items len: 5300

Parsing sen 3031
Parsing steps: 12310 steps
Cky conversion steps: 86201 steps
Chart START items len: 3756
Chart keys len: 3838
Chart items len: 15304

Parsing sen 3032
Parsing steps: 7150 steps
Cky conversion steps: 9433 steps
Chart START items len: 874
Chart keys len: 1074
Chart items len: 3192

Parsing sen 3036
Parsing steps: 2261 steps
Cky conversion steps: 5237 steps
Chart START items len: 274
Chart keys len: 301
Chart items len: 1009

Parsing sen 3040
Parsing steps: 2788 steps
Cky conversion steps: 789 steps
Chart START items len: 110
Chart keys len: 158
Chart items len: 387

Parsing sen 3041
Parsing steps: 12250 steps
Cky conversion steps: 165642 steps
Chart START items len: 4323
Chart keys len: 4359
Chart items len: 19050

Parsing sen 3043
Parsing steps: 361850 steps
Cky conversion steps: 1840085 steps
Chart START items len: 157686
Chart keys len: 158133
Chart items len: 624792

Parsing sen 3046
Parsing steps: 4631 steps
Cky conversion steps: 5211 steps
Chart START items len: 506
Chart keys len: 727
Chart items len: 1980

Parsing sen 3048
Parsing steps: 11807 steps
Cky conversion steps: 14488 steps
Chart START items len: 1474
Chart keys len: 1697
Chart items len: 5226

Parsing sen 3049
Parsing steps: 30779 steps
Cky conversion steps: 5577 steps
Chart START items len: 1020
Chart keys len: 1221
Chart items len: 3274

Parsing sen 3050
Parsing steps: 913 steps
Cky conversion steps: 222 steps
Chart START items len: 23
Chart keys len: 31
Chart items len: 74

Parsing sen 3051
Parsing steps: 13533 steps
Cky conversion steps: 70093 steps
Chart START items len: 3486
Chart keys len: 3669
Chart items len: 13869

Parsing sen 3053
Parse did not finish:
- steps: 119087
- queue len: 315180
- attempted len: 20000321

Parsing sen 3054
Parsing steps: 466 steps
Cky conversion steps: 58 steps
Chart START items len: 7
Chart keys len: 9
Chart items len: 20

Parsing sen 3055
Parsing steps: 2978 steps
Cky conversion steps: 58 steps
Chart START items len: 7
Chart keys len: 9
Chart items len: 20

Parsing sen 3058
Parsing steps: 2246 steps
Cky conversion steps: 58 steps
Chart START items len: 7
Chart keys len: 9
Chart items len: 20

Parsing sen 3059
Parse did not finish:
- steps: 384171
- queue len: 20884
- attempted len: 20000112

Parsing sen 3062
Parsing steps: 433727 steps
Cky conversion steps: 6761517 steps
Chart START items len: 156350
Chart keys len: 156654
Chart items len: 705043

Parsing sen 3064
Parse did not finish:
- steps: 38381
- queue len: 85788
- attempted len: 20001100

Parsing sen 3066
Parse did not finish:
- steps: 72519
- queue len: 15672
- attempted len: 20000174

Parsing sen 3067
Parsing steps: 13283 steps
Cky conversion steps: 50048 steps
Chart START items len: 3113
Chart keys len: 3254
Chart items len: 11815

Parsing sen 3070
Parsing steps: 22631 steps
Cky conversion steps: 11422 steps
Chart START items len: 1234
Chart keys len: 1593
Chart items len: 4514

Parsing sen 3072
Parse did not finish:
- steps: 63774
- queue len: 56633
- attempted len: 20000258

Parsing sen 3077
Parsing steps: 7225 steps
Cky conversion steps: 26442 steps
Chart START items len: 1478
Chart keys len: 1556
Chart items len: 5686

Parsing sen 3082
Parsing steps: 16347 steps
Cky conversion steps: 9934 steps
Chart START items len: 1136
Chart keys len: 1220
Chart items len: 3999

Parsing sen 3086
Parsing steps: 64590 steps
Cky conversion steps: 693255 steps
Chart START items len: 19558
Chart keys len: 19883
Chart items len: 83753

Parsing sen 3087
Parsing steps: 13333 steps
Cky conversion steps: 48 steps
Chart START items len: 6
Chart keys len: 10
Chart items len: 18

Parsing sen 3089
Parsing steps: 81768 steps
Cky conversion steps: 414250 steps
Chart START items len: 32117
Chart keys len: 32405
Chart items len: 129017

Parsing sen 3094
Parsing steps: 18403 steps
Cky conversion steps: 36953 steps
Chart START items len: 3914
Chart keys len: 4047
Chart items len: 13621

Parsing sen 3097
Parsing steps: 5239 steps
Cky conversion steps: 33946 steps
Chart START items len: 1289
Chart keys len: 1332
Chart items len: 5263

Parsing sen 3099
Parsing steps: 1858 steps
Cky conversion steps: 1013 steps
Chart START items len: 75
Chart keys len: 83
Chart items len: 270

Parsing sen 3100
Parsing steps: 15622 steps
Cky conversion steps: 298490 steps
Chart START items len: 6007
Chart keys len: 6041
Chart items len: 27774

Parsing sen 3101
Parsing steps: 12673 steps
Cky conversion steps: 2738 steps
Chart START items len: 371
Chart keys len: 423
Chart items len: 1225

Parsing sen 3102
Parsing steps: 6413 steps
Cky conversion steps: 3355 steps
Chart START items len: 312
Chart keys len: 419
Chart items len: 1133

Parsing sen 3104
Parsing steps: 123971 steps
Cky conversion steps: 154559 steps
Chart START items len: 20340
Chart keys len: 23575
Chart items len: 69218

Parsing sen 3108
Parsing steps: 7724 steps
Cky conversion steps: 54752 steps
Chart START items len: 2377
Chart keys len: 2439
Chart items len: 9858

Parsing sen 3112
Parsing steps: 32656 steps
Cky conversion steps: 258927 steps
Chart START items len: 10666
Chart keys len: 10866
Chart items len: 45594

Parsing sen 3116
Parsing steps: 1911 steps
Cky conversion steps: 3209 steps
Chart START items len: 229
Chart keys len: 268
Chart items len: 862

Parsing sen 3117
Parse did not finish:
- steps: 43196
- queue len: 58123
- attempted len: 20000915

Parsing sen 3125
Parse did not finish:
- steps: 56614
- queue len: 80949
- attempted len: 20000810

Parsing sen 3128
Parsing steps: 158260 steps
Cky conversion steps: 2509922 steps
Chart START items len: 61905
Chart keys len: 62131
Chart items len: 280598

Parsing sen 3132
Parse did not finish:
- steps: 125988
- queue len: 324850
- attempted len: 20000070

Parsing sen 3134
Parsing steps: 8334 steps
Cky conversion steps: 31322 steps
Chart START items len: 1881
Chart keys len: 1999
Chart items len: 7314

Parsing sen 3139
Parse did not finish:
- steps: 179917
- queue len: 14142
- attempted len: 20000033

Parsing sen 3140
Parse did not finish:
- steps: 60653
- queue len: 226399
- attempted len: 20000023

Parsing sen 3147
Parsing steps: 31449 steps
Cky conversion steps: 197577 steps
Chart START items len: 5717
Chart keys len: 5895
Chart items len: 24357

Parsing sen 3154
Parsing steps: 101126 steps
Cky conversion steps: 5431 steps
Chart START items len: 282
Chart keys len: 311
Chart items len: 1111

Parsing sen 3158
Parse did not finish:
- steps: 32352
- queue len: 16205
- attempted len: 20002661

Parsing sen 3159
Parsing steps: 6607 steps
Cky conversion steps: 17968 steps
Chart START items len: 1688
Chart keys len: 1756
Chart items len: 6472

Parsing sen 3165
Parsing steps: 863 steps
Cky conversion steps: 1056 steps
Chart START items len: 87
Chart keys len: 101
Chart items len: 307

Parsing sen 3167
Parsing steps: 2195 steps
Cky conversion steps: 2786 steps
Chart START items len: 289
Chart keys len: 330
Chart items len: 1035

Parsing sen 3171
Parsing steps: 27464 steps
Cky conversion steps: 6417 steps
Chart START items len: 935
Chart keys len: 1101
Chart items len: 3073

Parsing sen 3173
Parsing steps: 6383 steps
Cky conversion steps: 18011 steps
Chart START items len: 1485
Chart keys len: 1582
Chart items len: 5542

Parsing sen 3175
Parsing steps: 5523 steps
Cky conversion steps: 11534 steps
Chart START items len: 838
Chart keys len: 956
Chart items len: 3264

Parsing sen 3179
Parsing steps: 573 steps
Cky conversion steps: 667 steps
Chart START items len: 45
Chart keys len: 52
Chart items len: 156

Parsing sen 3180
Parsing steps: 3184 steps
Cky conversion steps: 6349 steps
Chart START items len: 646
Chart keys len: 700
Chart items len: 2406

Parsing sen 3183
Parsing steps: 3352 steps
Cky conversion steps: 1997 steps
Chart START items len: 226
Chart keys len: 304
Chart items len: 812

Parsing sen 3186
Parse did not finish:
- steps: 64629
- queue len: 34665
- attempted len: 20002548

Parsing sen 3187
Parsing steps: 853 steps
Cky conversion steps: 141 steps
Chart START items len: 15
Chart keys len: 20
Chart items len: 48

Parsing sen 3188
Parsing steps: 468 steps
Cky conversion steps: 84 steps
Chart START items len: 11
Chart keys len: 17
Chart items len: 34

Parsing sen 3189
Parsing steps: 4707 steps
Cky conversion steps: 12462 steps
Chart START items len: 443
Chart keys len: 472
Chart items len: 1772

Parsing sen 3191
Parsing steps: 35054 steps
Cky conversion steps: 170413 steps
Chart START items len: 10948
Chart keys len: 11135
Chart items len: 41408

Parsing sen 3193
Parsing steps: 464 steps
Cky conversion steps: 674 steps
Chart START items len: 48
Chart keys len: 52
Chart items len: 169

Parsing sen 3194
Parsing steps: 6799 steps
Cky conversion steps: 25942 steps
Chart START items len: 867
Chart keys len: 941
Chart items len: 3532

Parsing sen 3198
Parsing steps: 3880 steps
Cky conversion steps: 6406 steps
Chart START items len: 305
Chart keys len: 331
Chart items len: 1169

Parsing sen 3200
Parsing steps: 4167 steps
Cky conversion steps: 15049 steps
Chart START items len: 703
Chart keys len: 746
Chart items len: 2695

Parsing sen 3202
Parsing steps: 905 steps
Cky conversion steps: 702 steps
Chart START items len: 64
Chart keys len: 82
Chart items len: 224

Parsing sen 3204
Parsing steps: 210891 steps
Cky conversion steps: 1760392 steps
Chart START items len: 61653
Chart keys len: 61918
Chart items len: 254871

Parsing sen 3206
Parsing steps: 2803 steps
Cky conversion steps: 21925 steps
Chart START items len: 591
Chart keys len: 605
Chart items len: 2526

Parsing sen 3207
Parsing steps: 1902 steps
Cky conversion steps: 3493 steps
Chart START items len: 268
Chart keys len: 300
Chart items len: 975

Parsing sen 3209
Parsing steps: 1225 steps
Cky conversion steps: 2715 steps
Chart START items len: 196
Chart keys len: 217
Chart items len: 719

Parsing sen 3210
Parsing steps: 77157 steps
Cky conversion steps: 385642 steps
Chart START items len: 18539
Chart keys len: 19625
Chart items len: 72400

Parsing sen 3214
Parse did not finish:
- steps: 93103
- queue len: 91160
- attempted len: 20000070

Parsing sen 3216
Parsing steps: 2828 steps
Cky conversion steps: 14323 steps
Chart START items len: 575
Chart keys len: 597
Chart items len: 2301

Parsing sen 3217
Parsing steps: 4654 steps
Cky conversion steps: 3707 steps
Chart START items len: 282
Chart keys len: 372
Chart items len: 1037

Parsing sen 3219
Parsing steps: 2923 steps
Cky conversion steps: 7550 steps
Chart START items len: 408
Chart keys len: 488
Chart items len: 1580

Parsing sen 3220
Parse did not finish:
- steps: 362799
- queue len: 182551
- attempted len: 20000193

Parsing sen 3222
Parsing steps: 346 steps
Cky conversion steps: 595 steps
Chart START items len: 30
Chart keys len: 32
Chart items len: 106

Parsing sen 3223
Parsing steps: 3811 steps
Cky conversion steps: 3642 steps
Chart START items len: 391
Chart keys len: 463
Chart items len: 1503

Parsing sen 3230
Parsing steps: 7864 steps
Cky conversion steps: 914 steps
Chart START items len: 119
Chart keys len: 166
Chart items len: 417

Parsing sen 3231
Parsing steps: 805 steps
Cky conversion steps: 875 steps
Chart START items len: 52
Chart keys len: 59
Chart items len: 185

Parsing sen 3232
Parsing steps: 958 steps
Cky conversion steps: 665 steps
Chart START items len: 80
Chart keys len: 113
Chart items len: 302

Parsing sen 3234
Parsing steps: 911 steps
Cky conversion steps: 150 steps
Chart START items len: 25
Chart keys len: 30
Chart items len: 77

Parsing sen 3235
Parsing steps: 163716 steps
Cky conversion steps: 1686460 steps
Chart START items len: 49340
Chart keys len: 49907
Chart items len: 210852

Parsing sen 3238
Parsing steps: 520 steps
Cky conversion steps: 381 steps
Chart START items len: 46
Chart keys len: 52
Chart items len: 155

Parsing sen 3240
Parsing steps: 15461 steps
Cky conversion steps: 2489 steps
Chart START items len: 241
Chart keys len: 308
Chart items len: 882

Parsing sen 3243
Parsing steps: 3152 steps
Cky conversion steps: 369 steps
Chart START items len: 41
Chart keys len: 50
Chart items len: 143

Parsing sen 3244
Parsing steps: 2251 steps
Cky conversion steps: 404 steps
Chart START items len: 47
Chart keys len: 59
Chart items len: 146

Parsing sen 3252
Parsing steps: 3305 steps
Cky conversion steps: 4889 steps
Chart START items len: 621
Chart keys len: 680
Chart items len: 2289

Parsing sen 3256
Parsing steps: 957 steps
Cky conversion steps: 519 steps
Chart START items len: 65
Chart keys len: 87
Chart items len: 224

Parsing sen 3257
Parsing steps: 2146 steps
Cky conversion steps: 1582 steps
Chart START items len: 200
Chart keys len: 254
Chart items len: 717

Parsing sen 3261
Parsing steps: 4813 steps
Cky conversion steps: 3663 steps
Chart START items len: 358
Chart keys len: 420
Chart items len: 1246

Parsing sen 3263
Parsing steps: 2912 steps
Cky conversion steps: 1254 steps
Chart START items len: 142
Chart keys len: 229
Chart items len: 571

Parsing sen 3264
Parsing steps: 16972 steps
Cky conversion steps: 17167 steps
Chart START items len: 1954
Chart keys len: 2456
Chart items len: 7759

Parsing sen 3267
Parsing steps: 3321 steps
Cky conversion steps: 580 steps
Chart START items len: 59
Chart keys len: 78
Chart items len: 211

Parsing sen 3268
Parsing steps: 10665 steps
Cky conversion steps: 32301 steps
Chart START items len: 3270
Chart keys len: 3366
Chart items len: 12336

Parsing sen 3271
Parsing steps: 2096 steps
Cky conversion steps: 2955 steps
Chart START items len: 295
Chart keys len: 331
Chart items len: 1140

Parsing sen 3273
Parsing steps: 11910 steps
Cky conversion steps: 26667 steps
Chart START items len: 1618
Chart keys len: 1852
Chart items len: 6300

Parsing sen 3276
Parsing steps: 59359 steps
Cky conversion steps: 171039 steps
Chart START items len: 20879
Chart keys len: 21350
Chart items len: 77427

Parsing sen 3279
Parsing steps: 288 steps
Cky conversion steps: 124 steps
Chart START items len: 15
Chart keys len: 20
Chart items len: 49

Parsing sen 3280
Parsing steps: 12315 steps
Cky conversion steps: 6462 steps
Chart START items len: 487
Chart keys len: 622
Chart items len: 1870

Parsing sen 3282
Parsing steps: 151922 steps
Cky conversion steps: 1354505 steps
Chart START items len: 51950
Chart keys len: 52562
Chart items len: 215249

Parsing sen 3285
Parsing steps: 7489 steps
Cky conversion steps: 1025 steps
Chart START items len: 166
Chart keys len: 204
Chart items len: 538

Parsing sen 3288
Parsing steps: 7316 steps
Cky conversion steps: 636 steps
Chart START items len: 97
Chart keys len: 122
Chart items len: 326

Parsing sen 3290
Parsing steps: 12178 steps
Cky conversion steps: 249 steps
Chart START items len: 17
Chart keys len: 32
Chart items len: 79

Parsing sen 3291
Parse did not finish:
- steps: 49613
- queue len: 119554
- attempted len: 20000150

Parsing sen 3292
Parsing steps: 5859 steps
Cky conversion steps: 4946 steps
Chart START items len: 469
Chart keys len: 629
Chart items len: 1684

Parsing sen 3293
Parsing steps: 2473 steps
Cky conversion steps: 14001 steps
Chart START items len: 455
Chart keys len: 481
Chart items len: 1867

Parsing sen 3294
Parsing steps: 3111 steps
Cky conversion steps: 1108 steps
Chart START items len: 122
Chart keys len: 163
Chart items len: 425

Parsing sen 3295
Parsing steps: 4223 steps
Cky conversion steps: 22400 steps
Chart START items len: 727
Chart keys len: 764
Chart items len: 2992

Parsing sen 3296
Parsing steps: 48328 steps
Cky conversion steps: 3572 steps
Chart START items len: 486
Chart keys len: 690
Chart items len: 1706

Parsing sen 3299
Parsing steps: 555 steps
Cky conversion steps: 54 steps
Chart START items len: 7
Chart keys len: 8
Chart items len: 19

Parsing sen 3301
Parsing steps: 1271 steps
Cky conversion steps: 2682 steps
Chart START items len: 158
Chart keys len: 174
Chart items len: 574

Parsing sen 3302
Parsing steps: 2205 steps
Cky conversion steps: 5632 steps
Chart START items len: 278
Chart keys len: 287
Chart items len: 1114

Parsing sen 3304
Parsing steps: 54949 steps
Cky conversion steps: 179381 steps
Chart START items len: 10817
Chart keys len: 11799
Chart items len: 41423

Parsing sen 3307
Parsing steps: 707 steps
Cky conversion steps: 355 steps
Chart START items len: 38
Chart keys len: 49
Chart items len: 136

Parsing sen 3309
Parsing steps: 1483 steps
Cky conversion steps: 1 steps
Chart START items len: 0
Chart keys len: 0
Chart items len: 0

Parsing sen 3313
Parsing steps: 658 steps
Cky conversion steps: 117 steps
Chart START items len: 16
Chart keys len: 24
Chart items len: 54

Parsing sen 3314
Parsing steps: 97376 steps
Cky conversion steps: 1704882 steps
Chart START items len: 37743
Chart keys len: 37837
Chart items len: 171263

Parsing sen 3315
Parsing steps: 4787 steps
Cky conversion steps: 20863 steps
Chart START items len: 863
Chart keys len: 905
Chart items len: 3501

Parsing sen 3317
Parsing steps: 12046 steps
Cky conversion steps: 31413 steps
Chart START items len: 1484
Chart keys len: 1663
Chart items len: 6052

Parsing sen 3318
Parsing steps: 11369 steps
Cky conversion steps: 25606 steps
Chart START items len: 1323
Chart keys len: 1496
Chart items len: 5124

Parsing sen 3319
Parse did not finish:
- steps: 340300
- queue len: 618297
- attempted len: 20000417

Parsing sen 3326
Parsing steps: 121046 steps
Cky conversion steps: 502214 steps
Chart START items len: 53531
Chart keys len: 54183
Chart items len: 208792

Parsing sen 3331
Parsing steps: 19439 steps
Cky conversion steps: 78082 steps
Chart START items len: 3313
Chart keys len: 3467
Chart items len: 13242

Parsing sen 3334
Parse did not finish:
- steps: 222590
- queue len: 226339
- attempted len: 20000065

Parsing sen 3341
Parsing steps: 663 steps
Cky conversion steps: 1444 steps
Chart START items len: 68
Chart keys len: 76
Chart items len: 253

Parsing sen 3342
Parse did not finish:
- steps: 381206
- queue len: 241065
- attempted len: 20000134

Parsing sen 3346
Parsing steps: 18644 steps
Cky conversion steps: 23945 steps
Chart START items len: 1963
Chart keys len: 2221
Chart items len: 7721

Parsing sen 3351
Parsing steps: 1193 steps
Cky conversion steps: 19 steps
Chart START items len: 3
Chart keys len: 4
Chart items len: 7

Parsing sen 3353
Parsing steps: 18710 steps
Cky conversion steps: 63971 steps
Chart START items len: 4617
Chart keys len: 4903
Chart items len: 17856

Parsing sen 3357
Parsing steps: 118448 steps
Cky conversion steps: 1691573 steps
Chart START items len: 47669
Chart keys len: 47838
Chart items len: 209955

Parsing sen 3359
Parsing steps: 917 steps
Cky conversion steps: 308 steps
Chart START items len: 31
Chart keys len: 42
Chart items len: 105

Parsing sen 3360
Parsing steps: 37819 steps
Cky conversion steps: 153279 steps
Chart START items len: 6464
Chart keys len: 7929
Chart items len: 26977

Parsing sen 3363
Parsing steps: 1254 steps
Cky conversion steps: 959 steps
Chart START items len: 77
Chart keys len: 89
Chart items len: 271

Parsing sen 3364
Parsing steps: 6103 steps
Cky conversion steps: 12054 steps
Chart START items len: 1433
Chart keys len: 1515
Chart items len: 5466

Parsing sen 3366
Parse did not finish:
- steps: 103342
- queue len: 51993
- attempted len: 20000852

Parsing sen 3371
Parsing steps: 616 steps
Cky conversion steps: 260 steps
Chart START items len: 27
Chart keys len: 35
Chart items len: 89

Parsing sen 3372
Parsing steps: 659 steps
Cky conversion steps: 356 steps
Chart START items len: 26
Chart keys len: 29
Chart items len: 86

Parsing sen 3373
Parsing steps: 1817 steps
Cky conversion steps: 1 steps
Chart START items len: 0
Chart keys len: 0
Chart items len: 0

Parsing sen 3374
Parsing steps: 191010 steps
Cky conversion steps: 3634163 steps
Chart START items len: 75663
Chart keys len: 75876
Chart items len: 347698

Parsing sen 3376
Parsing steps: 456 steps
Cky conversion steps: 356 steps
Chart START items len: 26
Chart keys len: 29
Chart items len: 86

Parsing sen 3378
Parse did not finish:
- steps: 46746
- queue len: 17264
- attempted len: 20000239

Parsing sen 3383
Parse did not finish:
- steps: 117363
- queue len: 242873
- attempted len: 20000228

Parsing sen 3386
Parsing steps: 375 steps
Cky conversion steps: 102 steps
Chart START items len: 16
Chart keys len: 20
Chart items len: 50

Parsing sen 3387
Parsing steps: 4951 steps
Cky conversion steps: 9169 steps
Chart START items len: 477
Chart keys len: 632
Chart items len: 2090

Parsing sen 3388
Parsing steps: 42964 steps
Cky conversion steps: 87396 steps
Chart START items len: 8678
Chart keys len: 9131
Chart items len: 30951

Parsing sen 3389
Parsing steps: 2842 steps
Cky conversion steps: 5193 steps
Chart START items len: 468
Chart keys len: 505
Chart items len: 1673

Parsing sen 3391
Parsing steps: 792 steps
Cky conversion steps: 871 steps
Chart START items len: 64
Chart keys len: 79
Chart items len: 232

Parsing sen 3392
Parsing steps: 8805 steps
Cky conversion steps: 314 steps
Chart START items len: 47
Chart keys len: 65
Chart items len: 154

Parsing sen 3393
Parsing steps: 1054 steps
Cky conversion steps: 577 steps
Chart START items len: 77
Chart keys len: 85
Chart items len: 255

Parsing sen 3399
Parsing steps: 184959 steps
Cky conversion steps: 1301430 steps
Chart START items len: 60371
Chart keys len: 61712
Chart items len: 242518

Parsing sen 3400
Parse did not finish:
- steps: 132227
- queue len: 201833
- attempted len: 20000686

Parsing sen 3402
Parsing steps: 841 steps
Cky conversion steps: 54 steps
Chart START items len: 7
Chart keys len: 8
Chart items len: 19

Parsing sen 3403
Parsing steps: 269 steps
Cky conversion steps: 1 steps
Chart START items len: 0
Chart keys len: 0
Chart items len: 0

Parsing sen 3404
Parse did not finish:
- steps: 179308
- queue len: 15708
- attempted len: 20000007

Parsing sen 3413
Parsing steps: 7577 steps
Cky conversion steps: 8496 steps
Chart START items len: 809
Chart keys len: 959
Chart items len: 2898

Parsing sen 3414
Parsing steps: 2657 steps
Cky conversion steps: 7348 steps
Chart START items len: 364
Chart keys len: 405
Chart items len: 1429

Parsing sen 3416
Parsing steps: 9186 steps
Cky conversion steps: 64782 steps
Chart START items len: 2935
Chart keys len: 3017
Chart items len: 11910

Parsing sen 3418
Parsing steps: 22795 steps
Cky conversion steps: 148840 steps
Chart START items len: 5285
Chart keys len: 5416
Chart items len: 22131

Parsing sen 3419
Parsing steps: 4452 steps
Cky conversion steps: 5353 steps
Chart START items len: 351
Chart keys len: 398
Chart items len: 1316

Parsing sen 3420
Parsing steps: 541 steps
Cky conversion steps: 526 steps
Chart START items len: 37
Chart keys len: 44
Chart items len: 128

Parsing sen 3422
Parsing steps: 5306 steps
Cky conversion steps: 11160 steps
Chart START items len: 411
Chart keys len: 448
Chart items len: 1667

Parsing sen 3427
Parsing steps: 4910 steps
Cky conversion steps: 40165 steps
Chart START items len: 1096
Chart keys len: 1123
Chart items len: 4667

Parsing sen 3428
Parsing steps: 29144 steps
Cky conversion steps: 1257 steps
Chart START items len: 147
Chart keys len: 245
Chart items len: 534

Parsing sen 3430
Parsing steps: 19187 steps
Cky conversion steps: 249536 steps
Chart START items len: 6522
Chart keys len: 6585
Chart items len: 28669

Parsing sen 3432
Parsing steps: 52246 steps
Cky conversion steps: 188673 steps
Chart START items len: 12171
Chart keys len: 12475
Chart items len: 47667

Parsing sen 3435
Parsing steps: 6039 steps
Cky conversion steps: 7560 steps
Chart START items len: 663
Chart keys len: 836
Chart items len: 2421

Parsing sen 3436
Parsing steps: 1281 steps
Cky conversion steps: 568 steps
Chart START items len: 55
Chart keys len: 65
Chart items len: 185

Parsing sen 3437
Parsing steps: 53543 steps
Cky conversion steps: 289270 steps
Chart START items len: 13305
Chart keys len: 13598
Chart items len: 51978

Parsing sen 3438
Parsing steps: 1149 steps
Cky conversion steps: 19 steps
Chart START items len: 3
Chart keys len: 4
Chart items len: 7

Parsing sen 3439
Parsing steps: 553 steps
Cky conversion steps: 179 steps
Chart START items len: 24
Chart keys len: 35
Chart items len: 90

Parsing sen 3443
Parsing steps: 44609 steps
Cky conversion steps: 354885 steps
Chart START items len: 12507
Chart keys len: 12835
Chart items len: 52972

Parsing sen 3446
Parsing steps: 78410 steps
Cky conversion steps: 615743 steps
Chart START items len: 19152
Chart keys len: 19507
Chart items len: 81018

Parsing sen 3447
Parse did not finish:
- steps: 155504
- queue len: 101500
- attempted len: 20000472

Parsing sen 3452
Parsing steps: 37981 steps
Cky conversion steps: 22366 steps
Chart START items len: 1112
Chart keys len: 1190
Chart items len: 4272

Parsing sen 3454
Parsing steps: 36538 steps
Cky conversion steps: 120526 steps
Chart START items len: 5506
Chart keys len: 6096
Chart items len: 21957

Parsing sen 3455
Parse did not finish:
- steps: 139419
- queue len: 63918
- attempted len: 20000308

Parsing sen 3461
Parsing steps: 9170 steps
Cky conversion steps: 662 steps
Chart START items len: 63
Chart keys len: 87
Chart items len: 222

Parsing sen 3463
Parsing steps: 50369 steps
Cky conversion steps: 1 steps
Chart START items len: 0
Chart keys len: 0
Chart items len: 0

Parsing sen 3464
Parsing steps: 2570 steps
Cky conversion steps: 1202 steps
Chart START items len: 130
Chart keys len: 164
Chart items len: 447

Parsing sen 3466
Parse did not finish:
- steps: 112501
- queue len: 70495
- attempted len: 20001295

Parsing sen 3467
Parsing steps: 898 steps
Cky conversion steps: 540 steps
Chart START items len: 59
Chart keys len: 69
Chart items len: 194

Parsing sen 3470
Parsing steps: 1325 steps
Cky conversion steps: 3661 steps
Chart START items len: 141
Chart keys len: 151
Chart items len: 550

Parsing sen 3471
Parsing steps: 140857 steps
Cky conversion steps: 2138012 steps
Chart START items len: 50594
Chart keys len: 50823
Chart items len: 228768

Parsing sen 3475
Parsing steps: 51769 steps
Cky conversion steps: 22897 steps
Chart START items len: 2588
Chart keys len: 2782
Chart items len: 8541

Parsing sen 3478
Parsing steps: 26943 steps
Cky conversion steps: 62 steps
Chart START items len: 8
Chart keys len: 13
Chart items len: 26

Parsing sen 3479
Parsing steps: 18908 steps
Cky conversion steps: 23711 steps
Chart START items len: 2138
Chart keys len: 2435
Chart items len: 7926

Parsing sen 3483
Parsing steps: 1767 steps
Cky conversion steps: 2509 steps
Chart START items len: 243
Chart keys len: 320
Chart items len: 926

Parsing sen 3486
Parsing steps: 1058 steps
Cky conversion steps: 713 steps
Chart START items len: 76
Chart keys len: 90
Chart items len: 254

Parsing sen 3487
Parsing steps: 1186 steps
Cky conversion steps: 114 steps
Chart START items len: 12
Chart keys len: 20
Chart items len: 44

Parsing sen 3488
Parsing steps: 497 steps
Cky conversion steps: 518 steps
Chart START items len: 36
Chart keys len: 42
Chart items len: 124

Parsing sen 3489
Parsing steps: 784 steps
Cky conversion steps: 54 steps
Chart START items len: 7
Chart keys len: 8
Chart items len: 19

Parsing sen 3491
Parsing steps: 26842 steps
Cky conversion steps: 109487 steps
Chart START items len: 6864
Chart keys len: 7384
Chart items len: 26578

Parsing sen 3493
Parsing steps: 772 steps
Cky conversion steps: 1053 steps
Chart START items len: 76
Chart keys len: 83
Chart items len: 272

Parsing sen 3494
Parsing steps: 6423 steps
Cky conversion steps: 17269 steps
Chart START items len: 896
Chart keys len: 1012
Chart items len: 3464

Parsing sen 3495
Parsing steps: 7205 steps
Cky conversion steps: 24360 steps
Chart START items len: 1101
Chart keys len: 1226
Chart items len: 4412

Parsing sen 3497
Parsing steps: 2335 steps
Cky conversion steps: 1797 steps
Chart START items len: 153
Chart keys len: 186
Chart items len: 550

Parsing sen 3500
Parsing steps: 88097 steps
Cky conversion steps: 251445 steps
Chart START items len: 12022
Chart keys len: 12651
Chart items len: 46511

Parsing sen 3503
Parsing steps: 58533 steps
Cky conversion steps: 92825 steps
Chart START items len: 7333
Chart keys len: 8559
Chart items len: 26344

Parsing sen 3507
Parsing steps: 4421 steps
Cky conversion steps: 2912 steps
Chart START items len: 250
Chart keys len: 303
Chart items len: 922

Parsing sen 3509
Parsing steps: 159523 steps
Cky conversion steps: 23988 steps
Chart START items len: 5161
Chart keys len: 5535
Chart items len: 16014

Parsing sen 3515
Parsing steps: 9923 steps
Cky conversion steps: 78485 steps
Chart START items len: 2228
Chart keys len: 2271
Chart items len: 9564

Parsing sen 3516
Parsing steps: 2122 steps
Cky conversion steps: 3821 steps
Chart START items len: 241
Chart keys len: 273
Chart items len: 939

Parsing sen 3519
Parsing steps: 1187 steps
Cky conversion steps: 186 steps
Chart START items len: 22
Chart keys len: 35
Chart items len: 77

Parsing sen 3521
Parsing steps: 4504 steps
Cky conversion steps: 21816 steps
Chart START items len: 853
Chart keys len: 888
Chart items len: 3429

Parsing sen 3524
Parsing steps: 818 steps
Cky conversion steps: 945 steps
Chart START items len: 58
Chart keys len: 65
Chart items len: 203

Parsing sen 3525
Parsing steps: 38657 steps
Cky conversion steps: 569902 steps
Chart START items len: 12269
Chart keys len: 12402
Chart items len: 55803

Parsing sen 3527
Parsing steps: 2034 steps
Cky conversion steps: 1311 steps
Chart START items len: 193
Chart keys len: 228
Chart items len: 693

Parsing sen 3531
Parsing steps: 21477 steps
Cky conversion steps: 173826 steps
Chart START items len: 6958
Chart keys len: 7049
Chart items len: 28556

Parsing sen 3535
Parsing steps: 4051 steps
Cky conversion steps: 25298 steps
Chart START items len: 825
Chart keys len: 851
Chart items len: 3432

Parsing sen 3539
Parsing steps: 8892 steps
Cky conversion steps: 6892 steps
Chart START items len: 596
Chart keys len: 902
Chart items len: 2224

Parsing sen 3540
Parsing steps: 1232 steps
Cky conversion steps: 230 steps
Chart START items len: 33
Chart keys len: 46
Chart items len: 120

Parsing sen 3543
Parsing steps: 19741 steps
Cky conversion steps: 85094 steps
Chart START items len: 4237
Chart keys len: 4387
Chart items len: 16427

Parsing sen 3547
Parsing steps: 6829 steps
Cky conversion steps: 10788 steps
Chart START items len: 1436
Chart keys len: 1728
Chart items len: 5581

Parsing sen 3549
Parsing steps: 4384 steps
Cky conversion steps: 9052 steps
Chart START items len: 490
Chart keys len: 514
Chart items len: 1881

Parsing sen 3550
Parsing steps: 8891 steps
Cky conversion steps: 30472 steps
Chart START items len: 1042
Chart keys len: 1068
Chart items len: 4294

Parsing sen 3551
Parse did not finish:
- steps: 55006
- queue len: 20740
- attempted len: 20000442

Parsing sen 3555
Parsing steps: 631 steps
Cky conversion steps: 806 steps
Chart START items len: 68
Chart keys len: 75
Chart items len: 239

Parsing sen 3556
Parsing steps: 5727 steps
Cky conversion steps: 17969 steps
Chart START items len: 1587
Chart keys len: 1646
Chart items len: 6113

Parsing sen 3558
Parsing steps: 9842 steps
Cky conversion steps: 48949 steps
Chart START items len: 2495
Chart keys len: 2598
Chart items len: 9912

Parsing sen 3562
Parsing steps: 17919 steps
Cky conversion steps: 7364 steps
Chart START items len: 1030
Chart keys len: 1123
Chart items len: 3828

Parsing sen 3567
Parsing steps: 46340 steps
Cky conversion steps: 117268 steps
Chart START items len: 8308
Chart keys len: 9130
Chart items len: 30494

Parsing sen 3570
Parse did not finish:
- steps: 89802
- queue len: 47065
- attempted len: 20001920

Parsing sen 3573
Parsing steps: 12972 steps
Cky conversion steps: 11164 steps
Chart START items len: 1081
Chart keys len: 1326
Chart items len: 3927

Parsing sen 3574
Parse did not finish:
- steps: 433058
- queue len: 1162110
- attempted len: 20000133

Parsing sen 3576
Parsing steps: 13855 steps
Cky conversion steps: 169508 steps
Chart START items len: 3980
Chart keys len: 4014
Chart items len: 17745

Parsing sen 3577
Parsing steps: 16150 steps
Cky conversion steps: 28810 steps
Chart START items len: 2889
Chart keys len: 3028
Chart items len: 10277

Parsing sen 3578
Parsing steps: 3956 steps
Cky conversion steps: 1948 steps
Chart START items len: 202
Chart keys len: 296
Chart items len: 854

Parsing sen 3584
Parsing steps: 16768 steps
Cky conversion steps: 25941 steps
Chart START items len: 1723
Chart keys len: 2204
Chart items len: 6388

Parsing sen 3585
Parsing steps: 2655 steps
Cky conversion steps: 3543 steps
Chart START items len: 326
Chart keys len: 380
Chart items len: 1217

Parsing sen 3587
Parsing steps: 35806 steps
Cky conversion steps: 90493 steps
Chart START items len: 13024
Chart keys len: 13316
Chart items len: 47962

Parsing sen 3591
Parsing steps: 14584 steps
Cky conversion steps: 46236 steps
Chart START items len: 2650
Chart keys len: 2836
Chart items len: 10081

Parsing sen 3593
Parsing steps: 715 steps
Cky conversion steps: 899 steps
Chart START items len: 55
Chart keys len: 65
Chart items len: 197

Parsing sen 3595
Parsing steps: 7357 steps
Cky conversion steps: 9838 steps
Chart START items len: 722
Chart keys len: 837
Chart items len: 2686

Parsing sen 3599
Parsing steps: 1461 steps
Cky conversion steps: 1174 steps
Chart START items len: 127
Chart keys len: 143
Chart items len: 461

Parsing sen 3600
Parsing steps: 14931 steps
Cky conversion steps: 54285 steps
Chart START items len: 3026
Chart keys len: 3189
Chart items len: 11671

Parsing sen 3604
Parsing steps: 4166 steps
Cky conversion steps: 15290 steps
Chart START items len: 632
Chart keys len: 662
Chart items len: 2497

Parsing sen 3606
Parsing steps: 17383 steps
Cky conversion steps: 29670 steps
Chart START items len: 2918
Chart keys len: 3105
Chart items len: 10851

Parsing sen 3608
Parsing steps: 5571 steps
Cky conversion steps: 12168 steps
Chart START items len: 737
Chart keys len: 805
Chart items len: 2775

Parsing sen 3609
Parsing steps: 5942 steps
Cky conversion steps: 20374 steps
Chart START items len: 1058
Chart keys len: 1132
Chart items len: 3994

Parsing sen 3610
Parsing steps: 6455 steps
Cky conversion steps: 13513 steps
Chart START items len: 660
Chart keys len: 707
Chart items len: 2534

Parsing sen 3612
Parsing steps: 1131 steps
Cky conversion steps: 861 steps
Chart START items len: 92
Chart keys len: 108
Chart items len: 318

Parsing sen 3613
Parsing steps: 45527 steps
Cky conversion steps: 101643 steps
Chart START items len: 9326
Chart keys len: 9699
Chart items len: 32446

Parsing sen 3614
Parsing steps: 1885 steps
Cky conversion steps: 1209 steps
Chart START items len: 63
Chart keys len: 70
Chart items len: 231

Parsing sen 3615
Parsing steps: 1517 steps
Cky conversion steps: 3128 steps
Chart START items len: 155
Chart keys len: 173
Chart items len: 583

Parsing sen 3616
Parsing steps: 2910 steps
Cky conversion steps: 9312 steps
Chart START items len: 374
Chart keys len: 411
Chart items len: 1483

Parsing sen 3618
Parsing steps: 6183 steps
Cky conversion steps: 43506 steps
Chart START items len: 1272
Chart keys len: 1331
Chart items len: 5420

Parsing sen 3620
Parsing steps: 4732 steps
Cky conversion steps: 10956 steps
Chart START items len: 1133
Chart keys len: 1199
Chart items len: 4278

Parsing sen 3621
Parsing steps: 7916 steps
Cky conversion steps: 52980 steps
Chart START items len: 2184
Chart keys len: 2239
Chart items len: 8861

Parsing sen 3622
Parsing steps: 15231 steps
Cky conversion steps: 95347 steps
Chart START items len: 2883
Chart keys len: 2976
Chart items len: 12043

Parsing sen 3626
Parsing steps: 2981 steps
Cky conversion steps: 9286 steps
Chart START items len: 615
Chart keys len: 654
Chart items len: 2282

Parsing sen 3628
Parsing steps: 4953 steps
Cky conversion steps: 9091 steps
Chart START items len: 807
Chart keys len: 849
Chart items len: 3063

Parsing sen 3632
Parsing steps: 156380 steps
Cky conversion steps: 1827719 steps
Chart START items len: 52145
Chart keys len: 52397
Chart items len: 225013

Parsing sen 3633
Parsing steps: 13887 steps
Cky conversion steps: 16250 steps
Chart START items len: 2449
Chart keys len: 2777
Chart items len: 9446

Parsing sen 3636
Parsing steps: 14091 steps
Cky conversion steps: 36504 steps
Chart START items len: 4341
Chart keys len: 4444
Chart items len: 16505

Parsing sen 3641
Parsing steps: 43146 steps
Cky conversion steps: 312223 steps
Chart START items len: 11516
Chart keys len: 12100
Chart items len: 47272

Parsing sen 3644
Parse did not finish:
- steps: 48245
- queue len: 14369
- attempted len: 20001231

Parsing sen 3646
Parsing steps: 11671 steps
Cky conversion steps: 21485 steps
Chart START items len: 2639
Chart keys len: 2738
Chart items len: 10095

Parsing sen 3650
Parsing steps: 3696 steps
Cky conversion steps: 7817 steps
Chart START items len: 705
Chart keys len: 756
Chart items len: 2612

Parsing sen 3653
Parsing steps: 16310 steps
Cky conversion steps: 113584 steps
Chart START items len: 3940
Chart keys len: 4054
Chart items len: 16500

Parsing sen 3657
Parsing steps: 1684 steps
Cky conversion steps: 2500 steps
Chart START items len: 153
Chart keys len: 188
Chart items len: 575

Parsing sen 3660
Parsing steps: 1410 steps
Cky conversion steps: 3189 steps
Chart START items len: 143
Chart keys len: 168
Chart items len: 563

Parsing sen 3663
Parsing steps: 2991 steps
Cky conversion steps: 7523 steps
Chart START items len: 385
Chart keys len: 421
Chart items len: 1473

Parsing sen 3664
Parsing steps: 51511 steps
Cky conversion steps: 127163 steps
Chart START items len: 8616
Chart keys len: 9236
Chart items len: 32134

Parsing sen 3668
Parsing steps: 3961 steps
Cky conversion steps: 26070 steps
Chart START items len: 805
Chart keys len: 829
Chart items len: 3343

Parsing sen 3669
Parsing steps: 6054 steps
Cky conversion steps: 25869 steps
Chart START items len: 1493
Chart keys len: 1548
Chart items len: 5812

Parsing sen 3671
Parsing steps: 10112 steps
Cky conversion steps: 93781 steps
Chart START items len: 3242
Chart keys len: 3297
Chart items len: 13453

Parsing sen 3673
Parsing steps: 2611 steps
Cky conversion steps: 401 steps
Chart START items len: 30
Chart keys len: 34
Chart items len: 97

Parsing sen 3674
Parsing steps: 587 steps
Cky conversion steps: 913 steps
Chart START items len: 58
Chart keys len: 67
Chart items len: 209

Parsing sen 3675
Parse did not finish:
- steps: 48376
- queue len: 19123
- attempted len: 20000873

Parsing sen 3676
Parsing steps: 1618 steps
Cky conversion steps: 1805 steps
Chart START items len: 277
Chart keys len: 313
Chart items len: 1016

Parsing sen 3679
Parsing steps: 1245 steps
Cky conversion steps: 2292 steps
Chart START items len: 202
Chart keys len: 228
Chart items len: 740

Parsing sen 3683
Parsing steps: 17721 steps
Cky conversion steps: 39872 steps
Chart START items len: 2183
Chart keys len: 2568
Chart items len: 8310

Parsing sen 3686
Parsing steps: 134978 steps
Cky conversion steps: 1709315 steps
Chart START items len: 40995
Chart keys len: 41406
Chart items len: 182012

Parsing sen 3687
Parsing steps: 12539 steps
Cky conversion steps: 34441 steps
Chart START items len: 2510
Chart keys len: 2746
Chart items len: 9606

Parsing sen 3688
Parsing steps: 5444 steps
Cky conversion steps: 15712 steps
Chart START items len: 1169
Chart keys len: 1223
Chart items len: 4457

Parsing sen 3690
Parsing steps: 106530 steps
Cky conversion steps: 2065452 steps
Chart START items len: 42471
Chart keys len: 42586
Chart items len: 196286

Parsing sen 3692
Parsing steps: 28571 steps
Cky conversion steps: 166315 steps
Chart START items len: 6692
Chart keys len: 6822
Chart items len: 26567

Parsing sen 3694
Parsing steps: 422 steps
Cky conversion steps: 546 steps
Chart START items len: 38
Chart keys len: 46
Chart items len: 138

Parsing sen 3696
Parse did not finish:
- steps: 55261
- queue len: 38708
- attempted len: 20000202

Parsing sen 3699
Parsing steps: 104106 steps
Cky conversion steps: 1682990 steps
Chart START items len: 37309
Chart keys len: 37621
Chart items len: 168704

Parsing sen 3700
Parsing steps: 3596 steps
Cky conversion steps: 10366 steps
Chart START items len: 508
Chart keys len: 584
Chart items len: 1951

Parsing sen 3702
Parsing steps: 121307 steps
Cky conversion steps: 771098 steps
Chart START items len: 29059
Chart keys len: 30404
Chart items len: 126043

Parsing sen 3705
Parse did not finish:
- steps: 67752
- queue len: 94866
- attempted len: 20000046

Parsing sen 3708
Parsing steps: 27254 steps
Cky conversion steps: 69629 steps
Chart START items len: 3030
Chart keys len: 3214
Chart items len: 12066

Parsing sen 3712
Parsing steps: 1756 steps
Cky conversion steps: 953 steps
Chart START items len: 63
Chart keys len: 73
Chart items len: 215

Parsing sen 3713
Parsing steps: 15821 steps
Cky conversion steps: 152296 steps
Chart START items len: 4664
Chart keys len: 4723
Chart items len: 19685

Parsing sen 3714
Parse did not finish:
- steps: 50257
- queue len: 36625
- attempted len: 20000184

Parsing sen 3715
Parsing steps: 4636 steps
Cky conversion steps: 572 steps
Chart START items len: 42
Chart keys len: 51
Chart items len: 143

Parsing sen 3718
Parse did not finish:
- steps: 219117
- queue len: 280128
- attempted len: 20000331

Parsing sen 3720
Parsing steps: 10041 steps
Cky conversion steps: 486 steps
Chart START items len: 85
Chart keys len: 100
Chart items len: 273

Parsing sen 3721
Parsing steps: 6802 steps
Cky conversion steps: 29338 steps
Chart START items len: 1627
Chart keys len: 1727
Chart items len: 6376

Parsing sen 3724
Parsing steps: 3674 steps
Cky conversion steps: 1335 steps
Chart START items len: 237
Chart keys len: 273
Chart items len: 765

Parsing sen 3726
Parsing steps: 4561 steps
Cky conversion steps: 730 steps
Chart START items len: 76
Chart keys len: 105
Chart items len: 259

Parsing sen 3729
Parsing steps: 1575 steps
Cky conversion steps: 2493 steps
Chart START items len: 228
Chart keys len: 249
Chart items len: 823

Parsing sen 3732
Parsing steps: 726 steps
Cky conversion steps: 539 steps
Chart START items len: 54
Chart keys len: 68
Chart items len: 188

Parsing sen 3735
Parsing steps: 89233 steps
Cky conversion steps: 368731 steps
Chart START items len: 51887
Chart keys len: 53906
Chart items len: 179560

Parsing sen 3744
Parsing steps: 1300 steps
Cky conversion steps: 511 steps
Chart START items len: 51
Chart keys len: 68
Chart items len: 175

Parsing sen 3745
Parsing steps: 135316 steps
Cky conversion steps: 1309249 steps
Chart START items len: 48250
Chart keys len: 48736
Chart items len: 204272

Parsing sen 3749
Parsing steps: 7304 steps
Cky conversion steps: 27961 steps
Chart START items len: 1655
Chart keys len: 1723
Chart items len: 6430

Parsing sen 3754
Parsing steps: 14350 steps
Cky conversion steps: 51380 steps
Chart START items len: 2672
Chart keys len: 3001
Chart items len: 10367

Parsing sen 3756
Parsing steps: 6856 steps
Cky conversion steps: 16134 steps
Chart START items len: 899
Chart keys len: 1006
Chart items len: 3726

Parsing sen 3758
Parsing steps: 43770 steps
Cky conversion steps: 46076 steps
Chart START items len: 5078
Chart keys len: 6303
Chart items len: 18198

Parsing sen 3763
Parse did not finish:
- steps: 91728
- queue len: 89748
- attempted len: 20000246

Parsing sen 3764
Parsing steps: 61283 steps
Cky conversion steps: 52071 steps
Chart START items len: 4042
Chart keys len: 5423
Chart items len: 14829

Parsing sen 3766
Parse did not finish:
- steps: 139572
- queue len: 8005
- attempted len: 20000114

Parsing sen 3767
Parsing steps: 7531 steps
Cky conversion steps: 56811 steps
Chart START items len: 2252
Chart keys len: 2307
Chart items len: 9290

Parsing sen 3769
Parsing steps: 2100 steps
Cky conversion steps: 5764 steps
Chart START items len: 259
Chart keys len: 306
Chart items len: 1079

Parsing sen 3771
Parsing steps: 4251 steps
Cky conversion steps: 5818 steps
Chart START items len: 647
Chart keys len: 715
Chart items len: 2521

Parsing sen 3774
Parsing steps: 106056 steps
Cky conversion steps: 300663 steps
Chart START items len: 17726
Chart keys len: 19372
Chart items len: 69304

Parsing sen 3776
Parsing steps: 359 steps
Cky conversion steps: 136 steps
Chart START items len: 15
Chart keys len: 19
Chart items len: 46

Parsing sen 3777
Parsing steps: 3285 steps
Cky conversion steps: 3046 steps
Chart START items len: 311
Chart keys len: 374
Chart items len: 1164

Parsing sen 3778
Parsing steps: 17616 steps
Cky conversion steps: 27158 steps
Chart START items len: 2361
Chart keys len: 2811
Chart items len: 9101

Parsing sen 3779
Parse did not finish:
- steps: 360426
- queue len: 84604
- attempted len: 20000008

Parsing sen 3784
Parsing steps: 14171 steps
Cky conversion steps: 46829 steps
Chart START items len: 2180
Chart keys len: 2396
Chart items len: 9000

Parsing sen 3786
Parsing steps: 1316 steps
Cky conversion steps: 1824 steps
Chart START items len: 130
Chart keys len: 149
Chart items len: 469

Parsing sen 3788
Parsing steps: 18101 steps
Cky conversion steps: 48459 steps
Chart START items len: 6566
Chart keys len: 6803
Chart items len: 25487

Parsing sen 3792
Parsing steps: 6265 steps
Cky conversion steps: 19837 steps
Chart START items len: 1714
Chart keys len: 1772
Chart items len: 6476

Parsing sen 3794
Parsing steps: 5949 steps
Cky conversion steps: 23656 steps
Chart START items len: 1180
Chart keys len: 1239
Chart items len: 4606

Parsing sen 3796
Parsing steps: 17401 steps
Cky conversion steps: 52747 steps
Chart START items len: 3438
Chart keys len: 3603
Chart items len: 12968

Parsing sen 3800
Parsing steps: 929 steps
Cky conversion steps: 573 steps
Chart START items len: 73
Chart keys len: 89
Chart items len: 255

Parsing sen 3803
Parsing steps: 10247 steps
Cky conversion steps: 49572 steps
Chart START items len: 2390
Chart keys len: 2535
Chart items len: 9426

Parsing sen 3806
Parsing steps: 11443 steps
Cky conversion steps: 11955 steps
Chart START items len: 1263
Chart keys len: 1787
Chart items len: 5151

Parsing sen 3809
Parsing steps: 9506 steps
Cky conversion steps: 7251 steps
Chart START items len: 858
Chart keys len: 1170
Chart items len: 3187

Parsing sen 3812
Parsing steps: 18483 steps
Cky conversion steps: 83792 steps
Chart START items len: 3553
Chart keys len: 3874
Chart items len: 13896

Parsing sen 3813
Parsing steps: 17160 steps
Cky conversion steps: 1455 steps
Chart START items len: 125
Chart keys len: 206
Chart items len: 476

Parsing sen 3814
Parsing steps: 9062 steps
Cky conversion steps: 19907 steps
Chart START items len: 1180
Chart keys len: 1263
Chart items len: 4650

Parsing sen 3821
Parsing steps: 3784 steps
Cky conversion steps: 11248 steps
Chart START items len: 658
Chart keys len: 728
Chart items len: 2546

Parsing sen 3823
Parsing steps: 115891 steps
Cky conversion steps: 1413760 steps
Chart START items len: 32368
Chart keys len: 32579
Chart items len: 146315

Parsing sen 3825
Parsing steps: 6941 steps
Cky conversion steps: 5227 steps
Chart START items len: 653
Chart keys len: 1019
Chart items len: 2571

Parsing sen 3831
Parsing steps: 106407 steps
Cky conversion steps: 632900 steps
Chart START items len: 23664
Chart keys len: 24205
Chart items len: 96537

Parsing sen 3835
Parsing steps: 18465 steps
Cky conversion steps: 4429 steps
Chart START items len: 644
Chart keys len: 721
Chart items len: 2105

Parsing sen 3837
Parsing steps: 27663 steps
Cky conversion steps: 40970 steps
Chart START items len: 3848
Chart keys len: 4670
Chart items len: 13944

Parsing sen 3839
Parsing steps: 8647 steps
Cky conversion steps: 31025 steps
Chart START items len: 2415
Chart keys len: 2492
Chart items len: 9491

Parsing sen 3841
Parsing steps: 121538 steps
Cky conversion steps: 354470 steps
Chart START items len: 44495
Chart keys len: 45715
Chart items len: 166156

Parsing sen 3845
Parsing steps: 1084166 steps
Cky conversion steps: 396020 steps
Chart START items len: 95730
Chart keys len: 96932
Chart items len: 288929

Parsing sen 3849
Parsing steps: 3791 steps
Cky conversion steps: 5674 steps
Chart START items len: 349
Chart keys len: 417
Chart items len: 1316

Parsing sen 3854
Parsing steps: 61041 steps
Cky conversion steps: 500791 steps
Chart START items len: 14838
Chart keys len: 14984
Chart items len: 62487

Parsing sen 3855
Parsing steps: 7259 steps
Cky conversion steps: 8097 steps
Chart START items len: 505
Chart keys len: 650
Chart items len: 1887

Parsing sen 3856
Parsing steps: 5715 steps
Cky conversion steps: 9002 steps
Chart START items len: 473
Chart keys len: 603
Chart items len: 1903

Parsing sen 3858
Parsing steps: 3230 steps
Cky conversion steps: 3453 steps
Chart START items len: 404
Chart keys len: 611
Chart items len: 1592

Parsing sen 3859
Parsing steps: 50361 steps
Cky conversion steps: 207823 steps
Chart START items len: 15218
Chart keys len: 18260
Chart items len: 58025

Parsing sen 3861
Parsing steps: 8511 steps
Cky conversion steps: 55007 steps
Chart START items len: 1587
Chart keys len: 1619
Chart items len: 6698

Parsing sen 3863
Parsing steps: 16874 steps
Cky conversion steps: 23873 steps
Chart START items len: 1361
Chart keys len: 1491
Chart items len: 4981

Parsing sen 3869
Parsing steps: 3117 steps
Cky conversion steps: 13822 steps
Chart START items len: 646
Chart keys len: 692
Chart items len: 2575

Parsing sen 3871
Parsing steps: 1959 steps
Cky conversion steps: 1 steps
Chart START items len: 0
Chart keys len: 0
Chart items len: 0

Parsing sen 3872
Parse did not finish:
- steps: 91508
- queue len: 26992
- attempted len: 20000840

Parsing sen 3874
Parsing steps: 50355 steps
Cky conversion steps: 95314 steps
Chart START items len: 8362
Chart keys len: 8743
Chart items len: 29120

Parsing sen 3876
Parsing steps: 1948 steps
Cky conversion steps: 2231 steps
Chart START items len: 209
Chart keys len: 290
Chart items len: 795

Parsing sen 3880
Parsing steps: 43696 steps
Cky conversion steps: 492171 steps
Chart START items len: 16132
Chart keys len: 16398
Chart items len: 70119

Parsing sen 3883
Parsing steps: 1646 steps
Cky conversion steps: 918 steps
Chart START items len: 112
Chart keys len: 149
Chart items len: 389

Parsing sen 3885
Parsing steps: 5395 steps
Cky conversion steps: 2769 steps
Chart START items len: 291
Chart keys len: 407
Chart items len: 1022

Parsing sen 3887
Parsing steps: 26442 steps
Cky conversion steps: 254424 steps
Chart START items len: 7552
Chart keys len: 7689
Chart items len: 31876

Parsing sen 3888
Parsing steps: 7249 steps
Cky conversion steps: 30151 steps
Chart START items len: 1377
Chart keys len: 1449
Chart items len: 5530

Parsing sen 3889
Parsing steps: 6846 steps
Cky conversion steps: 61850 steps
Chart START items len: 1618
Chart keys len: 1676
Chart items len: 7101

Parsing sen 3891
Parsing steps: 1301 steps
Cky conversion steps: 4997 steps
Chart START items len: 188
Chart keys len: 203
Chart items len: 742

Parsing sen 3892
Parsing steps: 18630 steps
Cky conversion steps: 47398 steps
Chart START items len: 6814
Chart keys len: 6940
Chart items len: 26226

Parsing sen 3894
Parse did not finish:
- steps: 344320
- queue len: 465863
- attempted len: 20000101

Parsing sen 3897
Parsing steps: 2893 steps
Cky conversion steps: 4735 steps
Chart START items len: 414
Chart keys len: 448
Chart items len: 1586

Parsing sen 3900
Parsing steps: 15648 steps
Cky conversion steps: 177957 steps
Chart START items len: 4441
Chart keys len: 4501
Chart items len: 19686

Parsing sen 3902
Parsing steps: 14097 steps
Cky conversion steps: 939 steps
Chart START items len: 103
Chart keys len: 127
Chart items len: 362

Parsing sen 3903
Parsing steps: 2307 steps
Cky conversion steps: 2251 steps
Chart START items len: 306
Chart keys len: 368
Chart items len: 1182

Parsing sen 3906
Parsing steps: 850 steps
Cky conversion steps: 199 steps
Chart START items len: 15
Chart keys len: 17
Chart items len: 48

Parsing sen 3907
Parsing steps: 17212 steps
Cky conversion steps: 1139 steps
Chart START items len: 182
Chart keys len: 246
Chart items len: 615

Parsing sen 3909
Parsing steps: 31646 steps
Cky conversion steps: 262200 steps
Chart START items len: 10242
Chart keys len: 10359
Chart items len: 42517

Parsing sen 3911
Parsing steps: 28726 steps
Cky conversion steps: 312786 steps
Chart START items len: 8274
Chart keys len: 8373
Chart items len: 35873

Parsing sen 3913
Parse did not finish:
- steps: 49798
- queue len: 26391
- attempted len: 20000109

Parsing sen 3917
Parsing steps: 17591 steps
Cky conversion steps: 1340 steps
Chart START items len: 80
Chart keys len: 119
Chart items len: 309

Parsing sen 3919
Parsing steps: 133230 steps
Cky conversion steps: 949918 steps
Chart START items len: 26594
Chart keys len: 27581
Chart items len: 113666

Parsing sen 3920
Parsing steps: 157 steps
Cky conversion steps: 19 steps
Chart START items len: 3
Chart keys len: 4
Chart items len: 7

Parsing sen 3921
Parsing steps: 777 steps
Cky conversion steps: 243 steps
Chart START items len: 28
Chart keys len: 36
Chart items len: 94

Parsing sen 3924
Parsing steps: 166827 steps
Cky conversion steps: 498523 steps
Chart START items len: 76750
Chart keys len: 77321
Chart items len: 276995

Parsing sen 3925
Parsing steps: 3468 steps
Cky conversion steps: 6583 steps
Chart START items len: 374
Chart keys len: 447
Chart items len: 1431

Parsing sen 3927
Parse did not finish:
- steps: 117648
- queue len: 89160
- attempted len: 20000022

Parsing sen 3931
Parsing steps: 1358 steps
Cky conversion steps: 252 steps
Chart START items len: 22
Chart keys len: 24
Chart items len: 67

Parsing sen 3932
Parse did not finish:
- steps: 54508
- queue len: 56533
- attempted len: 20001353

Parsing sen 3933
Parsing steps: 43239 steps
Cky conversion steps: 56428 steps
Chart START items len: 3161
Chart keys len: 3862
Chart items len: 12061

Parsing sen 3934
Parsing steps: 5830 steps
Cky conversion steps: 5783 steps
Chart START items len: 287
Chart keys len: 319
Chart items len: 1103

Parsing sen 3935
Parsing steps: 2718 steps
Cky conversion steps: 18014 steps
Chart START items len: 528
Chart keys len: 547
Chart items len: 2235

Parsing sen 3936
Parsing steps: 7333 steps
Cky conversion steps: 3920 steps
Chart START items len: 607
Chart keys len: 734
Chart items len: 2154

Parsing sen 3938
Parsing steps: 11902 steps
Cky conversion steps: 11458 steps
Chart START items len: 1166
Chart keys len: 1948
Chart items len: 5195

Parsing sen 3942
Parsing steps: 27562 steps
Cky conversion steps: 109786 steps
Chart START items len: 6642
Chart keys len: 7057
Chart items len: 25176

Parsing sen 3943
Parsing steps: 3119 steps
Cky conversion steps: 695 steps
Chart START items len: 71
Chart keys len: 130
Chart items len: 277

Parsing sen 3945
Parsing steps: 21630 steps
Cky conversion steps: 691 steps
Chart START items len: 78
Chart keys len: 128
Chart items len: 312

Parsing sen 3948
Parsing steps: 31427 steps
Cky conversion steps: 209318 steps
Chart START items len: 7573
Chart keys len: 7725
Chart items len: 31329

Parsing sen 3952
Parsing steps: 15857 steps
Cky conversion steps: 79450 steps
Chart START items len: 3505
Chart keys len: 3706
Chart items len: 14032

Parsing sen 3953
Parsing steps: 8727 steps
Cky conversion steps: 11304 steps
Chart START items len: 691
Chart keys len: 843
Chart items len: 2572

Parsing sen 3954
Parsing steps: 1643 steps
Cky conversion steps: 5077 steps
Chart START items len: 340
Chart keys len: 358
Chart items len: 1303

Parsing sen 3956
Parsing steps: 9016 steps
Cky conversion steps: 1351 steps
Chart START items len: 210
Chart keys len: 306
Chart items len: 717

Parsing sen 3957
Parse did not finish:
- steps: 62291
- queue len: 36403
- attempted len: 20000340

Parsing sen 3960
Parse did not finish:
- steps: 311729
- queue len: 210133
- attempted len: 20000147

Parsing sen 3963
Parsing steps: 4716 steps
Cky conversion steps: 6312 steps
Chart START items len: 624
Chart keys len: 913
Chart items len: 2371

Parsing sen 3964
Parsing steps: 5274 steps
Cky conversion steps: 13778 steps
Chart START items len: 903
Chart keys len: 997
Chart items len: 3495

Parsing sen 3967
Parsing steps: 53339 steps
Cky conversion steps: 1113237 steps
Chart START items len: 20632
Chart keys len: 20703
Chart items len: 97813

Parsing sen 3970
Parsing steps: 511 steps
Cky conversion steps: 909 steps
Chart START items len: 58
Chart keys len: 66
Chart items len: 208

Parsing sen 3971
Parsing steps: 24127 steps
Cky conversion steps: 32865 steps
Chart START items len: 3150
Chart keys len: 3559
Chart items len: 11251

Parsing sen 3973
Parsing steps: 653 steps
Cky conversion steps: 1444 steps
Chart START items len: 68
Chart keys len: 76
Chart items len: 253

Parsing sen 3974
Parsing steps: 5467 steps
Cky conversion steps: 21770 steps
Chart START items len: 1039
Chart keys len: 1124
Chart items len: 4087

Parsing sen 3976
Parsing steps: 3850 steps
Cky conversion steps: 12112 steps
Chart START items len: 543
Chart keys len: 599
Chart items len: 2198

Parsing sen 3977
Parsing steps: 1575 steps
Cky conversion steps: 1508 steps
Chart START items len: 129
Chart keys len: 149
Chart items len: 451

Parsing sen 3978
Parsing steps: 18679 steps
Cky conversion steps: 134546 steps
Chart START items len: 4313
Chart keys len: 4446
Chart items len: 18080

Parsing sen 3979
Parse did not finish:
- steps: 69342
- queue len: 83970
- attempted len: 20000677

Parsing sen 3982
Parsing steps: 5741 steps
Cky conversion steps: 11545 steps
Chart START items len: 1193
Chart keys len: 1292
Chart items len: 4705

Parsing sen 3985
Parsing steps: 2829 steps
Cky conversion steps: 2449 steps
Chart START items len: 241
Chart keys len: 297
Chart items len: 876

Parsing sen 3986
Parsing steps: 859 steps
Cky conversion steps: 304 steps
Chart START items len: 33
Chart keys len: 38
Chart items len: 108

Parsing sen 3987
Parsing steps: 1194 steps
Cky conversion steps: 3478 steps
Chart START items len: 160
Chart keys len: 172
Chart items len: 618

Parsing sen 3988
Parsing steps: 29358 steps
Cky conversion steps: 148292 steps
Chart START items len: 6412
Chart keys len: 6714
Chart items len: 26352

Parsing sen 3993
Parsing steps: 2610 steps
Cky conversion steps: 5083 steps
Chart START items len: 513
Chart keys len: 560
Chart items len: 1920

Parsing sen 3996
Parse did not finish:
- steps: 43210
- queue len: 38079
- attempted len: 20000730

Parsing sen 3997
Parsing steps: 11934 steps
Cky conversion steps: 2395 steps
Chart START items len: 361
Chart keys len: 424
Chart items len: 1201

Parsing sen 4000
Parsing steps: 21245 steps
Cky conversion steps: 40980 steps
Chart START items len: 3044
Chart keys len: 3571
Chart items len: 11316

Parsing sen 4002
Parsing steps: 4441 steps
Cky conversion steps: 16220 steps
Chart START items len: 663
Chart keys len: 702
Chart items len: 2637

Parsing sen 4004
Parsing steps: 561 steps
Cky conversion steps: 1551 steps
Chart START items len: 86
Chart keys len: 93
Chart items len: 318

Parsing sen 4005
Parsing steps: 1911 steps
Cky conversion steps: 3436 steps
Chart START items len: 373
Chart keys len: 415
Chart items len: 1393

Parsing sen 4008
Parsing steps: 17596 steps
Cky conversion steps: 231081 steps
Chart START items len: 6360
Chart keys len: 6407
Chart items len: 28034

Parsing sen 4010
Parsing steps: 9623 steps
Cky conversion steps: 16615 steps
Chart START items len: 1604
Chart keys len: 1778
Chart items len: 5863

Parsing sen 4011
Parsing steps: 1783 steps
Cky conversion steps: 1827 steps
Chart START items len: 201
Chart keys len: 246
Chart items len: 823

Parsing sen 4012
Parsing steps: 1469 steps
Cky conversion steps: 1272 steps
Chart START items len: 128
Chart keys len: 158
Chart items len: 462

Parsing sen 4013
Parsing steps: 26202 steps
Cky conversion steps: 17324 steps
Chart START items len: 2950
Chart keys len: 3315
Chart items len: 9542

Parsing sen 4016
Parse did not finish:
- steps: 92789
- queue len: 20020
- attempted len: 20000508

Parsing sen 4018
Parsing steps: 4433 steps
Cky conversion steps: 31513 steps
Chart START items len: 1132
Chart keys len: 1162
Chart items len: 4627

Parsing sen 4019
Parsing steps: 15408 steps
Cky conversion steps: 77196 steps
Chart START items len: 4601
Chart keys len: 4690
Chart items len: 18119

Parsing sen 4021
Parsing steps: 1034 steps
Cky conversion steps: 7 steps
Chart START items len: 1
Chart keys len: 2
Chart items len: 2

Parsing sen 4023
Parse did not finish:
- steps: 59966
- queue len: 16437
- attempted len: 20001151

Parsing sen 4027
Parsing steps: 1605 steps
Cky conversion steps: 562 steps
Chart START items len: 63
Chart keys len: 81
Chart items len: 211

Parsing sen 4029
Parsing steps: 32462 steps
Cky conversion steps: 26940 steps
Chart START items len: 2443
Chart keys len: 3623
Chart items len: 9349

Parsing sen 4030
Parsing steps: 3164 steps
Cky conversion steps: 3518 steps
Chart START items len: 334
Chart keys len: 381
Chart items len: 1146

Parsing sen 4032
Parsing steps: 27004 steps
Cky conversion steps: 170099 steps
Chart START items len: 9766
Chart keys len: 9880
Chart items len: 39165

Parsing sen 4036
Parsing steps: 4108 steps
Cky conversion steps: 9071 steps
Chart START items len: 886
Chart keys len: 930
Chart items len: 3319

Parsing sen 4037
Parsing steps: 8213 steps
Cky conversion steps: 9718 steps
Chart START items len: 542
Chart keys len: 685
Chart items len: 2062

Parsing sen 4042
Parsing steps: 11035 steps
Cky conversion steps: 89 steps
Chart START items len: 12
Chart keys len: 19
Chart items len: 40

Parsing sen 4043
Parsing steps: 9453 steps
Cky conversion steps: 38936 steps
Chart START items len: 2186
Chart keys len: 2271
Chart items len: 8596

Parsing sen 4044
Parsing steps: 4159 steps
Cky conversion steps: 19334 steps
Chart START items len: 709
Chart keys len: 740
Chart items len: 2851

Parsing sen 4046
Parsing steps: 31147 steps
Cky conversion steps: 39078 steps
Chart START items len: 4236
Chart keys len: 4768
Chart items len: 14919

Parsing sen 4049
Parsing steps: 1630 steps
Cky conversion steps: 39 steps
Chart START items len: 5
Chart keys len: 7
Chart items len: 15

Parsing sen 4050
Parsing steps: 2397 steps
Cky conversion steps: 984 steps
Chart START items len: 79
Chart keys len: 138
Chart items len: 329

Parsing sen 4052
Parsing steps: 644 steps
Cky conversion steps: 75 steps
Chart START items len: 9
Chart keys len: 15
Chart items len: 27

Parsing sen 4056
Parsing steps: 375 steps
Cky conversion steps: 105 steps
Chart START items len: 13
Chart keys len: 16
Chart items len: 39

Parsing sen 4057
Parsing steps: 12210 steps
Cky conversion steps: 25762 steps
Chart START items len: 1151
Chart keys len: 1188
Chart items len: 4579

Parsing sen 4058
Parsing steps: 12330 steps
Cky conversion steps: 47430 steps
Chart START items len: 2207
Chart keys len: 2429
Chart items len: 8512

Parsing sen 4059
Parsing steps: 815 steps
Cky conversion steps: 62 steps
Chart START items len: 7
Chart keys len: 10
Chart items len: 21

Parsing sen 4060
Parsing steps: 6671 steps
Cky conversion steps: 69 steps
Chart START items len: 7
Chart keys len: 13
Chart items len: 25

Parsing sen 4062
Parsing steps: 13520 steps
Cky conversion steps: 5915 steps
Chart START items len: 590
Chart keys len: 904
Chart items len: 2207

Parsing sen 4067
Parsing steps: 824 steps
Cky conversion steps: 84 steps
Chart START items len: 11
Chart keys len: 17
Chart items len: 34

Parsing sen 4068
Parsing steps: 5404 steps
Cky conversion steps: 1060 steps
Chart START items len: 125
Chart keys len: 191
Chart items len: 442

Parsing sen 4072
Parsing steps: 394 steps
Cky conversion steps: 522 steps
Chart START items len: 37
Chart keys len: 43
Chart items len: 127

Parsing sen 4073
Parsing steps: 960 steps
Cky conversion steps: 1932 steps
Chart START items len: 95
Chart keys len: 106
Chart items len: 356

Parsing sen 4075
Parsing steps: 31436 steps
Cky conversion steps: 164373 steps
Chart START items len: 7654
Chart keys len: 7884
Chart items len: 31108

Parsing sen 4080
Parsing steps: 95334 steps
Cky conversion steps: 941972 steps
Chart START items len: 25558
Chart keys len: 26069
Chart items len: 109395

Parsing sen 4085
Parsing steps: 115481 steps
Cky conversion steps: 17609 steps
Chart START items len: 2333
Chart keys len: 2717
Chart items len: 8136

Parsing sen 4088
Parsing steps: 2787 steps
Cky conversion steps: 4652 steps
Chart START items len: 227
Chart keys len: 254
Chart items len: 862

Parsing sen 4089
Parsing steps: 10170 steps
Cky conversion steps: 46514 steps
Chart START items len: 2367
Chart keys len: 2487
Chart items len: 9369

Parsing sen 4094
Parsing steps: 45513 steps
Cky conversion steps: 312534 steps
Chart START items len: 12772
Chart keys len: 12918
Chart items len: 52128

Parsing sen 4097
Parsing steps: 2597 steps
Cky conversion steps: 5874 steps
Chart START items len: 390
Chart keys len: 416
Chart items len: 1460

Parsing sen 4099
Parsing steps: 3129 steps
Cky conversion steps: 925 steps
Chart START items len: 81
Chart keys len: 127
Chart items len: 296

Parsing sen 4100
Parsing steps: 6942 steps
Cky conversion steps: 30521 steps
Chart START items len: 1076
Chart keys len: 1151
Chart items len: 4416

Parsing sen 4101
Parsing steps: 4325 steps
Cky conversion steps: 3025 steps
Chart START items len: 427
Chart keys len: 524
Chart items len: 1462

Parsing sen 4107
Parsing steps: 7219 steps
Cky conversion steps: 3466 steps
Chart START items len: 376
Chart keys len: 481
Chart items len: 1322

Parsing sen 4110
Parsing steps: 596 steps
Cky conversion steps: 1217 steps
Chart START items len: 80
Chart keys len: 85
Chart items len: 294

Parsing sen 4111
Parsing steps: 53929 steps
Cky conversion steps: 149981 steps
Chart START items len: 7027
Chart keys len: 8006
Chart items len: 27135

Parsing sen 4112
Parsing steps: 13888 steps
Cky conversion steps: 14813 steps
Chart START items len: 481
Chart keys len: 516
Chart items len: 2002

Parsing sen 4114
Parsing steps: 868 steps
Cky conversion steps: 72 steps
Chart START items len: 10
Chart keys len: 11
Chart items len: 29

Parsing sen 4115
Parsing steps: 2965 steps
Cky conversion steps: 19 steps
Chart START items len: 3
Chart keys len: 4
Chart items len: 7

Parsing sen 4116
Parsing steps: 5157 steps
Cky conversion steps: 70688 steps
Chart START items len: 1661
Chart keys len: 1684
Chart items len: 7339

Parsing sen 4117
Parsing steps: 2851 steps
Cky conversion steps: 14549 steps
Chart START items len: 518
Chart keys len: 543
Chart items len: 2071

Parsing sen 4118
Parsing steps: 20955 steps
Cky conversion steps: 215 steps
Chart START items len: 25
Chart keys len: 36
Chart items len: 80

Parsing sen 4121
Parsing steps: 899 steps
Cky conversion steps: 1328 steps
Chart START items len: 83
Chart keys len: 103
Chart items len: 314

Parsing sen 4122
Parsing steps: 8485 steps
Cky conversion steps: 37989 steps
Chart START items len: 1487
Chart keys len: 1569
Chart items len: 5990

Parsing sen 4125
Parsing steps: 7319 steps
Cky conversion steps: 34381 steps
Chart START items len: 1396
Chart keys len: 1458
Chart items len: 5565

Parsing sen 4127
Parsing steps: 19066 steps
Cky conversion steps: 7180 steps
Chart START items len: 713
Chart keys len: 881
Chart items len: 2514

Parsing sen 4128
Parsing steps: 1671 steps
Cky conversion steps: 490 steps
Chart START items len: 31
Chart keys len: 35
Chart items len: 107

Parsing sen 4129
Parsing steps: 6671 steps
Cky conversion steps: 5854 steps
Chart START items len: 851
Chart keys len: 971
Chart items len: 3025

Parsing sen 4132
Parsing steps: 19171 steps
Cky conversion steps: 128607 steps
Chart START items len: 5346
Chart keys len: 5434
Chart items len: 22179

Parsing sen 4139
Parsing steps: 4946 steps
Cky conversion steps: 19704 steps
Chart START items len: 792
Chart keys len: 830
Chart items len: 3235

Parsing sen 4145
Parsing steps: 2848 steps
Cky conversion steps: 18030 steps
Chart START items len: 553
Chart keys len: 573
Chart items len: 2290

Parsing sen 4146
Parsing steps: 32149 steps
Cky conversion steps: 63574 steps
Chart START items len: 9206
Chart keys len: 9745
Chart items len: 37008

Parsing sen 4152
Parsing steps: 4179 steps
Cky conversion steps: 13870 steps
Chart START items len: 525
Chart keys len: 568
Chart items len: 2090

Parsing sen 4153
Parsing steps: 1264 steps
Cky conversion steps: 241 steps
Chart START items len: 23
Chart keys len: 40
Chart items len: 91

Parsing sen 4155
Parsing steps: 1526 steps
Cky conversion steps: 249 steps
Chart START items len: 35
Chart keys len: 44
Chart items len: 112

Parsing sen 4156
Parsing steps: 286 steps
Cky conversion steps: 199 steps
Chart START items len: 15
Chart keys len: 17
Chart items len: 48

Parsing sen 4157
Parsing steps: 271 steps
Cky conversion steps: 23 steps
Chart START items len: 3
Chart keys len: 5
Chart items len: 7

Parsing sen 4158
Parsing steps: 13015 steps
Cky conversion steps: 189730 steps
Chart START items len: 4184
Chart keys len: 4217
Chart items len: 18860

Parsing sen 4159
Parsing steps: 3237 steps
Cky conversion steps: 3187 steps
Chart START items len: 202
Chart keys len: 223
Chart items len: 733

Parsing sen 4161
Parsing steps: 11108 steps
Cky conversion steps: 70122 steps
Chart START items len: 2553
Chart keys len: 2617
Chart items len: 10445

Parsing sen 4162
Parsing steps: 14712 steps
Cky conversion steps: 32329 steps
Chart START items len: 1237
Chart keys len: 1316
Chart items len: 4921

Parsing sen 4166
Parsing steps: 8287 steps
Cky conversion steps: 177 steps
Chart START items len: 24
Chart keys len: 32
Chart items len: 75

Parsing sen 4167
Parsing steps: 1282 steps
Cky conversion steps: 3371 steps
Chart START items len: 165
Chart keys len: 180
Chart items len: 624

Parsing sen 4168
Parsing steps: 2342 steps
Cky conversion steps: 226 steps
Chart START items len: 20
Chart keys len: 39
Chart items len: 88

Parsing sen 4170
Parsing steps: 5035 steps
Cky conversion steps: 7427 steps
Chart START items len: 408
Chart keys len: 474
Chart items len: 1529

Parsing sen 4173
Parsing steps: 5947 steps
Cky conversion steps: 1920 steps
Chart START items len: 191
Chart keys len: 248
Chart items len: 663

Parsing sen 4175
Parsing steps: 2352 steps
Cky conversion steps: 1537 steps
Chart START items len: 148
Chart keys len: 210
Chart items len: 592

Parsing sen 4176
Parsing steps: 630 steps
Cky conversion steps: 1301 steps
Chart START items len: 79
Chart keys len: 90
Chart items len: 283

Parsing sen 4178
Parsing steps: 1382 steps
Cky conversion steps: 4853 steps
Chart START items len: 229
Chart keys len: 247
Chart items len: 874

Parsing sen 4179
Parsing steps: 11499 steps
Cky conversion steps: 41494 steps
Chart START items len: 1210
Chart keys len: 1248
Chart items len: 5135

Parsing sen 4181
Parsing steps: 3091 steps
Cky conversion steps: 5002 steps
Chart START items len: 396
Chart keys len: 459
Chart items len: 1529

Parsing sen 4186
Parsing steps: 105623 steps
Cky conversion steps: 149868 steps
Chart START items len: 20997
Chart keys len: 24264
Chart items len: 76922

Parsing sen 4194
Parsing steps: 43947 steps
Cky conversion steps: 112497 steps
Chart START items len: 16534
Chart keys len: 17062
Chart items len: 62944

Parsing sen 4197
Parsing steps: 3524 steps
Cky conversion steps: 17075 steps
Chart START items len: 595
Chart keys len: 623
Chart items len: 2394

Parsing sen 4198
Parse did not finish:
- steps: 60524
- queue len: 94927
- attempted len: 20002298

Parsing sen 4204
Parsing steps: 4831 steps
Cky conversion steps: 887 steps
Chart START items len: 96
Chart keys len: 123
Chart items len: 330

Parsing sen 4205
Parsing steps: 5161 steps
Cky conversion steps: 19 steps
Chart START items len: 3
Chart keys len: 4
Chart items len: 7

Parsing sen 4207
Parsing steps: 6510 steps
Cky conversion steps: 2367 steps
Chart START items len: 236
Chart keys len: 324
Chart items len: 881

Parsing sen 4213
Parse did not finish:
- steps: 163946
- queue len: 178692
- attempted len: 20000353

Parsing sen 4218
Parsing steps: 51941 steps
Cky conversion steps: 5691 steps
Chart START items len: 491
Chart keys len: 645
Chart items len: 1797

Parsing sen 4219
Parse did not finish:
- steps: 55310
- queue len: 12480
- attempted len: 20000834

Parsing sen 4221
Parse did not finish:
- steps: 66783
- queue len: 109274
- attempted len: 20001101

Parsing sen 4224
Parsing steps: 7085 steps
Cky conversion steps: 23884 steps
Chart START items len: 2033
Chart keys len: 2094
Chart items len: 7934

Parsing sen 4226
Parsing steps: 4535 steps
Cky conversion steps: 10461 steps
Chart START items len: 521
Chart keys len: 589
Chart items len: 2205

Parsing sen 4227
Parsing steps: 3253 steps
Cky conversion steps: 231 steps
Chart START items len: 24
Chart keys len: 42
Chart items len: 89

Parsing sen 4229
Parsing steps: 1889 steps
Cky conversion steps: 1507 steps
Chart START items len: 172
Chart keys len: 219
Chart items len: 623

Parsing sen 4233
Parsing steps: 3217 steps
Cky conversion steps: 382 steps
Chart START items len: 41
Chart keys len: 52
Chart items len: 136

Parsing sen 4234
Parsing steps: 6147 steps
Cky conversion steps: 15718 steps
Chart START items len: 925
Chart keys len: 1023
Chart items len: 3691

Parsing sen 4237
Parse did not finish:
- steps: 89778
- queue len: 80609
- attempted len: 20001500

Parsing sen 4240
Parsing steps: 703 steps
Cky conversion steps: 196 steps
Chart START items len: 23
Chart keys len: 29
Chart items len: 73

Parsing sen 4241
Parsing steps: 3603 steps
Cky conversion steps: 12094 steps
Chart START items len: 519
Chart keys len: 555
Chart items len: 2039

Parsing sen 4244
Parsing steps: 3281 steps
Cky conversion steps: 3560 steps
Chart START items len: 171
Chart keys len: 186
Chart items len: 659

Parsing sen 4249
Parsing steps: 4052 steps
Cky conversion steps: 4387 steps
Chart START items len: 557
Chart keys len: 616
Chart items len: 2080

Parsing sen 4250
Parsing steps: 41677 steps
Cky conversion steps: 95908 steps
Chart START items len: 8716
Chart keys len: 9254
Chart items len: 32831

Parsing sen 4253
Parsing steps: 1626 steps
Cky conversion steps: 559 steps
Chart START items len: 60
Chart keys len: 84
Chart items len: 206

Parsing sen 4256
Parsing steps: 2523 steps
Cky conversion steps: 4924 steps
Chart START items len: 339
Chart keys len: 379
Chart items len: 1272

Parsing sen 4259
Parsing steps: 1658 steps
Cky conversion steps: 574 steps
Chart START items len: 67
Chart keys len: 101
Chart items len: 233

Parsing sen 4261
Parsing steps: 12558 steps
Cky conversion steps: 22586 steps
Chart START items len: 1708
Chart keys len: 2255
Chart items len: 6569

Parsing sen 4264
Parse did not finish:
- steps: 57905
- queue len: 72387
- attempted len: 20001558

Parsing sen 4266
Parsing steps: 9635 steps
Cky conversion steps: 29887 steps
Chart START items len: 1351
Chart keys len: 1501
Chart items len: 5204

Parsing sen 4267
Parsing steps: 11071 steps
Cky conversion steps: 25506 steps
Chart START items len: 2208
Chart keys len: 2402
Chart items len: 8728

Parsing sen 4270
Parsing steps: 1344 steps
Cky conversion steps: 1614 steps
Chart START items len: 149
Chart keys len: 199
Chart items len: 581

Parsing sen 4273
Parsing steps: 12719 steps
Cky conversion steps: 26831 steps
Chart START items len: 2779
Chart keys len: 2950
Chart items len: 10067

Parsing sen 4274
Parsing steps: 9119 steps
Cky conversion steps: 20301 steps
Chart START items len: 1362
Chart keys len: 1547
Chart items len: 5172

Parsing sen 4276
Parsing steps: 690 steps
Cky conversion steps: 204 steps
Chart START items len: 27
Chart keys len: 39
Chart items len: 90

Parsing sen 4279
Parsing steps: 1170 steps
Cky conversion steps: 5016 steps
Chart START items len: 192
Chart keys len: 204
Chart items len: 752

Parsing sen 4280
Parsing steps: 369 steps
Cky conversion steps: 287 steps
Chart START items len: 30
Chart keys len: 34
Chart items len: 100

Parsing sen 4282
Parsing steps: 6945 steps
Cky conversion steps: 14016 steps
Chart START items len: 1594
Chart keys len: 1709
Chart items len: 5846

Parsing sen 4283
Parsing steps: 4391 steps
Cky conversion steps: 807 steps
Chart START items len: 94
Chart keys len: 141
Chart items len: 360

Parsing sen 4284
Parsing steps: 1774 steps
Cky conversion steps: 601 steps
Chart START items len: 82
Chart keys len: 108
Chart items len: 287

Parsing sen 4285
Parsing steps: 400 steps
Cky conversion steps: 161 steps
Chart START items len: 19
Chart keys len: 25
Chart items len: 61

Parsing sen 4286
Parsing steps: 4375 steps
Cky conversion steps: 12296 steps
Chart START items len: 562
Chart keys len: 595
Chart items len: 2153

Parsing sen 4287
Parse did not finish:
- steps: 121428
- queue len: 55830
- attempted len: 20000850

Parsing sen 4291
Parsing steps: 2679 steps
Cky conversion steps: 3290 steps
Chart START items len: 353
Chart keys len: 456
Chart items len: 1279

Parsing sen 4294
Parsing steps: 8894 steps
Cky conversion steps: 22452 steps
Chart START items len: 2596
Chart keys len: 2728
Chart items len: 9842

Parsing sen 4296
Parsing steps: 6713 steps
Cky conversion steps: 5371 steps
Chart START items len: 301
Chart keys len: 362
Chart items len: 1117

Parsing sen 4302
Parse did not finish:
- steps: 42115
- queue len: 36440
- attempted len: 20001047

Parsing sen 4303
Parsing steps: 2623 steps
Cky conversion steps: 5489 steps
Chart START items len: 432
Chart keys len: 489
Chart items len: 1616

Parsing sen 4304
Parsing steps: 5186 steps
Cky conversion steps: 6120 steps
Chart START items len: 459
Chart keys len: 613
Chart items len: 1817

Parsing sen 4309
Parsing steps: 10674 steps
Cky conversion steps: 13559 steps
Chart START items len: 1661
Chart keys len: 2459
Chart items len: 6607

Parsing sen 4313
Parsing steps: 663 steps
Cky conversion steps: 69 steps
Chart START items len: 9
Chart keys len: 14
Chart items len: 30

Parsing sen 4314
Parsing steps: 2769 steps
Cky conversion steps: 190 steps
Chart START items len: 30
Chart keys len: 41
Chart items len: 98

Parsing sen 4316
Parsing steps: 6372 steps
Cky conversion steps: 17381 steps
Chart START items len: 1280
Chart keys len: 1365
Chart items len: 4940

Parsing sen 4319
Parsing steps: 2917 steps
Cky conversion steps: 4162 steps
Chart START items len: 587
Chart keys len: 635
Chart items len: 2216

Parsing sen 4322
Parsing steps: 22808 steps
Cky conversion steps: 117998 steps
Chart START items len: 6527
Chart keys len: 6891
Chart items len: 25721

Parsing sen 4324
Parsing steps: 3295 steps
Cky conversion steps: 15585 steps
Chart START items len: 690
Chart keys len: 753
Chart items len: 2779

Parsing sen 4327
Parsing steps: 15081 steps
Cky conversion steps: 2045 steps
Chart START items len: 151
Chart keys len: 177
Chart items len: 552

Parsing sen 4331
Parsing steps: 1199 steps
Cky conversion steps: 3281 steps
Chart START items len: 155
Chart keys len: 170
Chart items len: 623

Parsing sen 4332
Parsing steps: 2820 steps
Cky conversion steps: 1432 steps
Chart START items len: 214
Chart keys len: 259
Chart items len: 764

Parsing sen 4334
Parsing steps: 2702 steps
Cky conversion steps: 4827 steps
Chart START items len: 381
Chart keys len: 461
Chart items len: 1401

Parsing sen 4335
Parsing steps: 7764 steps
Cky conversion steps: 400 steps
Chart START items len: 43
Chart keys len: 74
Chart items len: 162

Parsing sen 4337
Parsing steps: 443 steps
Cky conversion steps: 97 steps
Chart START items len: 11
Chart keys len: 14
Chart items len: 33

Parsing sen 4338
Parse did not finish:
- steps: 209380
- queue len: 45489
- attempted len: 20000146

Parsing sen 4339
Parsing steps: 42803 steps
Cky conversion steps: 67304 steps
Chart START items len: 4429
Chart keys len: 5659
Chart items len: 16438

Parsing sen 4340
Parsing steps: 3796 steps
Cky conversion steps: 25593 steps
Chart START items len: 964
Chart keys len: 992
Chart items len: 3910

Parsing sen 4341
Parsing steps: 44962 steps
Cky conversion steps: 308606 steps
Chart START items len: 14912
Chart keys len: 15107
Chart items len: 61908

Parsing sen 4345
Parsing steps: 63981 steps
Cky conversion steps: 110811 steps
Chart START items len: 17077
Chart keys len: 18446
Chart items len: 57094

Parsing sen 4349
Parsing steps: 10751 steps
Cky conversion steps: 24883 steps
Chart START items len: 3292
Chart keys len: 3498
Chart items len: 13078

Parsing sen 4351
Parsing steps: 27299 steps
Cky conversion steps: 95742 steps
Chart START items len: 5747
Chart keys len: 6056
Chart items len: 22038

Parsing sen 4355
Parsing steps: 12537 steps
Cky conversion steps: 128925 steps
Chart START items len: 4288
Chart keys len: 4352
Chart items len: 18124

Parsing sen 4356
Parsing steps: 1307 steps
Cky conversion steps: 6768 steps
Chart START items len: 229
Chart keys len: 241
Chart items len: 922

Parsing sen 4357
Parsing steps: 58098 steps
Cky conversion steps: 317666 steps
Chart START items len: 10821
Chart keys len: 11778
Chart items len: 45466

Parsing sen 4359
Parsing steps: 6947 steps
Cky conversion steps: 58131 steps
Chart START items len: 1590
Chart keys len: 1634
Chart items len: 6787

Parsing sen 4360
Parsing steps: 136261 steps
Cky conversion steps: 413039 steps
Chart START items len: 66978
Chart keys len: 67616
Chart items len: 248087

Parsing sen 4362
Parsing steps: 2566 steps
Cky conversion steps: 3003 steps
Chart START items len: 402
Chart keys len: 442
Chart items len: 1460

Parsing sen 4364
Parsing steps: 1329 steps
Cky conversion steps: 4356 steps
Chart START items len: 170
Chart keys len: 184
Chart items len: 663

Parsing sen 4365
Parsing steps: 463 steps
Cky conversion steps: 179 steps
Chart START items len: 19
Chart keys len: 25
Chart items len: 60

Parsing sen 4366
Parsing steps: 9277 steps
Cky conversion steps: 94853 steps
Chart START items len: 3312
Chart keys len: 3359
Chart items len: 13853

Parsing sen 4370
Parsing steps: 2752 steps
Cky conversion steps: 2190 steps
Chart START items len: 242
Chart keys len: 284
Chart items len: 875

Parsing sen 4372
Parsing steps: 1021 steps
Cky conversion steps: 785 steps
Chart START items len: 86
Chart keys len: 101
Chart items len: 289

Parsing sen 4374
Parsing steps: 4408 steps
Cky conversion steps: 3555 steps
Chart START items len: 193
Chart keys len: 223
Chart items len: 715

Parsing sen 4376
Parsing steps: 21376 steps
Cky conversion steps: 72062 steps
Chart START items len: 6422
Chart keys len: 6836
Chart items len: 24736

Parsing sen 4379
Parsing steps: 7631 steps
Cky conversion steps: 55980 steps
Chart START items len: 1942
Chart keys len: 1984
Chart items len: 8152

Parsing sen 4380
Parsing steps: 17266 steps
Cky conversion steps: 420 steps
Chart START items len: 43
Chart keys len: 87
Chart items len: 163

Parsing sen 4382
Parsing steps: 4627 steps
Cky conversion steps: 6697 steps
Chart START items len: 607
Chart keys len: 723
Chart items len: 2499

Parsing sen 4385
Parsing steps: 5837 steps
Cky conversion steps: 10836 steps
Chart START items len: 805
Chart keys len: 892
Chart items len: 3100

Parsing sen 4391
Parsing steps: 160291 steps
Cky conversion steps: 2248048 steps
Chart START items len: 54888
Chart keys len: 55060
Chart items len: 242353

Parsing sen 4392
Parsing steps: 38474 steps
Cky conversion steps: 63995 steps
Chart START items len: 7428
Chart keys len: 8297
Chart items len: 26849

Parsing sen 4395
Parsing steps: 89082 steps
Cky conversion steps: 48548 steps
Chart START items len: 7098
Chart keys len: 7787
Chart items len: 26323

Parsing sen 4397
Parsing steps: 2952 steps
Cky conversion steps: 23 steps
Chart START items len: 3
Chart keys len: 5
Chart items len: 8

Parsing sen 4398
Parsing steps: 22701 steps
Cky conversion steps: 66942 steps
Chart START items len: 7939
Chart keys len: 8101
Chart items len: 30601

Parsing sen 4400
Parsing steps: 2301 steps
Cky conversion steps: 303 steps
Chart START items len: 48
Chart keys len: 66
Chart items len: 156

Parsing sen 4402
Parsing steps: 17986 steps
Cky conversion steps: 24055 steps
Chart START items len: 1155
Chart keys len: 1254
Chart items len: 4391

Parsing sen 4405
Parse did not finish:
- steps: 243765
- queue len: 57261
- attempted len: 20000287

Parsing sen 4406
Parsing steps: 12761 steps
Cky conversion steps: 86539 steps
Chart START items len: 2907
Chart keys len: 2994
Chart items len: 11870

Parsing sen 4407
Parsing steps: 1191883 steps
Cky conversion did not finish:
- steps: 9664662

Parsing sen 4408
Parsing steps: 4278 steps
Cky conversion steps: 3855 steps
Chart START items len: 354
Chart keys len: 456
Chart items len: 1265

Parsing sen 4413
Parsing steps: 3458 steps
Cky conversion steps: 143 steps
Chart START items len: 20
Chart keys len: 26
Chart items len: 63

Parsing sen 4416
Parsing steps: 3703 steps
Cky conversion steps: 11900 steps
Chart START items len: 680
Chart keys len: 734
Chart items len: 2590

Parsing sen 4418
Parse did not finish:
- steps: 126641
- queue len: 28376
- attempted len: 20000161

Parsing sen 4422
Parsing steps: 25780 steps
Cky conversion steps: 92865 steps
Chart START items len: 4071
Chart keys len: 4452
Chart items len: 15859

Parsing sen 4423
Parsing steps: 26153 steps
Cky conversion steps: 155006 steps
Chart START items len: 4408
Chart keys len: 4574
Chart items len: 18669

Parsing sen 4425
Parsing steps: 1028 steps
Cky conversion steps: 477 steps
Chart START items len: 46
Chart keys len: 52
Chart items len: 157

Parsing sen 4427
Parsing steps: 1123 steps
Cky conversion steps: 300 steps
Chart START items len: 41
Chart keys len: 48
Chart items len: 135

Parsing sen 4429
Parsing steps: 54522 steps
Cky conversion steps: 327789 steps
Chart START items len: 13800
Chart keys len: 14125
Chart items len: 55618

Parsing sen 4433
Parsing steps: 53640 steps
Cky conversion steps: 746362 steps
Chart START items len: 17779
Chart keys len: 17889
Chart items len: 79002

Parsing sen 4434
Parsing steps: 4382 steps
Cky conversion steps: 14794 steps
Chart START items len: 570
Chart keys len: 628
Chart items len: 2321

Parsing sen 4438
Parse did not finish:
- steps: 101900
- queue len: 232738
- attempted len: 20000623

Parsing sen 4440
Parsing steps: 6373 steps
Cky conversion steps: 6567 steps
Chart START items len: 629
Chart keys len: 730
Chart items len: 2180

Parsing sen 4443
Parsing steps: 1476 steps
Cky conversion steps: 1658 steps
Chart START items len: 178
Chart keys len: 193
Chart items len: 650

Parsing sen 4445
Parsing steps: 22035 steps
Cky conversion steps: 355559 steps
Chart START items len: 8015
Chart keys len: 8063
Chart items len: 36134

Parsing sen 4446
Parse did not finish:
- steps: 198822
- queue len: 117168
- attempted len: 20000529

Parsing sen 4452
Parse did not finish:
- steps: 60860
- queue len: 21258
- attempted len: 20000436

Parsing sen 4454
Parsing steps: 59531 steps
Cky conversion steps: 9067 steps
Chart START items len: 1710
Chart keys len: 1820
Chart items len: 5350

Parsing sen 4456
Parsing steps: 9470 steps
Cky conversion steps: 43754 steps
Chart START items len: 2348
Chart keys len: 2466
Chart items len: 9245

Parsing sen 4459
Parse did not finish:
- steps: 70922
- queue len: 57280
- attempted len: 20000489

Parsing sen 4464
Parse did not finish:
- steps: 89060
- queue len: 92614
- attempted len: 20000259

Parsing sen 4467
Parsing steps: 4465 steps
Cky conversion steps: 3473 steps
Chart START items len: 306
Chart keys len: 401
Chart items len: 1113

Parsing sen 4469
Parsing steps: 79259 steps
Cky conversion steps: 293562 steps
Chart START items len: 25035
Chart keys len: 25433
Chart items len: 96678

Parsing sen 4476
Parsing steps: 23346 steps
Cky conversion steps: 364642 steps
Chart START items len: 9154
Chart keys len: 9205
Chart items len: 41059

Parsing sen 4478
Parsing steps: 853 steps
Cky conversion steps: 231 steps
Chart START items len: 21
Chart keys len: 22
Chart items len: 68

Parsing sen 4479
Parsing steps: 9463 steps
Cky conversion steps: 2160 steps
Chart START items len: 140
Chart keys len: 229
Chart items len: 543

Parsing sen 4481
Parsing steps: 28159 steps
Cky conversion steps: 320821 steps
Chart START items len: 9294
Chart keys len: 9364
Chart items len: 39791

Parsing sen 4482
Parsing steps: 9558 steps
Cky conversion steps: 10480 steps
Chart START items len: 978
Chart keys len: 1206
Chart items len: 3797

Parsing sen 4484
Parsing steps: 6877 steps
Cky conversion steps: 10525 steps
Chart START items len: 1168
Chart keys len: 1868
Chart items len: 5293

Parsing sen 4486
Parsing steps: 17121 steps
Cky conversion steps: 47003 steps
Chart START items len: 2423
Chart keys len: 2724
Chart items len: 9373

Parsing sen 4487
Parsing steps: 2929 steps
Cky conversion steps: 9794 steps
Chart START items len: 447
Chart keys len: 483
Chart items len: 1738

Parsing sen 4489
Parsing steps: 2973 steps
Cky conversion steps: 12454 steps
Chart START items len: 539
Chart keys len: 592
Chart items len: 2214

Parsing sen 4491
Parsing steps: 8130 steps
Cky conversion steps: 11745 steps
Chart START items len: 1535
Chart keys len: 1864
Chart items len: 5371

Parsing sen 4495
Parsing steps: 1851 steps
Cky conversion steps: 701 steps
Chart START items len: 73
Chart keys len: 95
Chart items len: 268

Parsing sen 4497
Parsing steps: 2164 steps
Cky conversion steps: 1 steps
Chart START items len: 0
Chart keys len: 0
Chart items len: 0

Parsing sen 4498
Parsing steps: 27979 steps
Cky conversion steps: 159989 steps
Chart START items len: 6140
Chart keys len: 6467
Chart items len: 25297

Parsing sen 4499
Parsing steps: 20618 steps
Cky conversion steps: 4192 steps
Chart START items len: 628
Chart keys len: 856
Chart items len: 2136

Parsing sen 4501
Parsing steps: 4352 steps
Cky conversion steps: 5741 steps
Chart START items len: 540
Chart keys len: 632
Chart items len: 1904

Parsing sen 4502
Parsing steps: 46906 steps
Cky conversion steps: 117102 steps
Chart START items len: 11440
Chart keys len: 11759
Chart items len: 41182

Parsing sen 4505
Parsing steps: 2766 steps
Cky conversion steps: 3387 steps
Chart START items len: 181
Chart keys len: 198
Chart items len: 679

Parsing sen 4507
Parsing steps: 3447 steps
Cky conversion steps: 13276 steps
Chart START items len: 565
Chart keys len: 611
Chart items len: 2338

Parsing sen 4509
Parsing steps: 1104 steps
Cky conversion steps: 2178 steps
Chart START items len: 189
Chart keys len: 203
Chart items len: 686

Parsing sen 4511
Parsing steps: 26377 steps
Cky conversion steps: 2141 steps
Chart START items len: 344
Chart keys len: 394
Chart items len: 1123

Parsing sen 4512
Parsing steps: 653212 steps
Cky conversion steps: 2243014 steps
Chart START items len: 303126
Chart keys len: 304323
Chart items len: 1177041

Parsing sen 4514
Parsing steps: 5507 steps
Cky conversion steps: 3336 steps
Chart START items len: 362
Chart keys len: 455
Chart items len: 1312

Parsing sen 4519
Parsing steps: 4473 steps
Cky conversion steps: 1129 steps
Chart START items len: 123
Chart keys len: 179
Chart items len: 448

Parsing sen 4520
Parsing steps: 43573 steps
Cky conversion steps: 277414 steps
Chart START items len: 10484
Chart keys len: 11035
Chart items len: 42814

Parsing sen 4522
Parsing steps: 5860 steps
Cky conversion steps: 1098 steps
Chart START items len: 132
Chart keys len: 165
Chart items len: 498

Parsing sen 4526
Parsing steps: 1462 steps
Cky conversion steps: 5822 steps
Chart START items len: 186
Chart keys len: 195
Chart items len: 758

Parsing sen 4527
Parsing steps: 41095 steps
Cky conversion steps: 163747 steps
Chart START items len: 10427
Chart keys len: 11077
Chart items len: 39322

Parsing sen 4530
Parsing steps: 2709 steps
Cky conversion steps: 1942 steps
Chart START items len: 206
Chart keys len: 271
Chart items len: 767

Parsing sen 4535
Parsing steps: 59322 steps
Cky conversion steps: 658738 steps
Chart START items len: 17883
Chart keys len: 18255
Chart items len: 77519

Parsing sen 4536
Parsing steps: 18344 steps
Cky conversion steps: 25892 steps
Chart START items len: 2507
Chart keys len: 2629
Chart items len: 8864

Parsing sen 4537
Parsing steps: 20142 steps
Cky conversion steps: 112560 steps
Chart START items len: 3959
Chart keys len: 4125
Chart items len: 16269

Parsing sen 4538
Parsing steps: 35989 steps
Cky conversion steps: 127510 steps
Chart START items len: 9282
Chart keys len: 9691
Chart items len: 35594

Parsing sen 4543
Parsing steps: 7883 steps
Cky conversion steps: 17838 steps
Chart START items len: 1381
Chart keys len: 1535
Chart items len: 5119

Parsing sen 4547
Parsing steps: 197900 steps
Cky conversion steps: 3496975 steps
Chart START items len: 75592
Chart keys len: 75815
Chart items len: 344538

Parsing sen 4548
Parsing steps: 5739 steps
Cky conversion steps: 7155 steps
Chart START items len: 694
Chart keys len: 853
Chart items len: 2703

Parsing sen 4553
Parsing steps: 12447 steps
Cky conversion steps: 47161 steps
Chart START items len: 1876
Chart keys len: 2164
Chart items len: 8696

Parsing sen 4554
Parsing steps: 39160 steps
Cky conversion steps: 174999 steps
Chart START items len: 8926
Chart keys len: 9393
Chart items len: 33890

Parsing sen 4557
Parsing steps: 11274 steps
Cky conversion steps: 4324 steps
Chart START items len: 331
Chart keys len: 476
Chart items len: 1246

Parsing sen 4561
Parse did not finish:
- steps: 253733
- queue len: 1106854
- attempted len: 20000161

Parsing sen 4563
Parsing steps: 53297 steps
Cky conversion steps: 434357 steps
Chart START items len: 13111
Chart keys len: 13454
Chart items len: 55017

Parsing sen 4564
Parsing steps: 18093 steps
Cky conversion steps: 17035 steps
Chart START items len: 1385
Chart keys len: 1767
Chart items len: 5072

Parsing sen 4566
Parsing steps: 4178 steps
Cky conversion steps: 3584 steps
Chart START items len: 251
Chart keys len: 286
Chart items len: 969

Parsing sen 4568
Parsing steps: 5858 steps
Cky conversion steps: 526 steps
Chart START items len: 37
Chart keys len: 44
Chart items len: 128

Parsing sen 4569
Parsing steps: 1020 steps
Cky conversion steps: 1466 steps
Chart START items len: 72
Chart keys len: 80
Chart items len: 265

Parsing sen 4570
Parsing steps: 1267 steps
Cky conversion steps: 6037 steps
Chart START items len: 223
Chart keys len: 236
Chart items len: 881

Parsing sen 4571
Parse did not finish:
- steps: 101978
- queue len: 88649
- attempted len: 20000975

Parsing sen 4572
Parse did not finish:
- steps: 409588
- queue len: 237413
- attempted len: 20000221

Parsing sen 4580
Parsing steps: 145964 steps
Cky conversion steps: 303978 steps
Chart START items len: 47101
Chart keys len: 49718
Chart items len: 173644

Parsing sen 4582
Parsing steps: 932 steps
Cky conversion steps: 236 steps
Chart START items len: 37
Chart keys len: 50
Chart items len: 123

Parsing sen 4583
Parsing steps: 81830 steps
Cky conversion steps: 461069 steps
Chart START items len: 32003
Chart keys len: 33705
Chart items len: 119705

Parsing sen 4589
Parsing steps: 2892 steps
Cky conversion steps: 1766 steps
Chart START items len: 109
Chart keys len: 123
Chart items len: 392

Parsing sen 4594
Parse did not finish:
- steps: 48588
- queue len: 52497
- attempted len: 20000966

Parsing sen 4600
Parsing steps: 4151 steps
Cky conversion steps: 7427 steps
Chart START items len: 598
Chart keys len: 921
Chart items len: 2339

Parsing sen 4604
Parsing steps: 931 steps
Cky conversion steps: 2883 steps
Chart START items len: 145
Chart keys len: 158
Chart items len: 553

Parsing sen 4605
Parsing steps: 118264 steps
Cky conversion steps: 751081 steps
Chart START items len: 39179
Chart keys len: 39550
Chart items len: 157370

Parsing sen 4608
Parsing steps: 54270 steps
Cky conversion steps: 117799 steps
Chart START items len: 18851
Chart keys len: 19446
Chart items len: 67532

Parsing sen 4611
Parsing steps: 742 steps
Cky conversion steps: 231 steps
Chart START items len: 21
Chart keys len: 22
Chart items len: 68

Parsing sen 4612
Parsing steps: 10392 steps
Cky conversion steps: 85367 steps
Chart START items len: 2435
Chart keys len: 2499
Chart items len: 10378

Parsing sen 4613
Parsing steps: 56838 steps
Cky conversion steps: 761566 steps
Chart START items len: 21502
Chart keys len: 21601
Chart items len: 94121

Parsing sen 4617
Parsing steps: 1681 steps
Cky conversion steps: 2249 steps
Chart START items len: 268
Chart keys len: 323
Chart items len: 990

Parsing sen 4618
Parsing steps: 11148 steps
Cky conversion steps: 87757 steps
Chart START items len: 2519
Chart keys len: 2572
Chart items len: 10854

Parsing sen 4619
Parsing steps: 290535 steps
Cky conversion steps: 127 steps
Chart START items len: 15
Chart keys len: 26
Chart items len: 52

Parsing sen 4623
Parsing steps: 51921 steps
Cky conversion steps: 118990 steps
Chart START items len: 9510
Chart keys len: 10735
Chart items len: 35373

Parsing sen 4626
Parsing steps: 7208 steps
Cky conversion steps: 31433 steps
Chart START items len: 1369
Chart keys len: 1424
Chart items len: 5302

Parsing sen 4627
Parse did not finish:
- steps: 134858
- queue len: 18356
- attempted len: 20000013

Parsing sen 4629
Parsing steps: 5020 steps
Cky conversion steps: 5354 steps
Chart START items len: 528
Chart keys len: 674
Chart items len: 1934

Parsing sen 4630
Parsing steps: 831 steps
Cky conversion steps: 675 steps
Chart START items len: 58
Chart keys len: 69
Chart items len: 208

Parsing sen 4632
Parsing steps: 80673 steps
Cky conversion steps: 2330 steps
Chart START items len: 242
Chart keys len: 415
Chart items len: 1020

Parsing sen 4636
Parsing steps: 12669 steps
Cky conversion steps: 14127 steps
Chart START items len: 1310
Chart keys len: 1578
Chart items len: 4893

Parsing sen 4638
Parsing steps: 159870 steps
Cky conversion steps: 1855235 steps
Chart START items len: 49486
Chart keys len: 49678
Chart items len: 217374

Parsing sen 4641
Parse did not finish:
- steps: 124171
- queue len: 153642
- attempted len: 20000034

Parsing sen 4645
Parsing steps: 1068 steps
Cky conversion steps: 5432 steps
Chart START items len: 205
Chart keys len: 220
Chart items len: 813

Parsing sen 4646
Parsing steps: 5791 steps
Cky conversion steps: 10247 steps
Chart START items len: 782
Chart keys len: 905
Chart items len: 3319

Parsing sen 4648
Parsing steps: 12703 steps
Cky conversion steps: 90854 steps
Chart START items len: 3783
Chart keys len: 3832
Chart items len: 15425

Parsing sen 4651
Parsing steps: 5381 steps
Cky conversion steps: 11996 steps
Chart START items len: 1036
Chart keys len: 1440
Chart items len: 3992

Parsing sen 4653
Parsing steps: 21440 steps
Cky conversion steps: 236467 steps
Chart START items len: 7167
Chart keys len: 7239
Chart items len: 30898

Parsing sen 4655
Parse did not finish:
- steps: 62897
- queue len: 32615
- attempted len: 20001076

Parsing sen 4658
Parsing steps: 1822 steps
Cky conversion steps: 8376 steps
Chart START items len: 357
Chart keys len: 377
Chart items len: 1424

Parsing sen 4659
Parsing steps: 26110 steps
Cky conversion steps: 48387 steps
Chart START items len: 5231
Chart keys len: 5386
Chart items len: 18313

Parsing sen 4661
Parse did not finish:
- steps: 112837
- queue len: 169282
- attempted len: 20000170

Parsing sen 4662
Parse did not finish:
- steps: 354837
- queue len: 113641
- attempted len: 20000010

Parsing sen 4666
Parsing steps: 173745 steps
Cky conversion steps: 1362906 steps
Chart START items len: 69032
Chart keys len: 69458
Chart items len: 280737

Parsing sen 4668
Parsing steps: 15425 steps
Cky conversion steps: 163701 steps
Chart START items len: 4638
Chart keys len: 4701
Chart items len: 20049

Parsing sen 4669
Parsing steps: 5519 steps
Cky conversion steps: 1267 steps
Chart START items len: 75
Chart keys len: 155
Chart items len: 380

Parsing sen 4671
Parsing steps: 15651 steps
Cky conversion steps: 29265 steps
Chart START items len: 2720
Chart keys len: 3692
Chart items len: 9953

Parsing sen 4675
Parsing steps: 8620 steps
Cky conversion steps: 10387 steps
Chart START items len: 1167
Chart keys len: 1783
Chart items len: 4710

Parsing sen 4680
Parsing steps: 347019 steps
Cky conversion steps: 6259436 steps
Chart START items len: 145641
Chart keys len: 145787
Chart items len: 663450

Parsing sen 4682
Parsing steps: 4240 steps
Cky conversion steps: 22173 steps
Chart START items len: 812
Chart keys len: 846
Chart items len: 3347

Parsing sen 4683
Parsing steps: 4302 steps
Cky conversion steps: 263 steps
Chart START items len: 24
Chart keys len: 29
Chart items len: 77

Parsing sen 4684
Parsing steps: 1477 steps
Cky conversion steps: 2579 steps
Chart START items len: 176
Chart keys len: 201
Chart items len: 656

Parsing sen 4686
Parsing steps: 22859 steps
Cky conversion steps: 7194 steps
Chart START items len: 1218
Chart keys len: 1351
Chart items len: 3916

Parsing sen 4690
Parsing steps: 12025 steps
Cky conversion steps: 151989 steps
Chart START items len: 3584
Chart keys len: 3654
Chart items len: 16394

Parsing sen 4692
Parsing steps: 5583 steps
Cky conversion steps: 62 steps
Chart START items len: 6
Chart keys len: 11
Chart items len: 22

Parsing sen 4694
Parsing steps: 1421 steps
Cky conversion steps: 663 steps
Chart START items len: 113
Chart keys len: 133
Chart items len: 367

Parsing sen 4695
Parsing steps: 2573 steps
Cky conversion steps: 47 steps
Chart START items len: 5
Chart keys len: 9
Chart items len: 17

Parsing sen 4697
Parsing steps: 19180 steps
Cky conversion steps: 51321 steps
Chart START items len: 5211
Chart keys len: 5464
Chart items len: 19703

Parsing sen 4701
Parsing steps: 5413 steps
Cky conversion steps: 1093 steps
Chart START items len: 121
Chart keys len: 168
Chart items len: 458

Parsing sen 4703
Parsing steps: 618 steps
Cky conversion steps: 364 steps
Chart START items len: 40
Chart keys len: 50
Chart items len: 140

Parsing sen 4705
Parse did not finish:
- steps: 75961
- queue len: 25294
- attempted len: 20000549

Parsing sen 4708
Parsing steps: 4466 steps
Cky conversion steps: 2370 steps
Chart START items len: 308
Chart keys len: 372
Chart items len: 1132

Parsing sen 4710
Parsing steps: 2980 steps
Cky conversion steps: 3734 steps
Chart START items len: 362
Chart keys len: 423
Chart items len: 1273

Parsing sen 4712
Parsing steps: 3276 steps
Cky conversion steps: 5048 steps
Chart START items len: 392
Chart keys len: 489
Chart items len: 1463

Parsing sen 4714
Parsing steps: 2457 steps
Cky conversion steps: 5330 steps
Chart START items len: 230
Chart keys len: 261
Chart items len: 894

Parsing sen 4718
Parsing steps: 35864 steps
Cky conversion steps: 107472 steps
Chart START items len: 3653
Chart keys len: 3992
Chart items len: 14987

Parsing sen 4720
Parsing steps: 11008 steps
Cky conversion steps: 21272 steps
Chart START items len: 2985
Chart keys len: 3141
Chart items len: 11654

Parsing sen 4724
Parse did not finish:
- steps: 128117
- queue len: 37447
- attempted len: 20000188

Parsing sen 4726
Parsing steps: 20683 steps
Cky conversion steps: 15263 steps
Chart START items len: 1110
Chart keys len: 1551
Chart items len: 4370

Parsing sen 4732
Parsing steps: 8957 steps
Cky conversion steps: 30446 steps
Chart START items len: 2195
Chart keys len: 2290
Chart items len: 8458

Parsing sen 4735
Parsing steps: 4252 steps
Cky conversion steps: 2824 steps
Chart START items len: 220
Chart keys len: 250
Chart items len: 862

Parsing sen 4740
Parsing steps: 110162 steps
Cky conversion steps: 514835 steps
Chart START items len: 41598
Chart keys len: 42035
Chart items len: 164911

Parsing sen 4741
Parsing steps: 6484 steps
Cky conversion steps: 3359 steps
Chart START items len: 133
Chart keys len: 137
Chart items len: 523

Parsing sen 4742
Parsing steps: 199442 steps
Cky conversion steps: 2501096 steps
Chart START items len: 70326
Chart keys len: 70578
Chart items len: 304556

Parsing sen 4746
Parsing steps: 1236 steps
Cky conversion steps: 805 steps
Chart START items len: 78
Chart keys len: 111
Chart items len: 286

Parsing sen 4747
Parsing steps: 1329 steps
Cky conversion steps: 355 steps
Chart START items len: 38
Chart keys len: 49
Chart items len: 136

Parsing sen 4750
Parsing steps: 1747 steps
Cky conversion steps: 323 steps
Chart START items len: 36
Chart keys len: 50
Chart items len: 117

Parsing sen 4751
Parsing steps: 2180 steps
Cky conversion steps: 2727 steps
Chart START items len: 170
Chart keys len: 210
Chart items len: 627

Parsing sen 4752
Parsing steps: 5622 steps
Cky conversion steps: 4262 steps
Chart START items len: 538
Chart keys len: 717
Chart items len: 2072

Parsing sen 4759
Parsing steps: 13141 steps
Cky conversion steps: 33054 steps
Chart START items len: 3267
Chart keys len: 3844
Chart items len: 12781

Parsing sen 4764
Parsing steps: 80781 steps
Cky conversion steps: 1064891 steps
Chart START items len: 31929
Chart keys len: 32033
Chart items len: 138927

Parsing sen 4765
Parsing steps: 7343 steps
Cky conversion steps: 15839 steps
Chart START items len: 823
Chart keys len: 915
Chart items len: 3173

Parsing sen 4768
Parsing steps: 2881 steps
Cky conversion steps: 2814 steps
Chart START items len: 406
Chart keys len: 474
Chart items len: 1481

Parsing sen 4771
Parse did not finish:
- steps: 67490
- queue len: 15661
- attempted len: 20000229

Parsing sen 4774
Parsing steps: 52222 steps
Cky conversion steps: 131001 steps
Chart START items len: 14567
Chart keys len: 15161
Chart items len: 54686

Parsing sen 4780
Parsing steps: 63693 steps
Cky conversion steps: 315746 steps
Chart START items len: 25425
Chart keys len: 25996
Chart items len: 100428

Parsing sen 4787
Parsing steps: 7732 steps
Cky conversion steps: 3551 steps
Chart START items len: 443
Chart keys len: 559
Chart items len: 1677

Parsing sen 4794
Parsing steps: 2185 steps
Cky conversion steps: 535 steps
Chart START items len: 75
Chart keys len: 110
Chart items len: 258

Parsing sen 4796
Parse did not finish:
- steps: 48691
- queue len: 42286
- attempted len: 20000014

Parsing sen 4798
Parsing steps: 4138 steps
Cky conversion steps: 20570 steps
Chart START items len: 672
Chart keys len: 695
Chart items len: 2745

Parsing sen 4800
Parsing steps: 8116 steps
Cky conversion steps: 15556 steps
Chart START items len: 1457
Chart keys len: 1561
Chart items len: 5339

Parsing sen 4802
Parse did not finish:
- steps: 43259
- queue len: 91766
- attempted len: 20000136

Parsing sen 4803
Parsing steps: 946 steps
Cky conversion steps: 536 steps
Chart START items len: 56
Chart keys len: 68
Chart items len: 188

Parsing sen 4804
Parsing steps: 2280 steps
Cky conversion steps: 212 steps
Chart START items len: 25
Chart keys len: 38
Chart items len: 80

Parsing sen 4806
Parsing steps: 51953 steps
Cky conversion steps: 18609 steps
Chart START items len: 2053
Chart keys len: 2134
Chart items len: 7530

Parsing sen 4808
Parse did not finish:
- steps: 43133
- queue len: 18219
- attempted len: 20000341

Parsing sen 4812
Parsing steps: 2109 steps
Cky conversion steps: 2048 steps
Chart START items len: 206
Chart keys len: 239
Chart items len: 745

Parsing sen 4813
Parsing steps: 12892 steps
Cky conversion steps: 28921 steps
Chart START items len: 2880
Chart keys len: 3043
Chart items len: 11244

Parsing sen 4818
Parsing steps: 4694 steps
Cky conversion steps: 37219 steps
Chart START items len: 1134
Chart keys len: 1157
Chart items len: 4770

Parsing sen 4819
Parse did not finish:
- steps: 260518
- queue len: 57494
- attempted len: 20000002

Parsing sen 4823
Parse did not finish:
- steps: 59477
- queue len: 50117
- attempted len: 20000542

Parsing sen 4824
Parsing steps: 379 steps
Cky conversion steps: 1550 steps
Chart START items len: 71
Chart keys len: 72
Chart items len: 267

Parsing sen 4825
Parsing steps: 12804 steps
Cky conversion steps: 54791 steps
Chart START items len: 2398
Chart keys len: 2488
Chart items len: 9582

Parsing sen 4827
Parsing steps: 9470 steps
Cky conversion steps: 32435 steps
Chart START items len: 1935
Chart keys len: 2027
Chart items len: 7387

Parsing sen 4831
Parsing steps: 6935 steps
Cky conversion steps: 8394 steps
Chart START items len: 726
Chart keys len: 875
Chart items len: 2692

Parsing sen 4837
Parse did not finish:
- steps: 204043
- queue len: 246500
- attempted len: 20000396

Parsing sen 4839
Parsing steps: 1047 steps
Cky conversion steps: 2959 steps
Chart START items len: 177
Chart keys len: 189
Chart items len: 695

Parsing sen 4841
Parsing steps: 17157 steps
Cky conversion steps: 99496 steps
Chart START items len: 5581
Chart keys len: 5700
Chart items len: 22580

Parsing sen 4845
Parsing steps: 4529 steps
Cky conversion steps: 6315 steps
Chart START items len: 492
Chart keys len: 558
Chart items len: 1848

Parsing sen 4847
Parsing steps: 117074 steps
Cky conversion steps: 628446 steps
Chart START items len: 27826
Chart keys len: 28764
Chart items len: 109876

Parsing sen 4851
Parsing steps: 10347 steps
Cky conversion steps: 10792 steps
Chart START items len: 1384
Chart keys len: 2046
Chart items len: 5024

Parsing sen 4854
Parsing steps: 25721 steps
Cky conversion steps: 49268 steps
Chart START items len: 3949
Chart keys len: 4538
Chart items len: 14438

Parsing sen 4856
Parsing steps: 657 steps
Cky conversion steps: 170 steps
Chart START items len: 22
Chart keys len: 31
Chart items len: 73

Parsing sen 4857
Parsing steps: 2332 steps
Cky conversion steps: 765 steps
Chart START items len: 113
Chart keys len: 148
Chart items len: 378

Parsing sen 4863
Parsing steps: 8237 steps
Cky conversion steps: 30043 steps
Chart START items len: 1647
Chart keys len: 1777
Chart items len: 6984

Parsing sen 4867
Parsing steps: 48689 steps
Cky conversion steps: 260 steps
Chart START items len: 28
Chart keys len: 50
Chart items len: 105

Parsing sen 4869
Parsing steps: 1650 steps
Cky conversion steps: 952 steps
Chart START items len: 102
Chart keys len: 128
Chart items len: 359

Parsing sen 4870
Parsing steps: 165014 steps
Cky conversion steps: 283014 steps
Chart START items len: 29960
Chart keys len: 36380
Chart items len: 105108

Parsing sen 4873
Parsing steps: 1552 steps
Cky conversion steps: 4099 steps
Chart START items len: 211
Chart keys len: 230
Chart items len: 815

Parsing sen 4874
Parsing steps: 16796 steps
Cky conversion steps: 7431 steps
Chart START items len: 332
Chart keys len: 397
Chart items len: 1332

Parsing sen 4877
Parsing steps: 31444 steps
Cky conversion steps: 61623 steps
Chart START items len: 5957
Chart keys len: 6426
Chart items len: 22305

Parsing sen 4879
Parsing steps: 25552 steps
Cky conversion steps: 58405 steps
Chart START items len: 5672
Chart keys len: 5929
Chart items len: 21098

Parsing sen 4880
Parsing steps: 4374 steps
Cky conversion steps: 25026 steps
Chart START items len: 1178
Chart keys len: 1213
Chart items len: 4817

Parsing sen 4886
Parsing steps: 1285 steps
Cky conversion steps: 3068 steps
Chart START items len: 210
Chart keys len: 230
Chart items len: 795

Parsing sen 4888
Parsing steps: 1189 steps
Cky conversion steps: 206 steps
Chart START items len: 32
Chart keys len: 39
Chart items len: 99

Parsing sen 4891
Parsing steps: 9489 steps
Cky conversion steps: 17184 steps
Chart START items len: 2190
Chart keys len: 2912
Chart items len: 9217

Parsing sen 4893
Parsing steps: 4523 steps
Cky conversion steps: 37250 steps
Chart START items len: 1046
Chart keys len: 1079
Chart items len: 4495

Parsing sen 4894
Parsing steps: 6376 steps
Cky conversion steps: 38333 steps
Chart START items len: 1836
Chart keys len: 1894
Chart items len: 7381

Parsing sen 4896
Parsing steps: 1405 steps
Cky conversion steps: 934 steps
Chart START items len: 127
Chart keys len: 176
Chart items len: 485

Parsing sen 4898
Parsing steps: 814 steps
Cky conversion steps: 1443 steps
Chart START items len: 87
Chart keys len: 99
Chart items len: 318

Parsing sen 4899
Parsing steps: 3581 steps
Cky conversion steps: 706 steps
Chart START items len: 94
Chart keys len: 128
Chart items len: 316

Parsing sen 4901
Parsing steps: 8826 steps
Cky conversion steps: 233 steps
Chart START items len: 16
Chart keys len: 37
Chart items len: 66

Parsing sen 4902
Parsing steps: 1453 steps
Cky conversion steps: 815 steps
Chart START items len: 87
Chart keys len: 115
Chart items len: 296

Parsing sen 4904
Parsing steps: 6418 steps
Cky conversion steps: 64893 steps
Chart START items len: 1783
Chart keys len: 1820
Chart items len: 7711

Parsing sen 4905
Parsing steps: 957 steps
Cky conversion steps: 1008 steps
Chart START items len: 118
Chart keys len: 149
Chart items len: 447

Parsing sen 4908
Parsing steps: 8053 steps
Cky conversion steps: 75393 steps
Chart START items len: 2310
Chart keys len: 2362
Chart items len: 9757

Parsing sen 4909
Parsing steps: 44200 steps
Cky conversion steps: 182285 steps
Chart START items len: 9818
Chart keys len: 10273
Chart items len: 37839

Parsing sen 4911
Parsing steps: 47562 steps
Cky conversion steps: 62217 steps
Chart START items len: 6118
Chart keys len: 6471
Chart items len: 22325

Parsing sen 4917
Parsing steps: 7889 steps
Cky conversion steps: 6777 steps
Chart START items len: 868
Chart keys len: 1185
Chart items len: 3452

Parsing sen 4920
Parse did not finish:
- steps: 86633
- queue len: 23787
- attempted len: 20001875

Parsing sen 4927
Parse did not finish:
- steps: 56244
- queue len: 28278
- attempted len: 20000098

Parsing sen 4930
Parsing steps: 14411 steps
Cky conversion steps: 12573 steps
Chart START items len: 542
Chart keys len: 565
Chart items len: 2128

Parsing sen 4932
Parse did not finish:
- steps: 127022
- queue len: 53136
- attempted len: 20000043

Parsing sen 4934
Parsing steps: 5772 steps
Cky conversion steps: 8592 steps
Chart START items len: 791
Chart keys len: 850
Chart items len: 2793

Parsing sen 4935
Parsing steps: 2819 steps
Cky conversion steps: 2330 steps
Chart START items len: 230
Chart keys len: 297
Chart items len: 945

Parsing sen 4938
Parsing steps: 18591 steps
Cky conversion steps: 80178 steps
Chart START items len: 3516
Chart keys len: 3649
Chart items len: 13801

Parsing sen 4940
Parsing steps: 5292 steps
Cky conversion steps: 3670 steps
Chart START items len: 478
Chart keys len: 549
Chart items len: 1741

Parsing sen 4945
Parsing steps: 6125 steps
Cky conversion steps: 982 steps
Chart START items len: 92
Chart keys len: 111
Chart items len: 326

Parsing sen 4947
Parsing steps: 5040 steps
Cky conversion steps: 20713 steps
Chart START items len: 1055
Chart keys len: 1138
Chart items len: 4333

Parsing sen 4948
Parsing steps: 6065 steps
Cky conversion steps: 3078 steps
Chart START items len: 132
Chart keys len: 144
Chart items len: 505

Parsing sen 4949
Parse did not finish:
- steps: 242996
- queue len: 141862
- attempted len: 20000441

Parsing sen 4952
Parse did not finish:
- steps: 55514
- queue len: 26618
- attempted len: 20001429

Parsing sen 4955
Parse did not finish:
- steps: 48107
- queue len: 35352
- attempted len: 20000581

Parsing sen 4956
Parsing steps: 4770 steps
Cky conversion steps: 12336 steps
Chart START items len: 547
Chart keys len: 577
Chart items len: 2109

Parsing sen 4957
Parsing steps: 29615 steps
Cky conversion steps: 386402 steps
Chart START items len: 9459
Chart keys len: 9590
Chart items len: 41505

Parsing sen 4960
Parsing steps: 10376 steps
Cky conversion steps: 113361 steps
Chart START items len: 2986
Chart keys len: 3032
Chart items len: 12902

Parsing sen 4961
Parsing steps: 3113 steps
Cky conversion steps: 1016 steps
Chart START items len: 112
Chart keys len: 191
Chart items len: 426

Parsing sen 4967
Parsing steps: 6294 steps
Cky conversion steps: 5297 steps
Chart START items len: 449
Chart keys len: 787
Chart items len: 1880

Parsing sen 4974
Parsing steps: 9543 steps
Cky conversion steps: 18313 steps
Chart START items len: 1042
Chart keys len: 1254
Chart items len: 3994

Parsing sen 4976
Parsing steps: 36465 steps
Cky conversion steps: 436 steps
Chart START items len: 60
Chart keys len: 76
Chart items len: 194

Parsing sen 4979
Parsing steps: 6815 steps
Cky conversion steps: 3632 steps
Chart START items len: 405
Chart keys len: 565
Chart items len: 1457

Parsing sen 4983
Parse did not finish:
- steps: 97273
- queue len: 100420
- attempted len: 20000068

Parsing sen 4986
Parsing steps: 928 steps
Cky conversion steps: 3801 steps
Chart START items len: 138
Chart keys len: 145
Chart items len: 543

Parsing sen 4987
Parsing steps: 29269 steps
Cky conversion steps: 41959 steps
Chart START items len: 5481
Chart keys len: 7079
Chart items len: 20637

Parsing sen 4992
Parsing steps: 57791 steps
Cky conversion steps: 106777 steps
Chart START items len: 13077
Chart keys len: 19344
Chart items len: 48149

Parsing sen 4994
Parsing steps: 31121 steps
Cky conversion steps: 45878 steps
Chart START items len: 5942
Chart keys len: 7179
Chart items len: 21681

Parsing sen 4997
Parsing steps: 2830 steps
Cky conversion steps: 2449 steps
Chart START items len: 241
Chart keys len: 297
Chart items len: 876

Parsing sen 4999
Parsing steps: 116407 steps
Cky conversion steps: 1778517 steps
Chart START items len: 41417
Chart keys len: 41686
Chart items len: 188104

Parsing sen 5006
Parse did not finish:
- steps: 90553
- queue len: 48065
- attempted len: 20000244

Parsing sen 5008
Parsing steps: 18357 steps
Cky conversion steps: 35546 steps
Chart START items len: 1684
Chart keys len: 2015
Chart items len: 6781

Parsing sen 5012
Parsing steps: 13468 steps
Cky conversion steps: 27703 steps
Chart START items len: 2695
Chart keys len: 2914
Chart items len: 9340

Parsing sen 5016
Parsing steps: 71509 steps
Cky conversion steps: 454327 steps
Chart START items len: 24083
Chart keys len: 24308
Chart items len: 95732

Parsing sen 5021
Parsing steps: 13331 steps
Cky conversion steps: 17157 steps
Chart START items len: 2600
Chart keys len: 3059
Chart items len: 9535

Parsing sen 5023
Parsing steps: 5387 steps
Cky conversion steps: 6243 steps
Chart START items len: 748
Chart keys len: 833
Chart items len: 2789

Parsing sen 5026
Parsing steps: 21368 steps
Cky conversion steps: 118257 steps
Chart START items len: 3912
Chart keys len: 4122
Chart items len: 16132

Parsing sen 5027
Parsing steps: 129797 steps
Cky conversion steps: 1931578 steps
Chart START items len: 45185
Chart keys len: 45602
Chart items len: 200845

Parsing sen 5028
Parsing steps: 1311 steps
Cky conversion steps: 590 steps
Chart START items len: 61
Chart keys len: 77
Chart items len: 219

Parsing sen 5029
Parsing steps: 15377 steps
Cky conversion steps: 1748 steps
Chart START items len: 183
Chart keys len: 258
Chart items len: 650

Parsing sen 5030
Parse did not finish:
- steps: 51615
- queue len: 27850
- attempted len: 20000034

Parsing sen 5031
Parsing steps: 159558 steps
Cky conversion steps: 6780 steps
Chart START items len: 647
Chart keys len: 1126
Chart items len: 2684

Parsing sen 5035
Parse did not finish:
- steps: 113564
- queue len: 243320
- attempted len: 20000742

Parsing sen 5039
Parsing steps: 15888 steps
Cky conversion steps: 5676 steps
Chart START items len: 1064
Chart keys len: 1180
Chart items len: 3360

Parsing sen 5040
Parsing steps: 44488 steps
Cky conversion steps: 252028 steps
Chart START items len: 13529
Chart keys len: 14142
Chart items len: 53345

Parsing sen 5045
Parsing steps: 8598 steps
Cky conversion steps: 15739 steps
Chart START items len: 1118
Chart keys len: 1215
Chart items len: 4174

Parsing sen 5047
Parsing steps: 3510 steps
Cky conversion steps: 32080 steps
Chart START items len: 902
Chart keys len: 921
Chart items len: 3878

Parsing sen 5048
Parsing steps: 27545 steps
Cky conversion steps: 248592 steps
Chart START items len: 8185
Chart keys len: 8293
Chart items len: 34698

Parsing sen 5049
Parsing steps: 2114 steps
Cky conversion steps: 234 steps
Chart START items len: 24
Chart keys len: 46
Chart items len: 89

Parsing sen 5050
Parsing steps: 2899 steps
Cky conversion steps: 1287 steps
Chart START items len: 152
Chart keys len: 196
Chart items len: 527

Parsing sen 5052
Parsing steps: 8844 steps
Cky conversion steps: 1563 steps
Chart START items len: 145
Chart keys len: 204
Chart items len: 540

Parsing sen 5053
Parsing steps: 17575 steps
Cky conversion steps: 45047 steps
Chart START items len: 6205
Chart keys len: 6407
Chart items len: 23193

Parsing sen 5056
Parsing steps: 2828 steps
Cky conversion steps: 1676 steps
Chart START items len: 135
Chart keys len: 248
Chart items len: 564

Parsing sen 5058
Parsing steps: 3220 steps
Cky conversion steps: 616 steps
Chart START items len: 78
Chart keys len: 109
Chart items len: 281

Parsing sen 5059
Parsing steps: 4060 steps
Cky conversion steps: 6158 steps
Chart START items len: 593
Chart keys len: 780
Chart items len: 2492

Parsing sen 5061
Parsing steps: 1780 steps
Cky conversion steps: 19 steps
Chart START items len: 3
Chart keys len: 4
Chart items len: 7

Parsing sen 5062
Parse did not finish:
- steps: 75221
- queue len: 54974
- attempted len: 20002018

Parsing sen 5063
Parsing steps: 37978 steps
Cky conversion steps: 313 steps
Chart START items len: 23
Chart keys len: 57
Chart items len: 118

Parsing sen 5065
Parsing steps: 13046 steps
Cky conversion steps: 16967 steps
Chart START items len: 1590
Chart keys len: 2214
Chart items len: 6682

Parsing sen 5068
Parsing steps: 1264 steps
Cky conversion steps: 1112 steps
Chart START items len: 119
Chart keys len: 139
Chart items len: 416

Parsing sen 5069
Parsing steps: 7703 steps
Cky conversion steps: 19 steps
Chart START items len: 3
Chart keys len: 4
Chart items len: 7

Parsing sen 5071
Parsing steps: 598 steps
Cky conversion steps: 7 steps
Chart START items len: 1
Chart keys len: 2
Chart items len: 2

Parsing sen 5072
Parsing steps: 127463 steps
Cky conversion steps: 1742319 steps
Chart START items len: 38209
Chart keys len: 38476
Chart items len: 173617

Parsing sen 5074
Parsing steps: 4323 steps
Cky conversion steps: 45697 steps
Chart START items len: 1208
Chart keys len: 1230
Chart items len: 5260

Parsing sen 5075
Parsing steps: 10699 steps
Cky conversion steps: 2726 steps
Chart START items len: 247
Chart keys len: 375
Chart items len: 916

Parsing sen 5076
Parsing steps: 2529 steps
Cky conversion steps: 1446 steps
Chart START items len: 160
Chart keys len: 200
Chart items len: 559

Parsing sen 5077
Parsing steps: 8335 steps
Cky conversion steps: 15645 steps
Chart START items len: 1154
Chart keys len: 1363
Chart items len: 4577

Parsing sen 5083
Parsing steps: 80910 steps
Cky conversion steps: 256482 steps
Chart START items len: 27898
Chart keys len: 29187
Chart items len: 107523

Parsing sen 5086
Parsing steps: 5827 steps
Cky conversion steps: 871 steps
Chart START items len: 85
Chart keys len: 106
Chart items len: 306

Parsing sen 5088
Parsing steps: 4380 steps
Cky conversion steps: 2594 steps
Chart START items len: 210
Chart keys len: 270
Chart items len: 748

Parsing sen 5089
Parsing steps: 2209 steps
Cky conversion steps: 562 steps
Chart START items len: 58
Chart keys len: 94
Chart items len: 219

Parsing sen 5091
Parsing steps: 1186 steps
Cky conversion steps: 282 steps
Chart START items len: 32
Chart keys len: 41
Chart items len: 108

Parsing sen 5093
Parsing steps: 4662 steps
Cky conversion steps: 6097 steps
Chart START items len: 305
Chart keys len: 364
Chart items len: 1177

Parsing sen 5095
Parsing steps: 5365 steps
Cky conversion steps: 1696 steps
Chart START items len: 153
Chart keys len: 190
Chart items len: 552

Parsing sen 5100
Parsing steps: 1315 steps
Cky conversion steps: 260 steps
Chart START items len: 43
Chart keys len: 52
Chart items len: 138

Parsing sen 5102
Parsing steps: 617 steps
Cky conversion steps: 868 steps
Chart START items len: 78
Chart keys len: 87
Chart items len: 274

Parsing sen 5104
Parsing steps: 13203 steps
Cky conversion steps: 22932 steps
Chart START items len: 2282
Chart keys len: 2725
Chart items len: 9896

Parsing sen 5109
Parsing steps: 1552 steps
Cky conversion steps: 4857 steps
Chart START items len: 229
Chart keys len: 248
Chart items len: 875

Parsing sen 5110
Parse did not finish:
- steps: 317901
- queue len: 151092
- attempted len: 20000420

Parsing sen 5115
Parsing steps: 21955 steps
Cky conversion steps: 109042 steps
Chart START items len: 4839
Chart keys len: 5012
Chart items len: 19168

Parsing sen 5116
Parsing steps: 559 steps
Cky conversion steps: 1400 steps
Chart START items len: 60
Chart keys len: 65
Chart items len: 226

Parsing sen 5117
Parse did not finish:
- steps: 65574
- queue len: 16306
- attempted len: 20000478

Parsing sen 5119
Parsing steps: 71452 steps
Cky conversion steps: 346896 steps
Chart START items len: 15178
Chart keys len: 15779
Chart items len: 58763

Parsing sen 5120
Parsing steps: 20901 steps
Cky conversion steps: 86731 steps
Chart START items len: 3729
Chart keys len: 3841
Chart items len: 15043

Parsing sen 5122
Parsing steps: 90586 steps
Cky conversion steps: 1034949 steps
Chart START items len: 33186
Chart keys len: 33323
Chart items len: 141393

Parsing sen 5125
Parsing steps: 21943 steps
Cky conversion steps: 36460 steps
Chart START items len: 2154
Chart keys len: 2502
Chart items len: 8899

Parsing sen 5128
Parsing steps: 830 steps
Cky conversion steps: 58 steps
Chart START items len: 7
Chart keys len: 9
Chart items len: 20

Parsing sen 5129
Parsing steps: 74554 steps
Cky conversion steps: 35349 steps
Chart START items len: 2891
Chart keys len: 3962
Chart items len: 10442

Parsing sen 5131
Parsing steps: 3048 steps
Cky conversion steps: 753 steps
Chart START items len: 72
Chart keys len: 110
Chart items len: 254

Parsing sen 5132
Parsing steps: 1616 steps
Cky conversion steps: 6250 steps
Chart START items len: 281
Chart keys len: 299
Chart items len: 1092

Parsing sen 5133
Parsing steps: 4054 steps
Cky conversion steps: 1675 steps
Chart START items len: 238
Chart keys len: 302
Chart items len: 884

Parsing sen 5138
Parsing steps: 430 steps
Cky conversion steps: 268 steps
Chart START items len: 26
Chart keys len: 29
Chart items len: 83

Parsing sen 5139
Parsing steps: 5832 steps
Cky conversion steps: 11284 steps
Chart START items len: 1087
Chart keys len: 1173
Chart items len: 4164

Parsing sen 5141
Parsing steps: 2248 steps
Cky conversion steps: 2626 steps
Chart START items len: 264
Chart keys len: 330
Chart items len: 1007

Parsing sen 5144
Parsing steps: 11561 steps
Cky conversion steps: 3270 steps
Chart START items len: 528
Chart keys len: 668
Chart items len: 1771

Parsing sen 5147
Parsing steps: 64831 steps
Cky conversion steps: 5649 steps
Chart START items len: 311
Chart keys len: 364
Chart items len: 1164

Parsing sen 5149
Parsing steps: 1869 steps
Cky conversion steps: 1871 steps
Chart START items len: 186
Chart keys len: 226
Chart items len: 666

Parsing sen 5150
Parsing steps: 7051 steps
Cky conversion steps: 34183 steps
Chart START items len: 1399
Chart keys len: 1448
Chart items len: 5498

Parsing sen 5151
Parsing steps: 1146 steps
Cky conversion steps: 186 steps
Chart START items len: 22
Chart keys len: 27
Chart items len: 71

Parsing sen 5152
Parsing steps: 8817 steps
Cky conversion steps: 44121 steps
Chart START items len: 2550
Chart keys len: 2716
Chart items len: 9746

Parsing sen 5154
Parsing steps: 1642 steps
Cky conversion steps: 2491 steps
Chart START items len: 162
Chart keys len: 186
Chart items len: 642

Parsing sen 5156
Parsing steps: 1399 steps
Cky conversion steps: 443 steps
Chart START items len: 45
Chart keys len: 52
Chart items len: 149

Parsing sen 5158
Parsing steps: 471 steps
Cky conversion steps: 216 steps
Chart START items len: 28
Chart keys len: 37
Chart items len: 92

Parsing sen 5159
Parsing steps: 25663 steps
Cky conversion steps: 17830 steps
Chart START items len: 2739
Chart keys len: 3547
Chart items len: 9342

Parsing sen 5160
Parsing steps: 14959 steps
Cky conversion steps: 5140 steps
Chart START items len: 624
Chart keys len: 726
Chart items len: 2104

Parsing sen 5162
Parsing steps: 8334 steps
Cky conversion steps: 27839 steps
Chart START items len: 1264
Chart keys len: 1318
Chart items len: 4877

Parsing sen 5164
Parsing steps: 2267 steps
Cky conversion steps: 6692 steps
Chart START items len: 301
Chart keys len: 320
Chart items len: 1152

Parsing sen 5166
Parsing steps: 1230 steps
Cky conversion steps: 84 steps
Chart START items len: 11
Chart keys len: 17
Chart items len: 34

Parsing sen 5167
Parsing steps: 4816 steps
Cky conversion steps: 5944 steps
Chart START items len: 918
Chart keys len: 1025
Chart items len: 3317

Parsing sen 5169
Parsing steps: 3882 steps
Cky conversion steps: 8139 steps
Chart START items len: 430
Chart keys len: 492
Chart items len: 1683

Parsing sen 5170
Parsing steps: 8211 steps
Cky conversion steps: 88199 steps
Chart START items len: 2314
Chart keys len: 2366
Chart items len: 10023

Parsing sen 5171
Parsing steps: 2631 steps
Cky conversion steps: 5789 steps
Chart START items len: 321
Chart keys len: 366
Chart items len: 1199

Parsing sen 5172
Parsing steps: 2440 steps
Cky conversion steps: 1095 steps
Chart START items len: 97
Chart keys len: 169
Chart items len: 424

Parsing sen 5174
Parsing steps: 2567 steps
Cky conversion steps: 1317 steps
Chart START items len: 140
Chart keys len: 179
Chart items len: 482

Parsing sen 5176
Parsing steps: 2679 steps
Cky conversion steps: 9075 steps
Chart START items len: 602
Chart keys len: 648
Chart items len: 2279

Parsing sen 5177
Parsing steps: 600 steps
Cky conversion steps: 1547 steps
Chart START items len: 86
Chart keys len: 92
Chart items len: 317

Parsing sen 5179
Parsing steps: 1182 steps
Cky conversion steps: 494 steps
Chart START items len: 68
Chart keys len: 94
Chart items len: 234

Parsing sen 5181
Parsing steps: 1156 steps
Cky conversion steps: 3616 steps
Chart START items len: 163
Chart keys len: 174
Chart items len: 617

Parsing sen 5183
Parsing steps: 6629 steps
Cky conversion steps: 13235 steps
Chart START items len: 1405
Chart keys len: 1491
Chart items len: 5212

Parsing sen 5185
Parsing steps: 79677 steps
Cky conversion steps: 1436362 steps
Chart START items len: 29057
Chart keys len: 29190
Chart items len: 134376

Parsing sen 5186
Parsing steps: 9791 steps
Cky conversion steps: 51055 steps
Chart START items len: 1935
Chart keys len: 2001
Chart items len: 7936

Parsing sen 5187
Parsing steps: 1708 steps
Cky conversion steps: 2187 steps
Chart START items len: 127
Chart keys len: 140
Chart items len: 471

Parsing sen 5188
Parsing steps: 14686 steps
Cky conversion steps: 25781 steps
Chart START items len: 1546
Chart keys len: 1953
Chart items len: 6257

Parsing sen 5190
Parsing steps: 22512 steps
Cky conversion steps: 21723 steps
Chart START items len: 2414
Chart keys len: 2979
Chart items len: 8391

Parsing sen 5192
Parsing steps: 23712 steps
Cky conversion steps: 89666 steps
Chart START items len: 8852
Chart keys len: 9274
Chart items len: 33653

Parsing sen 5193
Parsing steps: 3409 steps
Cky conversion steps: 4726 steps
Chart START items len: 393
Chart keys len: 457
Chart items len: 1489

Parsing sen 5197
Parsing steps: 2633 steps
Cky conversion steps: 5695 steps
Chart START items len: 280
Chart keys len: 311
Chart items len: 1062

Parsing sen 5198
Parsing steps: 1991 steps
Cky conversion steps: 1145 steps
Chart START items len: 121
Chart keys len: 156
Chart items len: 436

Parsing sen 5199
Parsing steps: 14093 steps
Cky conversion steps: 142773 steps
Chart START items len: 4398
Chart keys len: 4470
Chart items len: 18770

Parsing sen 5201
Parsing steps: 155 steps
Cky conversion steps: 19 steps
Chart START items len: 3
Chart keys len: 4
Chart items len: 7

Parsing sen 5202
Parsing steps: 47023 steps
Cky conversion steps: 617027 steps
Chart START items len: 16603
Chart keys len: 16757
Chart items len: 72427

Parsing sen 5204
Parse did not finish:
- steps: 58506
- queue len: 23429
- attempted len: 20000744

Parsing sen 5207
Parsing steps: 9150 steps
Cky conversion steps: 4640 steps
Chart START items len: 499
Chart keys len: 567
Chart items len: 1826

Parsing sen 5209
Parsing steps: 4578 steps
Cky conversion steps: 14513 steps
Chart START items len: 684
Chart keys len: 790
Chart items len: 2715

Parsing sen 5212
Parsing steps: 1911 steps
Cky conversion steps: 284 steps
Chart START items len: 29
Chart keys len: 49
Chart items len: 107

Parsing sen 5216
Parsing steps: 25463 steps
Cky conversion steps: 193576 steps
Chart START items len: 6612
Chart keys len: 6837
Chart items len: 27243

Parsing sen 5217
Parse did not finish:
- steps: 34521
- queue len: 36831
- attempted len: 20003427

Parsing sen 5218
Parsing steps: 37669 steps
Cky conversion steps: 147666 steps
Chart START items len: 13023
Chart keys len: 13347
Chart items len: 53711

Parsing sen 5219
Parsing steps: 177331 steps
Cky conversion steps: 2853495 steps
Chart START items len: 65172
Chart keys len: 65334
Chart items len: 293896

Parsing sen 5221
Parsing steps: 2861 steps
Cky conversion steps: 16852 steps
Chart START items len: 573
Chart keys len: 597
Chart items len: 2352

Parsing sen 5222
Parse did not finish:
- steps: 57062
- queue len: 48203
- attempted len: 20000155

Parsing sen 5224
Parse did not finish:
- steps: 442658
- queue len: 967139
- attempted len: 20000112

Parsing sen 5227
Parse did not finish:
- steps: 61756
- queue len: 33003
- attempted len: 20000671

Parsing sen 5229
Parsing steps: 7046 steps
Cky conversion steps: 4403 steps
Chart START items len: 454
Chart keys len: 881
Chart items len: 1964

Parsing sen 5231
Parse did not finish:
- steps: 64264
- queue len: 30660
- attempted len: 20000785

Parsing sen 5232
Parsing steps: 786 steps
Cky conversion steps: 944 steps
Chart START items len: 73
Chart keys len: 95
Chart items len: 287

Parsing sen 5234
Parsing steps: 1562 steps
Cky conversion steps: 2273 steps
Chart START items len: 129
Chart keys len: 150
Chart items len: 497

Parsing sen 5236
Parsing steps: 40003 steps
Cky conversion steps: 508837 steps
Chart START items len: 14888
Chart keys len: 14964
Chart items len: 64710

Parsing sen 5238
Parsing steps: 186230 steps
Cky conversion steps: 1522832 steps
Chart START items len: 71307
Chart keys len: 71652
Chart items len: 294125

Parsing sen 5241
Parsing steps: 10959 steps
Cky conversion steps: 117886 steps
Chart START items len: 3446
Chart keys len: 3502
Chart items len: 14745

Parsing sen 5242
Parsing steps: 5144 steps
Cky conversion steps: 920 steps
Chart START items len: 162
Chart keys len: 192
Chart items len: 525

Parsing sen 5243
Parsing steps: 1843 steps
Cky conversion steps: 1116 steps
Chart START items len: 107
Chart keys len: 142
Chart items len: 377

Parsing sen 5244
Parsing steps: 2754 steps
Cky conversion steps: 16856 steps
Chart START items len: 573
Chart keys len: 598
Chart items len: 2353

Parsing sen 5245
Parsing steps: 126397 steps
Cky conversion steps: 1068084 steps
Chart START items len: 43738
Chart keys len: 44083
Chart items len: 182589

Parsing sen 5249
Parsing steps: 6655 steps
Cky conversion steps: 30914 steps
Chart START items len: 1194
Chart keys len: 1257
Chart items len: 4888

Parsing sen 5253
Parsing steps: 50175 steps
Cky conversion steps: 71922 steps
Chart START items len: 9455
Chart keys len: 10381
Chart items len: 34485

Parsing sen 5256
Parsing steps: 4155 steps
Cky conversion steps: 21199 steps
Chart START items len: 993
Chart keys len: 1032
Chart items len: 4123

Parsing sen 5258
Parsing steps: 324 steps
Cky conversion steps: 356 steps
Chart START items len: 26
Chart keys len: 29
Chart items len: 86

Parsing sen 5259
Parsing steps: 5130 steps
Cky conversion steps: 2034 steps
Chart START items len: 238
Chart keys len: 356
Chart items len: 925

Parsing sen 5262
Parsing steps: 1311 steps
Cky conversion steps: 1136 steps
Chart START items len: 72
Chart keys len: 83
Chart items len: 257

Parsing sen 5263
Parsing steps: 2337 steps
Cky conversion steps: 790 steps
Chart START items len: 127
Chart keys len: 151
Chart items len: 408

Parsing sen 5264
Parsing steps: 1020 steps
Cky conversion steps: 1808 steps
Chart START items len: 103
Chart keys len: 125
Chart items len: 432

Parsing sen 5266
Parsing steps: 63704 steps
Cky conversion steps: 10416 steps
Chart START items len: 932
Chart keys len: 1411
Chart items len: 3612

Parsing sen 5267
Parse did not finish:
- steps: 36829
- queue len: 13352
- attempted len: 20001143


Number of parse did not finish: 200
[77, 94, 163, 242, 269, 285, 293, 299, 328, 350, 371, 396, 399, 419, 442, 457, 476, 487, 551, 553, 569, 653, 714, 782, 800, 1051, 1095, 1116, 1210, 1214, 1315, 1317, 1322, 1330, 1411, 1420, 1457, 1460, 1542, 1610, 1620, 1627, 1638, 1724, 1756, 1769, 1775, 1796, 1832, 1839, 1863, 1893, 1923, 2060, 2075, 2093, 2106, 2277, 2279, 2298, 2302, 2310, 2319, 2324, 2333, 2343, 2347, 2351, 2362, 2387, 2432, 2435, 2439, 2468, 2469, 2483, 2495, 2501, 2516, 2554, 2571, 2572, 2590, 2614, 2640, 2644, 2653, 2836, 2848, 2871, 2888, 2932, 2959, 2963, 2988, 2995, 3025, 3053, 3059, 3064, 3066, 3072, 3117, 3125, 3132, 3139, 3140, 3158, 3186, 3214, 3220, 3291, 3319, 3334, 3342, 3366, 3378, 3383, 3400, 3404, 3447, 3455, 3466, 3551, 3570, 3574, 3644, 3675, 3696, 3705, 3714, 3718, 3763, 3766, 3779, 3872, 3894, 3913, 3927, 3932, 3957, 3960, 3979, 3996, 4016, 4023, 4198, 4213, 4219, 4221, 4237, 4264, 4287, 4302, 4338, 4405, 4418, 4438, 4446, 4452, 4459, 4464, 4561, 4571, 4572, 4594, 4627, 4641, 4655, 4661, 4662, 4705, 4724, 4771, 4796, 4802, 4808, 4819, 4823, 4837, 4920, 4927, 4932, 4949, 4952, 4955, 4983, 5006, 5030, 5035, 5062, 5110, 5117, 5204, 5217, 5222, 5224, 5227, 5231, 5267]
Number of cky conversion did not finish: 2
[2885, 4407]
Number of parse finished: 2064

All sentences: 2266
Finished: 0.91
DNF: 0.18

First sentence to process: 0
Last sentence to process: 5267

Execution finish: 2025-02-19 16:37:47.171481
Elapsed time: 429 min 15 sec

