Execution start: 2025-02-19 09:31:25.822533
{
    "in_dir": "dev_preproc",
    "grammar_file": "hrg_300.hrg",
    "out_dir": "dev_300"
}

Script name: parse

Loading grammar from /home/eiklodi/hrg/source/output/grammar/hrg_300.hrg
Last modified: Mon Feb 17 20:36:48 2025

Loaded hypergraph grammar with 300 rules.

Parsing sen 0
Parse did not finish:
- steps: 56633
- queue len: 54540
- attempted len: 20000267

Parsing sen 4
Parse did not finish:
- steps: 114946
- queue len: 434565
- attempted len: 20000119

Parsing sen 6
Parse did not finish:
- steps: 225988
- queue len: 198056
- attempted len: 20000572

Parsing sen 7
Parsing steps: 9754 steps
Cky conversion steps: 32509 steps
Chart START items len: 966
Chart keys len: 1001
Chart items len: 4344

Parsing sen 8
Parse did not finish:
- steps: 172226
- queue len: 33606
- attempted len: 20000560

Parsing sen 11
Parsing steps: 95672 steps
Cky conversion steps: 3435331 steps
Chart START items len: 27988
Chart keys len: 28069
Chart items len: 158450

Parsing sen 12
Parsing steps: 21977 steps
Cky conversion steps: 206034 steps
Chart START items len: 2949
Chart keys len: 3007
Chart items len: 15618

Parsing sen 16
Parsing steps: 10160 steps
Cky conversion steps: 18374 steps
Chart START items len: 1329
Chart keys len: 1392
Chart items len: 6253

Parsing sen 17
Parsing steps: 46377 steps
Cky conversion steps: 1842578 steps
Chart START items len: 15104
Chart keys len: 15141
Chart items len: 95363

Parsing sen 20
Parse did not finish:
- steps: 88135
- queue len: 89477
- attempted len: 20000834

Parsing sen 24
Parse did not finish:
- steps: 78608
- queue len: 128127
- attempted len: 20001301

Parsing sen 33
Parse did not finish:
- steps: 128556
- queue len: 236624
- attempted len: 20000299

Parsing sen 37
Parse did not finish:
- steps: 161183
- queue len: 176730
- attempted len: 20000186

Parsing sen 38
Parsing steps: 1047 steps
Cky conversion steps: 203 steps
Chart START items len: 29
Chart keys len: 35
Chart items len: 87

Parsing sen 40
Parsing steps: 3760 steps
Cky conversion steps: 6269 steps
Chart START items len: 301
Chart keys len: 318
Chart items len: 1551

Parsing sen 41
Parsing steps: 15802 steps
Cky conversion steps: 240173 steps
Chart START items len: 2984
Chart keys len: 3014
Chart items len: 16769

Parsing sen 42
Parsing steps: 61193 steps
Cky conversion steps: 306049 steps
Chart START items len: 9460
Chart keys len: 9842
Chart items len: 45635

Parsing sen 43
Parsing steps: 24123 steps
Cky conversion steps: 32949 steps
Chart START items len: 2706
Chart keys len: 3154
Chart items len: 10893

Parsing sen 45
Parsing steps: 58432 steps
Cky conversion steps: 368307 steps
Chart START items len: 8734
Chart keys len: 8948
Chart items len: 47284

Parsing sen 46
Parse did not finish:
- steps: 333350
- queue len: 106620
- attempted len: 20000188

Parsing sen 48
Parse did not finish:
- steps: 79732
- queue len: 53977
- attempted len: 20000014

Parsing sen 50
Parsing steps: 5538 steps
Cky conversion steps: 9973 steps
Chart START items len: 644
Chart keys len: 687
Chart items len: 2950

Parsing sen 51
Parse did not finish:
- steps: 477191
- queue len: 433248
- attempted len: 20000028

Parsing sen 52
Parsing steps: 29327 steps
Cky conversion steps: 52738 steps
Chart START items len: 2793
Chart keys len: 2898
Chart items len: 11502

Parsing sen 53
Parse did not finish:
- steps: 379608
- queue len: 273063
- attempted len: 20000023

Parsing sen 55
Parse did not finish:
- steps: 204664
- queue len: 193887
- attempted len: 20000085

Parsing sen 57
Parsing steps: 26311 steps
Cky conversion steps: 47181 steps
Chart START items len: 3070
Chart keys len: 3250
Chart items len: 12753

Parsing sen 58
Parsing steps: 18851 steps
Cky conversion steps: 30541 steps
Chart START items len: 2104
Chart keys len: 2184
Chart items len: 9623

Parsing sen 59
Parsing steps: 63574 steps
Cky conversion steps: 183724 steps
Chart START items len: 7591
Chart keys len: 7786
Chart items len: 45100

Parsing sen 62
Parsing steps: 12848 steps
Cky conversion steps: 13768 steps
Chart START items len: 1040
Chart keys len: 1251
Chart items len: 4595

Parsing sen 64
Parse did not finish:
- steps: 75530
- queue len: 88596
- attempted len: 20000436

Parsing sen 67
Parse did not finish:
- steps: 122107
- queue len: 164724
- attempted len: 20000787

Parsing sen 69
Parse did not finish:
- steps: 82426
- queue len: 80490
- attempted len: 20000180

Parsing sen 71
Parsing steps: 7949 steps
Cky conversion steps: 25683 steps
Chart START items len: 862
Chart keys len: 907
Chart items len: 4186

Parsing sen 72
Parse did not finish:
- steps: 145479
- queue len: 294080
- attempted len: 20000510

Parsing sen 77
Parse did not finish:
- steps: 104958
- queue len: 195411
- attempted len: 20000268

Parsing sen 81
Parse did not finish:
- steps: 268152
- queue len: 178819
- attempted len: 20000021

Parsing sen 84
Parse did not finish:
- steps: 315250
- queue len: 253903
- attempted len: 20000016

Parsing sen 86
Parse did not finish:
- steps: 127985
- queue len: 118129
- attempted len: 20000309

Parsing sen 87
Parsing steps: 195276 steps
Cky conversion steps: 5934162 steps
Chart START items len: 53913
Chart keys len: 54027
Chart items len: 440689

Parsing sen 90
Parse did not finish:
- steps: 846382
- queue len: 767801
- attempted len: 20000026

Parsing sen 91
Parse did not finish:
- steps: 175495
- queue len: 171142
- attempted len: 20000013

Parsing sen 94
Parse did not finish:
- steps: 115199
- queue len: 90691
- attempted len: 20000963

Parsing sen 95
Parsing steps: 58074 steps
Cky conversion steps: 92871 steps
Chart START items len: 6072
Chart keys len: 6403
Chart items len: 25273

Parsing sen 98
Parsing steps: 1945 steps
Cky conversion steps: 1245 steps
Chart START items len: 100
Chart keys len: 112
Chart items len: 354

Parsing sen 99
Parsing steps: 38376 steps
Cky conversion steps: 142971 steps
Chart START items len: 5309
Chart keys len: 5660
Chart items len: 25935

Parsing sen 100
Parsing steps: 3961 steps
Cky conversion steps: 2994 steps
Chart START items len: 231
Chart keys len: 247
Chart items len: 943

Parsing sen 101
Parsing steps: 15720 steps
Cky conversion steps: 10124 steps
Chart START items len: 845
Chart keys len: 1253
Chart items len: 3811

Parsing sen 104
Parsing steps: 120181 steps
Cky conversion steps: 83218 steps
Chart START items len: 7483
Chart keys len: 9061
Chart items len: 36285

Parsing sen 105
Parsing steps: 27485 steps
Cky conversion steps: 369796 steps
Chart START items len: 6392
Chart keys len: 6462
Chart items len: 33243

Parsing sen 107
Parse did not finish:
- steps: 205134
- queue len: 418420
- attempted len: 20000209

Parsing sen 110
Parsing steps: 61272 steps
Cky conversion steps: 53864 steps
Chart START items len: 3431
Chart keys len: 3583
Chart items len: 15028

Parsing sen 112
Parsing steps: 7494 steps
Cky conversion steps: 14006 steps
Chart START items len: 1066
Chart keys len: 1143
Chart items len: 4610

Parsing sen 114
Parsing steps: 9032 steps
Cky conversion steps: 8631 steps
Chart START items len: 627
Chart keys len: 677
Chart items len: 2402

Parsing sen 115
Parsing steps: 918 steps
Cky conversion steps: 530 steps
Chart START items len: 53
Chart keys len: 56
Chart items len: 194

Parsing sen 117
Parsing steps: 1566 steps
Cky conversion steps: 3604 steps
Chart START items len: 177
Chart keys len: 187
Chart items len: 760

Parsing sen 118
Parsing steps: 182115 steps
Cky conversion steps: 5778676 steps
Chart START items len: 54513
Chart keys len: 54622
Chart items len: 303193

Parsing sen 120
Parsing steps: 88136 steps
Cky conversion steps: 627937 steps
Chart START items len: 43751
Chart keys len: 43979
Chart items len: 210960

Parsing sen 123
Parse did not finish:
- steps: 171379
- queue len: 136930
- attempted len: 20000085

Parsing sen 124
Parsing steps: 13717 steps
Cky conversion steps: 69825 steps
Chart START items len: 2261
Chart keys len: 2329
Chart items len: 11561

Parsing sen 127
Parse did not finish:
- steps: 69945
- queue len: 49011
- attempted len: 20000474

Parsing sen 128
Parse did not finish:
- steps: 367143
- queue len: 197382
- attempted len: 20000302

Parsing sen 130
Parsing steps: 4013 steps
Cky conversion steps: 5274 steps
Chart START items len: 317
Chart keys len: 340
Chart items len: 1301

Parsing sen 131
Parse did not finish:
- steps: 183500
- queue len: 78789
- attempted len: 20000265

Parsing sen 133
Parsing steps: 4355 steps
Cky conversion steps: 3362 steps
Chart START items len: 262
Chart keys len: 301
Chart items len: 1008

Parsing sen 134
Parsing steps: 3630 steps
Cky conversion steps: 134 steps
Chart START items len: 21
Chart keys len: 25
Chart items len: 61

Parsing sen 135
Parsing steps: 31302 steps
Cky conversion steps: 62249 steps
Chart START items len: 3920
Chart keys len: 4040
Chart items len: 17326

Parsing sen 137
Parsing steps: 40488 steps
Cky conversion steps: 231332 steps
Chart START items len: 6604
Chart keys len: 6823
Chart items len: 36896

Parsing sen 141
Parsing steps: 6880 steps
Cky conversion steps: 10365 steps
Chart START items len: 725
Chart keys len: 768
Chart items len: 3174

Parsing sen 143
Parsing steps: 1213 steps
Cky conversion steps: 903 steps
Chart START items len: 86
Chart keys len: 96
Chart items len: 310

Parsing sen 145
Parsing steps: 13446 steps
Cky conversion steps: 14894 steps
Chart START items len: 410
Chart keys len: 441
Chart items len: 1678

Parsing sen 146
Parsing steps: 11883 steps
Cky conversion steps: 5924 steps
Chart START items len: 569
Chart keys len: 606
Chart items len: 2374

Parsing sen 147
Parsing steps: 104135 steps
Cky conversion steps: 244198 steps
Chart START items len: 12696
Chart keys len: 12882
Chart items len: 79963

Parsing sen 148
Parsing steps: 13012 steps
Cky conversion steps: 28162 steps
Chart START items len: 1905
Chart keys len: 2002
Chart items len: 8698

Parsing sen 149
Parsing steps: 24641 steps
Cky conversion steps: 60945 steps
Chart START items len: 3939
Chart keys len: 4031
Chart items len: 19387

Parsing sen 151
Parse did not finish:
- steps: 94702
- queue len: 168927
- attempted len: 20001037

Parsing sen 153
Parsing steps: 2075 steps
Cky conversion steps: 3046 steps
Chart START items len: 222
Chart keys len: 236
Chart items len: 952

Parsing sen 155
Parsing steps: 1697 steps
Cky conversion steps: 1670 steps
Chart START items len: 142
Chart keys len: 154
Chart items len: 555

Parsing sen 157
Parsing steps: 2911 steps
Cky conversion steps: 3574 steps
Chart START items len: 285
Chart keys len: 308
Chart items len: 1137

Parsing sen 159
Parse did not finish:
- steps: 78479
- queue len: 87965
- attempted len: 20000870

Parsing sen 161
Parsing steps: 89663 steps
Cky conversion steps: 1716644 steps
Chart START items len: 25237
Chart keys len: 25401
Chart items len: 148051

Parsing sen 163
Parse did not finish:
- steps: 122295
- queue len: 653581
- attempted len: 20000377

Parsing sen 166
Parsing steps: 31221 steps
Cky conversion steps: 470913 steps
Chart START items len: 7735
Chart keys len: 7793
Chart items len: 42367

Parsing sen 167
Parse did not finish:
- steps: 126517
- queue len: 75219
- attempted len: 20000321

Parsing sen 170
Parse did not finish:
- steps: 87173
- queue len: 70382
- attempted len: 20000542

Parsing sen 174
Parsing steps: 23816 steps
Cky conversion steps: 16428 steps
Chart START items len: 2014
Chart keys len: 2114
Chart items len: 7772

Parsing sen 176
Parsing steps: 4884 steps
Cky conversion steps: 2571 steps
Chart START items len: 281
Chart keys len: 328
Chart items len: 1086

Parsing sen 177
Parse did not finish:
- steps: 136624
- queue len: 110202
- attempted len: 20000125

Parsing sen 180
Parsing steps: 1985 steps
Cky conversion steps: 6614 steps
Chart START items len: 207
Chart keys len: 216
Chart items len: 894

Parsing sen 181
Parsing steps: 13964 steps
Cky conversion steps: 46982 steps
Chart START items len: 1606
Chart keys len: 1716
Chart items len: 6865

Parsing sen 183
Parse did not finish:
- steps: 60338
- queue len: 45413
- attempted len: 20000238

Parsing sen 186
Parse did not finish:
- steps: 78705
- queue len: 67957
- attempted len: 20000607

Parsing sen 189
Parsing steps: 4926 steps
Cky conversion steps: 25583 steps
Chart START items len: 691
Chart keys len: 713
Chart items len: 3245

Parsing sen 190
Parsing steps: 27798 steps
Cky conversion steps: 38619 steps
Chart START items len: 3189
Chart keys len: 3412
Chart items len: 13005

Parsing sen 191
Parsing steps: 272796 steps
Cky conversion steps: 1479688 steps
Chart START items len: 46164
Chart keys len: 46504
Chart items len: 319371

Parsing sen 193
Parsing steps: 37651 steps
Cky conversion steps: 251452 steps
Chart START items len: 7218
Chart keys len: 7394
Chart items len: 36558

Parsing sen 196
Parsing steps: 7155 steps
Cky conversion steps: 1975 steps
Chart START items len: 212
Chart keys len: 309
Chart items len: 870

Parsing sen 198
Parsing steps: 4028 steps
Cky conversion steps: 24051 steps
Chart START items len: 559
Chart keys len: 575
Chart items len: 3063

Parsing sen 199
Parse did not finish:
- steps: 756519
- queue len: 166097
- attempted len: 20000073

Parsing sen 202
Parsing steps: 54618 steps
Cky conversion steps: 31242 steps
Chart START items len: 2540
Chart keys len: 2766
Chart items len: 10726

Parsing sen 204
Parsing steps: 2591 steps
Cky conversion steps: 293 steps
Chart START items len: 37
Chart keys len: 44
Chart items len: 117

Parsing sen 205
Parse did not finish:
- steps: 57986
- queue len: 44818
- attempted len: 20001068

Parsing sen 208
Parsing steps: 9792 steps
Cky conversion steps: 7243 steps
Chart START items len: 951
Chart keys len: 1001
Chart items len: 3277

Parsing sen 209
Parse did not finish:
- steps: 231762
- queue len: 274622
- attempted len: 20000073

Parsing sen 210
Parse did not finish:
- steps: 61261
- queue len: 22227
- attempted len: 20000038

Parsing sen 213
Parsing steps: 2087 steps
Cky conversion steps: 648 steps
Chart START items len: 72
Chart keys len: 82
Chart items len: 241

Parsing sen 214
Parse did not finish:
- steps: 96864
- queue len: 284050
- attempted len: 20000417

Parsing sen 220
Parse did not finish:
- steps: 81058
- queue len: 125878
- attempted len: 20000358

Parsing sen 223
Parsing steps: 508307 steps
Cky conversion did not finish:
- steps: 12057740

Parsing sen 227
Parse did not finish:
- steps: 89779
- queue len: 331183
- attempted len: 20000378

Parsing sen 233
Parse did not finish:
- steps: 862644
- queue len: 429354
- attempted len: 20000016

Parsing sen 238
Parse did not finish:
- steps: 66590
- queue len: 81967
- attempted len: 20001190

Parsing sen 240
Parse did not finish:
- steps: 67531
- queue len: 47017
- attempted len: 20000472

Parsing sen 241
Parsing steps: 121387 steps
Cky conversion steps: 833542 steps
Chart START items len: 18910
Chart keys len: 19213
Chart items len: 89883

Parsing sen 242
Parse did not finish:
- steps: 85695
- queue len: 270832
- attempted len: 20000230

Parsing sen 245
Parsing steps: 85320 steps
Cky conversion steps: 899 steps
Chart START items len: 101
Chart keys len: 111
Chart items len: 355

Parsing sen 249
Parse did not finish:
- steps: 182851
- queue len: 755736
- attempted len: 20000250

Parsing sen 250
Parse did not finish:
- steps: 457674
- queue len: 95764
- attempted len: 20000018

Parsing sen 254
Parsing steps: 29091 steps
Cky conversion steps: 33171 steps
Chart START items len: 2993
Chart keys len: 3141
Chart items len: 12207

Parsing sen 256
Parsing steps: 121069 steps
Cky conversion steps: 609720 steps
Chart START items len: 21456
Chart keys len: 22378
Chart items len: 103337

Parsing sen 261
Parse did not finish:
- steps: 83142
- queue len: 110322
- attempted len: 20000581

Parsing sen 267
Parsing steps: 4069 steps
Cky conversion steps: 5594 steps
Chart START items len: 433
Chart keys len: 470
Chart items len: 1770

Parsing sen 269
Parse did not finish:
- steps: 85487
- queue len: 193764
- attempted len: 20000062

Parsing sen 274
Parsing steps: 24476 steps
Cky conversion steps: 128252 steps
Chart START items len: 3647
Chart keys len: 3723
Chart items len: 17434

Parsing sen 275
Parse did not finish:
- steps: 96259
- queue len: 325516
- attempted len: 20000126

Parsing sen 277
Parsing steps: 84416 steps
Cky conversion steps: 6810 steps
Chart START items len: 796
Chart keys len: 1063
Chart items len: 3307

Parsing sen 278
Parsing steps: 88699 steps
Cky conversion steps: 1085189 steps
Chart START items len: 18460
Chart keys len: 18678
Chart items len: 105332

Parsing sen 279
Parsing steps: 59387 steps
Cky conversion steps: 156540 steps
Chart START items len: 9409
Chart keys len: 10017
Chart items len: 49654

Parsing sen 280
Parsing steps: 3228 steps
Cky conversion steps: 4830 steps
Chart START items len: 374
Chart keys len: 391
Chart items len: 1530

Parsing sen 282
Parsing steps: 2937 steps
Cky conversion steps: 7920 steps
Chart START items len: 329
Chart keys len: 345
Chart items len: 1353

Parsing sen 283
Parsing steps: 1687 steps
Cky conversion steps: 6618 steps
Chart START items len: 156
Chart keys len: 159
Chart items len: 651

Parsing sen 284
Parsing steps: 10801 steps
Cky conversion steps: 16032 steps
Chart START items len: 1006
Chart keys len: 1055
Chart items len: 5086

Parsing sen 285
Parse did not finish:
- steps: 108090
- queue len: 156818
- attempted len: 20000567

Parsing sen 289
Parse did not finish:
- steps: 60825
- queue len: 81954
- attempted len: 20001648

Parsing sen 293
Parse did not finish:
- steps: 103856
- queue len: 113733
- attempted len: 20000571

Parsing sen 295
Parsing steps: 11506 steps
Cky conversion steps: 16229 steps
Chart START items len: 977
Chart keys len: 1021
Chart items len: 4534

Parsing sen 297
Parse did not finish:
- steps: 91772
- queue len: 37006
- attempted len: 20000030

Parsing sen 299
Parse did not finish:
- steps: 128898
- queue len: 247131
- attempted len: 20000101

Parsing sen 306
Parsing steps: 28784 steps
Cky conversion steps: 677600 steps
Chart START items len: 7872
Chart keys len: 7919
Chart items len: 46250

Parsing sen 308
Parse did not finish:
- steps: 106097
- queue len: 63916
- attempted len: 20000317

Parsing sen 311
Parsing steps: 172117 steps
Cky conversion steps: 36004 steps
Chart START items len: 3571
Chart keys len: 4129
Chart items len: 13864

Parsing sen 313
Parsing steps: 356796 steps
Cky conversion steps: 811699 steps
Chart START items len: 58095
Chart keys len: 58310
Chart items len: 250700

Parsing sen 315
Parse did not finish:
- steps: 62602
- queue len: 121230
- attempted len: 20000816

Parsing sen 318
Parsing steps: 6303 steps
Cky conversion steps: 5986 steps
Chart START items len: 409
Chart keys len: 430
Chart items len: 1836

Parsing sen 319
Parse did not finish:
- steps: 67125
- queue len: 160092
- attempted len: 20001054

Parsing sen 321
Parse did not finish:
- steps: 77749
- queue len: 56751
- attempted len: 20000693

Parsing sen 323
Parse did not finish:
- steps: 93785
- queue len: 76113
- attempted len: 20000428

Parsing sen 325
Parsing steps: 19259 steps
Cky conversion steps: 37327 steps
Chart START items len: 2150
Chart keys len: 2285
Chart items len: 10931

Parsing sen 327
Parsing steps: 293815 steps
Cky conversion steps: 4745922 steps
Chart START items len: 70073
Chart keys len: 70233
Chart items len: 416480

Parsing sen 328
Parse did not finish:
- steps: 79120
- queue len: 57679
- attempted len: 20001634

Parsing sen 329
Parse did not finish:
- steps: 102379
- queue len: 70392
- attempted len: 20000432

Parsing sen 333
Parse did not finish:
- steps: 88373
- queue len: 458367
- attempted len: 20000293

Parsing sen 335
Parsing steps: 39999 steps
Cky conversion steps: 23965 steps
Chart START items len: 2768
Chart keys len: 3378
Chart items len: 11762

Parsing sen 336
Parse did not finish:
- steps: 145629
- queue len: 268017
- attempted len: 20000114

Parsing sen 338
Parsing steps: 16968 steps
Cky conversion steps: 325448 steps
Chart START items len: 4794
Chart keys len: 4827
Chart items len: 30143

Parsing sen 340
Parse did not finish:
- steps: 150754
- queue len: 799236
- attempted len: 20000450

Parsing sen 344
Parsing steps: 10758 steps
Cky conversion steps: 7585 steps
Chart START items len: 1000
Chart keys len: 1089
Chart items len: 3886

Parsing sen 345
Parsing steps: 62961 steps
Cky conversion steps: 1108303 steps
Chart START items len: 17302
Chart keys len: 17444
Chart items len: 108742

Parsing sen 348
Parse did not finish:
- steps: 181363
- queue len: 710099
- attempted len: 20000237

Parsing sen 350
Parse did not finish:
- steps: 100708
- queue len: 834796
- attempted len: 20000095

Parsing sen 351
Parsing steps: 3823 steps
Cky conversion steps: 35221 steps
Chart START items len: 543
Chart keys len: 553
Chart items len: 2677

Parsing sen 352
Parsing steps: 44738 steps
Cky conversion steps: 234096 steps
Chart START items len: 15332
Chart keys len: 16005
Chart items len: 93835

Parsing sen 356
Parsing steps: 19398 steps
Cky conversion steps: 29548 steps
Chart START items len: 1715
Chart keys len: 1914
Chart items len: 8804

Parsing sen 357
Parse did not finish:
- steps: 79939
- queue len: 29049
- attempted len: 20000213

Parsing sen 361
Parse did not finish:
- steps: 130938
- queue len: 134895
- attempted len: 20000595

Parsing sen 364
Parsing steps: 177708 steps
Cky conversion steps: 3750459 steps
Chart START items len: 45469
Chart keys len: 45635
Chart items len: 251593

Parsing sen 366
Parsing steps: 2807 steps
Cky conversion steps: 5167 steps
Chart START items len: 573
Chart keys len: 611
Chart items len: 2303

Parsing sen 368
Parse did not finish:
- steps: 57950
- queue len: 89228
- attempted len: 20000934

Parsing sen 371
Parse did not finish:
- steps: 253544
- queue len: 1263456
- attempted len: 20000189

Parsing sen 373
Parse did not finish:
- steps: 78149
- queue len: 225258
- attempted len: 20001137

Parsing sen 376
Parse did not finish:
- steps: 88629
- queue len: 88205
- attempted len: 20000069

Parsing sen 379
Parsing steps: 70369 steps
Cky conversion steps: 49209 steps
Chart START items len: 5422
Chart keys len: 6335
Chart items len: 21392

Parsing sen 380
Parse did not finish:
- steps: 76202
- queue len: 37608
- attempted len: 20000111

Parsing sen 383
Parsing steps: 141762 steps
Cky conversion steps: 128800 steps
Chart START items len: 15412
Chart keys len: 16101
Chart items len: 58237

Parsing sen 386
Parse did not finish:
- steps: 69546
- queue len: 25683
- attempted len: 20000367

Parsing sen 387
Parsing steps: 12936 steps
Cky conversion steps: 5484 steps
Chart START items len: 479
Chart keys len: 624
Chart items len: 2378

Parsing sen 388
Parsing steps: 1231 steps
Cky conversion steps: 157 steps
Chart START items len: 23
Chart keys len: 31
Chart items len: 78

Parsing sen 390
Parse did not finish:
- steps: 327979
- queue len: 154270
- attempted len: 20000014

Parsing sen 394
Parsing steps: 33344 steps
Cky conversion steps: 606236 steps
Chart START items len: 9074
Chart keys len: 9119
Chart items len: 53008

Parsing sen 396
Parse did not finish:
- steps: 182331
- queue len: 1480838
- attempted len: 20000382

Parsing sen 399
Parse did not finish:
- steps: 97761
- queue len: 383854
- attempted len: 20000595

Parsing sen 402
Parse did not finish:
- steps: 140290
- queue len: 868912
- attempted len: 20000560

Parsing sen 405
Parsing steps: 108286 steps
Cky conversion steps: 163536 steps
Chart START items len: 10036
Chart keys len: 10096
Chart items len: 44146

Parsing sen 406
Parsing steps: 42144 steps
Cky conversion steps: 162847 steps
Chart START items len: 8647
Chart keys len: 8770
Chart items len: 43170

Parsing sen 408
Parsing steps: 159757 steps
Cky conversion steps: 1482434 steps
Chart START items len: 34623
Chart keys len: 35167
Chart items len: 215098

Parsing sen 412
Parse did not finish:
- steps: 148856
- queue len: 240446
- attempted len: 20000572

Parsing sen 414
Parsing steps: 477109 steps
Cky conversion steps: 4939289 steps
Chart START items len: 296277
Chart keys len: 296666
Chart items len: 1535971

Parsing sen 416
Parse did not finish:
- steps: 400636
- queue len: 581822
- attempted len: 20000033

Parsing sen 419
Parse did not finish:
- steps: 190844
- queue len: 1486960
- attempted len: 20000005

Parsing sen 424
Parsing steps: 11195 steps
Cky conversion steps: 13845 steps
Chart START items len: 721
Chart keys len: 743
Chart items len: 3556

Parsing sen 425
Parse did not finish:
- steps: 489913
- queue len: 1042523
- attempted len: 20000059

Parsing sen 429
Parse did not finish:
- steps: 373180
- queue len: 305084
- attempted len: 20000084

Parsing sen 436
Parse did not finish:
- steps: 85383
- queue len: 111194
- attempted len: 20000554

Parsing sen 440
Parsing steps: 35902 steps
Cky conversion steps: 422886 steps
Chart START items len: 7602
Chart keys len: 7694
Chart items len: 43181

Parsing sen 441
Parsing steps: 176821 steps
Cky conversion steps: 96 steps
Chart START items len: 8
Chart keys len: 16
Chart items len: 28

Parsing sen 442
Parse did not finish:
- steps: 94023
- queue len: 180259
- attempted len: 20000263

Parsing sen 446
Parsing steps: 6471 steps
Cky conversion steps: 411 steps
Chart START items len: 33
Chart keys len: 37
Chart items len: 110

Parsing sen 448
Parse did not finish:
- steps: 89328
- queue len: 54873
- attempted len: 20000292

Parsing sen 452
Parse did not finish:
- steps: 119064
- queue len: 87869
- attempted len: 20000088

Parsing sen 453
Parse did not finish:
- steps: 164515
- queue len: 434633
- attempted len: 20000116

Parsing sen 454
Parsing steps: 38751 steps
Cky conversion steps: 319846 steps
Chart START items len: 7421
Chart keys len: 7744
Chart items len: 45095

Parsing sen 457
Parse did not finish:
- steps: 67935
- queue len: 70195
- attempted len: 20000109

Parsing sen 460
Parsing steps: 1065424 steps
Cky conversion did not finish:
- steps: 9444246

Parsing sen 463
Parse did not finish:
- steps: 66104
- queue len: 117362
- attempted len: 20000208

Parsing sen 465
Parsing steps: 266136 steps
Cky conversion steps: 99017 steps
Chart START items len: 6555
Chart keys len: 6613
Chart items len: 25246

Parsing sen 466
Parsing steps: 22981 steps
Cky conversion steps: 270878 steps
Chart START items len: 4775
Chart keys len: 4845
Chart items len: 26795

Parsing sen 469
Parsing steps: 109439 steps
Cky conversion steps: 18374 steps
Chart START items len: 1798
Chart keys len: 1918
Chart items len: 7633

Parsing sen 471
Parsing steps: 63089 steps
Cky conversion steps: 119142 steps
Chart START items len: 4039
Chart keys len: 4517
Chart items len: 15635

Parsing sen 472
Parse did not finish:
- steps: 120308
- queue len: 495502
- attempted len: 20000012

Parsing sen 474
Parsing steps: 21943 steps
Cky conversion steps: 247819 steps
Chart START items len: 2302
Chart keys len: 2331
Chart items len: 12354

Parsing sen 476
Parse did not finish:
- steps: 80419
- queue len: 113160
- attempted len: 20000251

Parsing sen 479
Parse did not finish:
- steps: 82003
- queue len: 150612
- attempted len: 20000076

Parsing sen 483
Parsing steps: 45559 steps
Cky conversion steps: 564691 steps
Chart START items len: 12044
Chart keys len: 12141
Chart items len: 76315

Parsing sen 485
Parse did not finish:
- steps: 90337
- queue len: 180585
- attempted len: 20000665

Parsing sen 487
Parse did not finish:
- steps: 139290
- queue len: 219530
- attempted len: 20000297

Parsing sen 488
Parse did not finish:
- steps: 65184
- queue len: 53902
- attempted len: 20000232

Parsing sen 490
Parse did not finish:
- steps: 99665
- queue len: 321218
- attempted len: 20000768

Parsing sen 495
Parse did not finish:
- steps: 484274
- queue len: 89548
- attempted len: 20000172

Parsing sen 497
Parsing steps: 422629 steps
Cky conversion steps: 5791015 steps
Chart START items len: 101496
Chart keys len: 101740
Chart items len: 555184

Parsing sen 498
Parsing steps: 33030 steps
Cky conversion steps: 464341 steps
Chart START items len: 8433
Chart keys len: 8498
Chart items len: 53649

Parsing sen 500
Parsing steps: 9527 steps
Cky conversion steps: 90466 steps
Chart START items len: 1710
Chart keys len: 1739
Chart items len: 10323

Parsing sen 501
Parsing steps: 3572 steps
Cky conversion steps: 15343 steps
Chart START items len: 309
Chart keys len: 319
Chart items len: 1317

Parsing sen 502
Parse did not finish:
- steps: 325000
- queue len: 165687
- attempted len: 20000076

Parsing sen 503
Parsing steps: 17990 steps
Cky conversion steps: 89154 steps
Chart START items len: 2302
Chart keys len: 2379
Chart items len: 11406

Parsing sen 504
Parsing steps: 62074 steps
Cky conversion steps: 436405 steps
Chart START items len: 9429
Chart keys len: 9685
Chart items len: 44123

Parsing sen 505
Parsing steps: 51350 steps
Cky conversion steps: 548095 steps
Chart START items len: 9202
Chart keys len: 9280
Chart items len: 54616

Parsing sen 506
Parsing steps: 412080 steps
Cky conversion steps: 7602214 steps
Chart START items len: 129030
Chart keys len: 129263
Chart items len: 768083

Parsing sen 508
Parse did not finish:
- steps: 227865
- queue len: 38510
- attempted len: 20000264

Parsing sen 510
Parsing steps: 18497 steps
Cky conversion steps: 57849 steps
Chart START items len: 2225
Chart keys len: 2301
Chart items len: 14937

Parsing sen 511
Parse did not finish:
- steps: 106833
- queue len: 154551
- attempted len: 20000208

Parsing sen 512
Parse did not finish:
- steps: 96329
- queue len: 85665
- attempted len: 20000060

Parsing sen 516
Parse did not finish:
- steps: 68922
- queue len: 37576
- attempted len: 20000908

Parsing sen 520
Parse did not finish:
- steps: 197740
- queue len: 1421603
- attempted len: 20000018

Parsing sen 524
Parse did not finish:
- steps: 80064
- queue len: 139841
- attempted len: 20000629

Parsing sen 533
Parsing steps: 4496 steps
Cky conversion steps: 18890 steps
Chart START items len: 638
Chart keys len: 661
Chart items len: 3322

Parsing sen 535
Parse did not finish:
- steps: 145113
- queue len: 78272
- attempted len: 20000311

Parsing sen 538
Parse did not finish:
- steps: 81427
- queue len: 78065
- attempted len: 20000165

Parsing sen 545
Parsing steps: 13937 steps
Cky conversion steps: 35273 steps
Chart START items len: 1771
Chart keys len: 1831
Chart items len: 10248

Parsing sen 547
Parsing steps: 5105 steps
Cky conversion steps: 3234 steps
Chart START items len: 388
Chart keys len: 453
Chart items len: 1463

Parsing sen 549
Parse did not finish:
- steps: 396560
- queue len: 239751
- attempted len: 20000243

Parsing sen 551
Parse did not finish:
- steps: 178590
- queue len: 165870
- attempted len: 20000121

Parsing sen 553
Parse did not finish:
- steps: 71343
- queue len: 114589
- attempted len: 20000218

Parsing sen 558
Parse did not finish:
- steps: 141334
- queue len: 56811
- attempted len: 20000027

Parsing sen 560
Parsing steps: 23855 steps
Cky conversion steps: 1541 steps
Chart START items len: 281
Chart keys len: 331
Chart items len: 922

Parsing sen 561
Parse did not finish:
- steps: 471036
- queue len: 1038970
- attempted len: 20000023

Parsing sen 563
Parsing steps: 303311 steps
Cky conversion steps: 10723032 steps
Chart START items len: 91110
Chart keys len: 91228
Chart items len: 543145

Parsing sen 566
Parse did not finish:
- steps: 115536
- queue len: 6762
- attempted len: 20000488

Parsing sen 569
Parse did not finish:
- steps: 64833
- queue len: 135192
- attempted len: 20000116

Parsing sen 574
Parsing steps: 24755 steps
Cky conversion steps: 292254 steps
Chart START items len: 5404
Chart keys len: 5465
Chart items len: 35627

Parsing sen 576
Parsing steps: 144134 steps
Cky conversion steps: 1123159 steps
Chart START items len: 22735
Chart keys len: 22997
Chart items len: 99964

Parsing sen 578
Parse did not finish:
- steps: 392812
- queue len: 975200
- attempted len: 20000192

Parsing sen 579
Parsing steps: 323073 steps
Cky conversion steps: 3877759 steps
Chart START items len: 89524
Chart keys len: 89882
Chart items len: 511339

Parsing sen 583
Parsing steps: 135170 steps
Cky conversion steps: 851381 steps
Chart START items len: 33438
Chart keys len: 33610
Chart items len: 209683

Parsing sen 586
Parsing steps: 3343 steps
Cky conversion steps: 46252 steps
Chart START items len: 566
Chart keys len: 571
Chart items len: 2622

Parsing sen 587
Parsing steps: 27600 steps
Cky conversion steps: 47007 steps
Chart START items len: 3182
Chart keys len: 3426
Chart items len: 13084

Parsing sen 589
Parsing steps: 145228 steps
Cky conversion steps: 3997075 steps
Chart START items len: 48676
Chart keys len: 48831
Chart items len: 328019

Parsing sen 592
Parse did not finish:
- steps: 95578
- queue len: 346422
- attempted len: 20000716

Parsing sen 595
Parsing steps: 126252 steps
Cky conversion steps: 3435264 steps
Chart START items len: 38389
Chart keys len: 38555
Chart items len: 235507

Parsing sen 598
Parsing steps: 3779 steps
Cky conversion steps: 2052 steps
Chart START items len: 193
Chart keys len: 224
Chart items len: 914

Parsing sen 599
Parsing steps: 14366 steps
Cky conversion steps: 38493 steps
Chart START items len: 1592
Chart keys len: 1712
Chart items len: 7535

Parsing sen 600
Parsing steps: 23857 steps
Cky conversion steps: 24219 steps
Chart START items len: 1049
Chart keys len: 1142
Chart items len: 4176

Parsing sen 601
Parsing steps: 24217 steps
Cky conversion steps: 31865 steps
Chart START items len: 2249
Chart keys len: 2373
Chart items len: 10701

Parsing sen 603
Parsing steps: 205108 steps
Cky conversion steps: 587022 steps
Chart START items len: 36689
Chart keys len: 37090
Chart items len: 177224

Parsing sen 604
Parsing steps: 2076 steps
Cky conversion steps: 217 steps
Chart START items len: 30
Chart keys len: 46
Chart items len: 99

Parsing sen 605
Parsing steps: 848 steps
Cky conversion steps: 106 steps
Chart START items len: 15
Chart keys len: 27
Chart items len: 43

Parsing sen 606
Parsing steps: 4083 steps
Cky conversion steps: 1269 steps
Chart START items len: 144
Chart keys len: 172
Chart items len: 553

Parsing sen 607
Parse did not finish:
- steps: 213913
- queue len: 64798
- attempted len: 20000826

Parsing sen 612
Parsing steps: 33203 steps
Cky conversion steps: 313330 steps
Chart START items len: 5920
Chart keys len: 5986
Chart items len: 32163

Parsing sen 613
Parsing steps: 54442 steps
Cky conversion steps: 105166 steps
Chart START items len: 6108
Chart keys len: 6378
Chart items len: 33863

Parsing sen 615
Parse did not finish:
- steps: 77491
- queue len: 287319
- attempted len: 20000338

Parsing sen 617
Parse did not finish:
- steps: 138280
- queue len: 83057
- attempted len: 20000046

Parsing sen 618
Parsing steps: 1421 steps
Cky conversion steps: 282 steps
Chart START items len: 36
Chart keys len: 44
Chart items len: 120

Parsing sen 619
Parsing steps: 7892 steps
Cky conversion steps: 62952 steps
Chart START items len: 1236
Chart keys len: 1270
Chart items len: 7835

Parsing sen 621
Parse did not finish:
- steps: 88404
- queue len: 110844
- attempted len: 20000399

Parsing sen 623
Parsing steps: 13414 steps
Cky conversion steps: 59923 steps
Chart START items len: 1725
Chart keys len: 1771
Chart items len: 9287

Parsing sen 625
Parsing steps: 18394 steps
Cky conversion steps: 28232 steps
Chart START items len: 1911
Chart keys len: 2024
Chart items len: 9154

Parsing sen 627
Parsing steps: 140935 steps
Cky conversion steps: 444187 steps
Chart START items len: 24385
Chart keys len: 25234
Chart items len: 126366

Parsing sen 630
Parse did not finish:
- steps: 76645
- queue len: 46220
- attempted len: 20000773

Parsing sen 632
Parsing steps: 178789 steps
Cky conversion steps: 392325 steps
Chart START items len: 24643
Chart keys len: 24953
Chart items len: 118789

Parsing sen 633
Parsing steps: 47541 steps
Cky conversion steps: 47265 steps
Chart START items len: 3819
Chart keys len: 4399
Chart items len: 15295

Parsing sen 635
Parsing steps: 126580 steps
Cky conversion steps: 149702 steps
Chart START items len: 9637
Chart keys len: 9870
Chart items len: 42828

Parsing sen 636
Parsing steps: 35311 steps
Cky conversion steps: 32501 steps
Chart START items len: 2325
Chart keys len: 2628
Chart items len: 9426

Parsing sen 641
Parsing steps: 2044 steps
Cky conversion steps: 3976 steps
Chart START items len: 192
Chart keys len: 202
Chart items len: 889

Parsing sen 642
Parsing steps: 7613 steps
Cky conversion steps: 4834 steps
Chart START items len: 313
Chart keys len: 381
Chart items len: 1143

Parsing sen 645
Parsing steps: 1182442 steps
Cky conversion steps: 7807641 steps
Chart START items len: 547714
Chart keys len: 549508
Chart items len: 2544604

Parsing sen 647
Parsing steps: 8563 steps
Cky conversion steps: 1374 steps
Chart START items len: 134
Chart keys len: 144
Chart items len: 473

Parsing sen 649
Parse did not finish:
- steps: 120170
- queue len: 417931
- attempted len: 20000166

Parsing sen 651
Parsing steps: 3602 steps
Cky conversion steps: 2335 steps
Chart START items len: 222
Chart keys len: 254
Chart items len: 810

Parsing sen 652
Parsing steps: 2619 steps
Cky conversion steps: 208 steps
Chart START items len: 32
Chart keys len: 40
Chart items len: 102

Parsing sen 653
Parse did not finish:
- steps: 119282
- queue len: 277908
- attempted len: 20000437

Parsing sen 655
Parsing steps: 11825 steps
Cky conversion steps: 3347 steps
Chart START items len: 402
Chart keys len: 536
Chart items len: 1484

Parsing sen 656
Parsing steps: 28365 steps
Cky conversion steps: 18050 steps
Chart START items len: 707
Chart keys len: 740
Chart items len: 3052

Parsing sen 657
Parse did not finish:
- steps: 78343
- queue len: 104334
- attempted len: 20000917

Parsing sen 661
Parse did not finish:
- steps: 113013
- queue len: 94373
- attempted len: 20000383

Parsing sen 663
Parse did not finish:
- steps: 71646
- queue len: 114625
- attempted len: 20002145

Parsing sen 664
Parse did not finish:
- steps: 601197
- queue len: 349344
- attempted len: 20000043

Parsing sen 667
Parsing steps: 21030 steps
Cky conversion steps: 98951 steps
Chart START items len: 3280
Chart keys len: 3434
Chart items len: 14052

Parsing sen 669
Parsing steps: 32166 steps
Cky conversion steps: 58390 steps
Chart START items len: 2474
Chart keys len: 2688
Chart items len: 11752

Parsing sen 670
Parsing steps: 60000 steps
Cky conversion steps: 19190 steps
Chart START items len: 2437
Chart keys len: 2540
Chart items len: 8556

Parsing sen 671
Parsing steps: 3702 steps
Cky conversion steps: 12764 steps
Chart START items len: 348
Chart keys len: 361
Chart items len: 1678

Parsing sen 672
Parsing steps: 260504 steps
Cky conversion steps: 601675 steps
Chart START items len: 30337
Chart keys len: 30629
Chart items len: 135361

Parsing sen 673
Parsing steps: 12441 steps
Cky conversion steps: 52103 steps
Chart START items len: 1771
Chart keys len: 1820
Chart items len: 9120

Parsing sen 675
Parsing steps: 16937 steps
Cky conversion steps: 10515 steps
Chart START items len: 839
Chart keys len: 1021
Chart items len: 3643

Parsing sen 676
Parsing steps: 9320 steps
Cky conversion steps: 22085 steps
Chart START items len: 1054
Chart keys len: 1093
Chart items len: 5385

Parsing sen 677
Parse did not finish:
- steps: 180431
- queue len: 77311
- attempted len: 20000122

Parsing sen 680
Parsing steps: 24637 steps
Cky conversion steps: 25352 steps
Chart START items len: 1987
Chart keys len: 2272
Chart items len: 8746

Parsing sen 682
Parsing steps: 2332 steps
Cky conversion steps: 1387 steps
Chart START items len: 108
Chart keys len: 123
Chart items len: 416

Parsing sen 683
Parsing steps: 12951 steps
Cky conversion steps: 403927 steps
Chart START items len: 3666
Chart keys len: 3687
Chart items len: 20343

Parsing sen 684
Parsing steps: 339 steps
Cky conversion steps: 19 steps
Chart START items len: 3
Chart keys len: 4
Chart items len: 7

Parsing sen 685
Parsing steps: 16350 steps
Cky conversion steps: 16428 steps
Chart START items len: 1000
Chart keys len: 1196
Chart items len: 4699

Parsing sen 689
Parsing steps: 2373 steps
Cky conversion steps: 2597 steps
Chart START items len: 197
Chart keys len: 210
Chart items len: 866

Parsing sen 691
Parsing steps: 140173 steps
Cky conversion steps: 47311 steps
Chart START items len: 3442
Chart keys len: 4206
Chart items len: 13727

Parsing sen 696
Parsing steps: 102002 steps
Cky conversion steps: 3187918 steps
Chart START items len: 32484
Chart keys len: 32590
Chart items len: 200618

Parsing sen 699
Parsing steps: 312414 steps
Cky conversion steps: 1235844 steps
Chart START items len: 59661
Chart keys len: 60067
Chart items len: 345689

Parsing sen 704
Parsing steps: 5877 steps
Cky conversion steps: 11744 steps
Chart START items len: 679
Chart keys len: 707
Chart items len: 3084

Parsing sen 705
Parsing steps: 820 steps
Cky conversion steps: 232 steps
Chart START items len: 30
Chart keys len: 35
Chart items len: 97

Parsing sen 706
Parse did not finish:
- steps: 59358
- queue len: 37252
- attempted len: 20001410

Parsing sen 707
Parsing steps: 90058 steps
Cky conversion steps: 100879 steps
Chart START items len: 12950
Chart keys len: 13882
Chart items len: 48843

Parsing sen 711
Parse did not finish:
- steps: 122618
- queue len: 150152
- attempted len: 20000324

Parsing sen 714
Parse did not finish:
- steps: 90611
- queue len: 61239
- attempted len: 20000621

Parsing sen 716
Parsing steps: 25260 steps
Cky conversion steps: 113218 steps
Chart START items len: 3265
Chart keys len: 3425
Chart items len: 14257

Parsing sen 717
Parse did not finish:
- steps: 57384
- queue len: 42001
- attempted len: 20000105

Parsing sen 719
Parsing steps: 2078 steps
Cky conversion steps: 1962 steps
Chart START items len: 174
Chart keys len: 195
Chart items len: 643

Parsing sen 720
Parsing steps: 62518 steps
Cky conversion steps: 528082 steps
Chart START items len: 10253
Chart keys len: 10482
Chart items len: 50106

Parsing sen 722
Parse did not finish:
- steps: 118904
- queue len: 117657
- attempted len: 20000030

Parsing sen 725
Parse did not finish:
- steps: 120840
- queue len: 747572
- attempted len: 20000217

Parsing sen 726
Parsing steps: 247494 steps
Cky conversion steps: 3730680 steps
Chart START items len: 75231
Chart keys len: 75476
Chart items len: 474119

Parsing sen 729
Parsing steps: 6517 steps
Cky conversion steps: 1801 steps
Chart START items len: 190
Chart keys len: 215
Chart items len: 658

Parsing sen 731
Parsing steps: 1185 steps
Cky conversion steps: 470 steps
Chart START items len: 40
Chart keys len: 46
Chart items len: 138

Parsing sen 733
Parsing steps: 17968 steps
Cky conversion steps: 48574 steps
Chart START items len: 2430
Chart keys len: 2577
Chart items len: 15090

Parsing sen 735
Parsing steps: 2276 steps
Cky conversion steps: 5890 steps
Chart START items len: 183
Chart keys len: 190
Chart items len: 740

Parsing sen 736
Parsing steps: 494039 steps
Cky conversion steps: 1883621 steps
Chart START items len: 95959
Chart keys len: 96414
Chart items len: 538635

Parsing sen 742
Parsing steps: 41873 steps
Cky conversion steps: 49378 steps
Chart START items len: 4806
Chart keys len: 4948
Chart items len: 21345

Parsing sen 743
Parsing steps: 804 steps
Cky conversion steps: 118 steps
Chart START items len: 16
Chart keys len: 19
Chart items len: 47

Parsing sen 744
Parsing steps: 850 steps
Cky conversion steps: 398 steps
Chart START items len: 31
Chart keys len: 34
Chart items len: 105

Parsing sen 745
Parse did not finish:
- steps: 178426
- queue len: 464062
- attempted len: 20000026

Parsing sen 747
Parsing steps: 981 steps
Cky conversion steps: 186 steps
Chart START items len: 25
Chart keys len: 31
Chart items len: 76

Parsing sen 748
Parse did not finish:
- steps: 232314
- queue len: 558863
- attempted len: 20000093

Parsing sen 750
Parse did not finish:
- steps: 290846
- queue len: 258673
- attempted len: 20000295

Parsing sen 752
Parse did not finish:
- steps: 105802
- queue len: 313619
- attempted len: 20000240

Parsing sen 756
Parsing steps: 4857 steps
Cky conversion steps: 2434 steps
Chart START items len: 300
Chart keys len: 348
Chart items len: 1094

Parsing sen 757
Parsing steps: 4380 steps
Cky conversion steps: 4273 steps
Chart START items len: 274
Chart keys len: 306
Chart items len: 1231

Parsing sen 759
Parse did not finish:
- steps: 142149
- queue len: 202992
- attempted len: 20000097

Parsing sen 761
Parsing steps: 12837 steps
Cky conversion steps: 14818 steps
Chart START items len: 948
Chart keys len: 1034
Chart items len: 4089

Parsing sen 763
Parsing steps: 191428 steps
Cky conversion steps: 1664908 steps
Chart START items len: 43024
Chart keys len: 43244
Chart items len: 228345

Parsing sen 765
Parsing steps: 3790 steps
Cky conversion steps: 4768 steps
Chart START items len: 326
Chart keys len: 345
Chart items len: 1296

Parsing sen 766
Parsing steps: 1114 steps
Cky conversion steps: 1785 steps
Chart START items len: 63
Chart keys len: 66
Chart items len: 237

Parsing sen 767
Parse did not finish:
- steps: 104667
- queue len: 100387
- attempted len: 20000425

Parsing sen 770
Parsing steps: 3597 steps
Cky conversion steps: 17142 steps
Chart START items len: 625
Chart keys len: 642
Chart items len: 3260

Parsing sen 772
Parsing steps: 46783 steps
Cky conversion steps: 492162 steps
Chart START items len: 9999
Chart keys len: 10136
Chart items len: 54854

Parsing sen 774
Parsing steps: 726 steps
Cky conversion steps: 1051 steps
Chart START items len: 45
Chart keys len: 46
Chart items len: 167

Parsing sen 775
Parsing steps: 72402 steps
Cky conversion steps: 385343 steps
Chart START items len: 17181
Chart keys len: 17263
Chart items len: 91450

Parsing sen 777
Parsing steps: 22537 steps
Cky conversion steps: 64718 steps
Chart START items len: 2684
Chart keys len: 2869
Chart items len: 11134

Parsing sen 778
Parsing steps: 179870 steps
Cky conversion steps: 722821 steps
Chart START items len: 33158
Chart keys len: 33361
Chart items len: 168013

Parsing sen 780
Parse did not finish:
- steps: 84740
- queue len: 99192
- attempted len: 20000740

Parsing sen 782
Parse did not finish:
- steps: 67994
- queue len: 58529
- attempted len: 20001200

Parsing sen 786
Parse did not finish:
- steps: 66627
- queue len: 44888
- attempted len: 20001028

Parsing sen 789
Parsing steps: 67093 steps
Cky conversion steps: 92036 steps
Chart START items len: 6818
Chart keys len: 7873
Chart items len: 29345

Parsing sen 791
Parsing steps: 2565 steps
Cky conversion steps: 1287 steps
Chart START items len: 165
Chart keys len: 189
Chart items len: 621

Parsing sen 792
Parsing steps: 74075 steps
Cky conversion steps: 40224 steps
Chart START items len: 3522
Chart keys len: 5088
Chart items len: 15431

Parsing sen 796
Parsing steps: 2417 steps
Cky conversion steps: 1699 steps
Chart START items len: 219
Chart keys len: 243
Chart items len: 843

Parsing sen 797
Parse did not finish:
- steps: 491711
- queue len: 798510
- attempted len: 20000175

Parsing sen 800
Parse did not finish:
- steps: 79328
- queue len: 43985
- attempted len: 20000345

Parsing sen 801
Parse did not finish:
- steps: 198202
- queue len: 561513
- attempted len: 20000030

Parsing sen 804
Parsing steps: 2891 steps
Cky conversion steps: 21761 steps
Chart START items len: 460
Chart keys len: 469
Chart items len: 2102

Parsing sen 805
Parse did not finish:
- steps: 93232
- queue len: 127345
- attempted len: 20000943

Parsing sen 811
Parsing steps: 18751 steps
Cky conversion steps: 13724 steps
Chart START items len: 1379
Chart keys len: 1450
Chart items len: 5735

Parsing sen 812
Parsing steps: 11565 steps
Cky conversion steps: 91443 steps
Chart START items len: 2016
Chart keys len: 2046
Chart items len: 11252

Parsing sen 813
Parsing steps: 8048 steps
Cky conversion steps: 14538 steps
Chart START items len: 1231
Chart keys len: 1277
Chart items len: 5227

Parsing sen 814
Parse did not finish:
- steps: 70590
- queue len: 47157
- attempted len: 20000290

Parsing sen 817
Parsing steps: 71193 steps
Cky conversion steps: 63794 steps
Chart START items len: 7529
Chart keys len: 7692
Chart items len: 26871

Parsing sen 822
Parse did not finish:
- steps: 82282
- queue len: 23441
- attempted len: 20000465

Parsing sen 824
Parse did not finish:
- steps: 78668
- queue len: 112337
- attempted len: 20000104

Parsing sen 829
Parsing steps: 197245 steps
Cky conversion steps: 4512157 steps
Chart START items len: 49496
Chart keys len: 49887
Chart items len: 291511

Parsing sen 831
Parse did not finish:
- steps: 80214
- queue len: 58311
- attempted len: 20000421

Parsing sen 835
Parsing steps: 155361 steps
Cky conversion steps: 3384827 steps
Chart START items len: 43168
Chart keys len: 43308
Chart items len: 286517

Parsing sen 836
Parsing steps: 113266 steps
Cky conversion steps: 267388 steps
Chart START items len: 12647
Chart keys len: 13338
Chart items len: 65174

Parsing sen 839
Parsing steps: 53314 steps
Cky conversion steps: 318657 steps
Chart START items len: 25666
Chart keys len: 25873
Chart items len: 112850

Parsing sen 841
Parsing steps: 1395 steps
Cky conversion steps: 838 steps
Chart START items len: 69
Chart keys len: 79
Chart items len: 238

Parsing sen 842
Parsing steps: 98973 steps
Cky conversion steps: 1302057 steps
Chart START items len: 27848
Chart keys len: 28025
Chart items len: 157872

Parsing sen 845
Parse did not finish:
- steps: 82930
- queue len: 48533
- attempted len: 20000332

Parsing sen 850
Parsing steps: 3058 steps
Cky conversion steps: 341 steps
Chart START items len: 47
Chart keys len: 57
Chart items len: 149

Parsing sen 851
Parse did not finish:
- steps: 92956
- queue len: 52269
- attempted len: 20000140

Parsing sen 853
Parsing steps: 5904 steps
Cky conversion steps: 19783 steps
Chart START items len: 702
Chart keys len: 733
Chart items len: 3350

Parsing sen 854
Parse did not finish:
- steps: 101261
- queue len: 69883
- attempted len: 20000682

Parsing sen 856
Parsing steps: 15670 steps
Cky conversion steps: 31566 steps
Chart START items len: 1255
Chart keys len: 1348
Chart items len: 5479

Parsing sen 858
Parsing steps: 7932 steps
Cky conversion steps: 4827 steps
Chart START items len: 595
Chart keys len: 645
Chart items len: 2315

Parsing sen 860
Parsing steps: 5785 steps
Cky conversion steps: 9395 steps
Chart START items len: 556
Chart keys len: 587
Chart items len: 2395

Parsing sen 862
Parse did not finish:
- steps: 112545
- queue len: 372225
- attempted len: 20000396

Parsing sen 867
Parsing steps: 2365 steps
Cky conversion steps: 166 steps
Chart START items len: 29
Chart keys len: 35
Chart items len: 89

Parsing sen 868
Parsing steps: 89559 steps
Cky conversion steps: 486052 steps
Chart START items len: 14907
Chart keys len: 15118
Chart items len: 68771

Parsing sen 871
Parse did not finish:
- steps: 71044
- queue len: 27899
- attempted len: 20000288

Parsing sen 874
Parsing steps: 354559 steps
Cky conversion steps: 10257927 steps
Chart START items len: 88357
Chart keys len: 88675
Chart items len: 546693

Parsing sen 876
Parse did not finish:
- steps: 129269
- queue len: 75186
- attempted len: 20000181

Parsing sen 879
Parsing steps: 1739 steps
Cky conversion steps: 3899 steps
Chart START items len: 151
Chart keys len: 158
Chart items len: 635

Parsing sen 880
Parsing steps: 2445 steps
Cky conversion steps: 671 steps
Chart START items len: 75
Chart keys len: 93
Chart items len: 292

Parsing sen 881
Parsing steps: 59346 steps
Cky conversion steps: 53865 steps
Chart START items len: 5096
Chart keys len: 5345
Chart items len: 18521

Parsing sen 882
Parse did not finish:
- steps: 102704
- queue len: 58323
- attempted len: 20000221

Parsing sen 885
Parsing steps: 4582 steps
Cky conversion steps: 25 steps
Chart START items len: 4
Chart keys len: 5
Chart items len: 9

Parsing sen 886
Parsing steps: 4686 steps
Cky conversion steps: 5287 steps
Chart START items len: 395
Chart keys len: 420
Chart items len: 1708

Parsing sen 888
Parsing steps: 919 steps
Cky conversion steps: 186 steps
Chart START items len: 25
Chart keys len: 31
Chart items len: 76

Parsing sen 889
Parsing steps: 16228 steps
Cky conversion steps: 62085 steps
Chart START items len: 2968
Chart keys len: 3083
Chart items len: 18629

Parsing sen 892
Parsing steps: 9223 steps
Cky conversion steps: 18467 steps
Chart START items len: 1233
Chart keys len: 1283
Chart items len: 5580

Parsing sen 894
Parsing steps: 1687 steps
Cky conversion steps: 19 steps
Chart START items len: 3
Chart keys len: 4
Chart items len: 7

Parsing sen 896
Parse did not finish:
- steps: 100008
- queue len: 9869
- attempted len: 20000250

Parsing sen 898
Parsing steps: 1051 steps
Cky conversion steps: 788 steps
Chart START items len: 58
Chart keys len: 63
Chart items len: 214

Parsing sen 899
Parsing steps: 3845 steps
Cky conversion steps: 1922 steps
Chart START items len: 202
Chart keys len: 237
Chart items len: 845

Parsing sen 901
Parse did not finish:
- steps: 282854
- queue len: 1839688
- attempted len: 20000013

Parsing sen 905
Parsing steps: 4432 steps
Cky conversion steps: 4816 steps
Chart START items len: 346
Chart keys len: 374
Chart items len: 1472

Parsing sen 906
Parsing steps: 66334 steps
Cky conversion steps: 1087281 steps
Chart START items len: 17386
Chart keys len: 17495
Chart items len: 98128

Parsing sen 909
Parsing steps: 8372 steps
Cky conversion steps: 21064 steps
Chart START items len: 1402
Chart keys len: 1452
Chart items len: 6494

Parsing sen 910
Parsing steps: 10516 steps
Cky conversion steps: 41198 steps
Chart START items len: 1485
Chart keys len: 1549
Chart items len: 6526

Parsing sen 912
Parse did not finish:
- steps: 69862
- queue len: 24718
- attempted len: 20000273

Parsing sen 915
Parsing steps: 14241 steps
Cky conversion steps: 44889 steps
Chart START items len: 2032
Chart keys len: 2075
Chart items len: 10302

Parsing sen 916
Parsing steps: 3787 steps
Cky conversion steps: 2549 steps
Chart START items len: 258
Chart keys len: 317
Chart items len: 990

Parsing sen 919
Parsing steps: 56281 steps
Cky conversion steps: 46568 steps
Chart START items len: 1430
Chart keys len: 1647
Chart items len: 5729

Parsing sen 924
Parse did not finish:
- steps: 164141
- queue len: 74406
- attempted len: 20000229

Parsing sen 928
Parsing steps: 35648 steps
Cky conversion steps: 401508 steps
Chart START items len: 7997
Chart keys len: 8187
Chart items len: 46178

Parsing sen 930
Parsing steps: 7346 steps
Cky conversion steps: 14699 steps
Chart START items len: 858
Chart keys len: 907
Chart items len: 4334

Parsing sen 932
Parsing steps: 13953 steps
Cky conversion steps: 116156 steps
Chart START items len: 3094
Chart keys len: 3147
Chart items len: 17355

Parsing sen 933
Parsing steps: 3569 steps
Cky conversion steps: 1625 steps
Chart START items len: 179
Chart keys len: 208
Chart items len: 685

Parsing sen 934
Parsing steps: 4293 steps
Cky conversion steps: 5513 steps
Chart START items len: 413
Chart keys len: 459
Chart items len: 1709

Parsing sen 936
Parsing steps: 7174 steps
Cky conversion steps: 12423 steps
Chart START items len: 722
Chart keys len: 759
Chart items len: 3137

Parsing sen 937
Parse did not finish:
- steps: 134335
- queue len: 400253
- attempted len: 20000193

Parsing sen 939
Parsing steps: 1310 steps
Cky conversion steps: 881 steps
Chart START items len: 68
Chart keys len: 76
Chart items len: 256

Parsing sen 940
Parse did not finish:
- steps: 77018
- queue len: 155732
- attempted len: 20000296

Parsing sen 947
Parse did not finish:
- steps: 68183
- queue len: 70222
- attempted len: 20000173

Parsing sen 951
Parse did not finish:
- steps: 139768
- queue len: 112908
- attempted len: 20000209

Parsing sen 953
Parsing steps: 715875 steps
Cky conversion steps: 4600602 steps
Chart START items len: 446954
Chart keys len: 448478
Chart items len: 1848443

Parsing sen 957
Parsing steps: 19316 steps
Cky conversion steps: 20047 steps
Chart START items len: 1486
Chart keys len: 1713
Chart items len: 5875

Parsing sen 958
Parse did not finish:
- steps: 65436
- queue len: 238592
- attempted len: 20000040

Parsing sen 962
Parsing steps: 4622 steps
Cky conversion steps: 2337 steps
Chart START items len: 229
Chart keys len: 256
Chart items len: 917

Parsing sen 963
Parse did not finish:
- steps: 67548
- queue len: 74115
- attempted len: 20000309

Parsing sen 964
Parse did not finish:
- steps: 272473
- queue len: 1467650
- attempted len: 20000339

Parsing sen 966
Parse did not finish:
- steps: 70713
- queue len: 107386
- attempted len: 20000807

Parsing sen 968
Parse did not finish:
- steps: 183651
- queue len: 617583
- attempted len: 20000101

Parsing sen 975
Parse did not finish:
- steps: 65036
- queue len: 164908
- attempted len: 20000624

Parsing sen 980
Parse did not finish:
- steps: 660040
- queue len: 507206
- attempted len: 20000198

Parsing sen 981
Parsing steps: 3729 steps
Cky conversion steps: 233 steps
Chart START items len: 31
Chart keys len: 41
Chart items len: 99

Parsing sen 982
Parsing steps: 2998 steps
Cky conversion steps: 3786 steps
Chart START items len: 214
Chart keys len: 226
Chart items len: 896

Parsing sen 983
Parsing steps: 10683 steps
Cky conversion steps: 87394 steps
Chart START items len: 1604
Chart keys len: 1632
Chart items len: 8252

Parsing sen 984
Parsing steps: 2049 steps
Cky conversion steps: 570 steps
Chart START items len: 81
Chart keys len: 97
Chart items len: 264

Parsing sen 985
Parse did not finish:
- steps: 96010
- queue len: 166919
- attempted len: 20000466

Parsing sen 992
Parsing steps: 93170 steps
Cky conversion steps: 429165 steps
Chart START items len: 11591
Chart keys len: 11954
Chart items len: 54324

Parsing sen 994
Parsing steps: 168868 steps
Cky conversion steps: 7380 steps
Chart START items len: 982
Chart keys len: 1077
Chart items len: 3607

Parsing sen 997
Parse did not finish:
- steps: 164702
- queue len: 146641
- attempted len: 20000512

Parsing sen 1000
Parse did not finish:
- steps: 358790
- queue len: 27624
- attempted len: 20000113

Parsing sen 1003
Parsing steps: 7249 steps
Cky conversion steps: 42973 steps
Chart START items len: 814
Chart keys len: 836
Chart items len: 3792

Parsing sen 1004
Parsing steps: 96872 steps
Cky conversion steps: 129287 steps
Chart START items len: 8066
Chart keys len: 8944
Chart items len: 35850

Parsing sen 1005
Parse did not finish:
- steps: 81463
- queue len: 39405
- attempted len: 20000527

Parsing sen 1006
Parse did not finish:
- steps: 145786
- queue len: 183482
- attempted len: 20000119

Parsing sen 1008
Parsing steps: 72124 steps
Cky conversion steps: 92097 steps
Chart START items len: 5940
Chart keys len: 6460
Chart items len: 25714

Parsing sen 1012
Parsing steps: 259567 steps
Cky conversion steps: 289534 steps
Chart START items len: 13891
Chart keys len: 14511
Chart items len: 71283

Parsing sen 1014
Parse did not finish:
- steps: 110659
- queue len: 139026
- attempted len: 20000373

Parsing sen 1018
Parse did not finish:
- steps: 59067
- queue len: 73257
- attempted len: 20000183

Parsing sen 1022
Parse did not finish:
- steps: 72051
- queue len: 186860
- attempted len: 20000669

Parsing sen 1026
Parse did not finish:
- steps: 64947
- queue len: 36564
- attempted len: 20000530

Parsing sen 1030
Parsing steps: 10181 steps
Cky conversion steps: 148058 steps
Chart START items len: 1909
Chart keys len: 1928
Chart items len: 9363

Parsing sen 1031
Parsing steps: 174490 steps
Cky conversion steps: 1992544 steps
Chart START items len: 32031
Chart keys len: 33108
Chart items len: 222312

Parsing sen 1035
Parse did not finish:
- steps: 168815
- queue len: 220424
- attempted len: 20000065

Parsing sen 1037
Parse did not finish:
- steps: 88104
- queue len: 14971
- attempted len: 20000072

Parsing sen 1039
Parsing steps: 3470 steps
Cky conversion steps: 3984 steps
Chart START items len: 310
Chart keys len: 331
Chart items len: 1294

Parsing sen 1041
Parse did not finish:
- steps: 77266
- queue len: 81886
- attempted len: 20000809

Parsing sen 1044
Parse did not finish:
- steps: 74728
- queue len: 58607
- attempted len: 20000364

Parsing sen 1049
Parsing steps: 16353 steps
Cky conversion steps: 49778 steps
Chart START items len: 2256
Chart keys len: 2347
Chart items len: 12587

Parsing sen 1050
Parsing steps: 4716 steps
Cky conversion steps: 1344 steps
Chart START items len: 163
Chart keys len: 212
Chart items len: 574

Parsing sen 1051
Parse did not finish:
- steps: 88051
- queue len: 358178
- attempted len: 20000763

Parsing sen 1054
Parsing steps: 141565 steps
Cky conversion steps: 1107594 steps
Chart START items len: 28352
Chart keys len: 29317
Chart items len: 154968

Parsing sen 1057
Parsing steps: 19820 steps
Cky conversion steps: 19123 steps
Chart START items len: 1895
Chart keys len: 1970
Chart items len: 7679

Parsing sen 1058
Parsing steps: 93330 steps
Cky conversion steps: 270517 steps
Chart START items len: 13834
Chart keys len: 13936
Chart items len: 79396

Parsing sen 1059
Parse did not finish:
- steps: 74410
- queue len: 87760
- attempted len: 20000062

Parsing sen 1061
Parsing steps: 55947 steps
Cky conversion steps: 66630 steps
Chart START items len: 4683
Chart keys len: 5193
Chart items len: 27637

Parsing sen 1063
Parse did not finish:
- steps: 82042
- queue len: 142842
- attempted len: 20000850

Parsing sen 1067
Parsing steps: 429592 steps
Cky conversion steps: 10516546 steps
Chart START items len: 116257
Chart keys len: 116516
Chart items len: 791665

Parsing sen 1070
Parsing steps: 5473 steps
Cky conversion steps: 1901 steps
Chart START items len: 194
Chart keys len: 234
Chart items len: 804

Parsing sen 1071
Parsing steps: 135853 steps
Cky conversion steps: 730301 steps
Chart START items len: 73560
Chart keys len: 74084
Chart items len: 324438

Parsing sen 1076
Parse did not finish:
- steps: 100199
- queue len: 250170
- attempted len: 20000354

Parsing sen 1078
Parse did not finish:
- steps: 262463
- queue len: 540273
- attempted len: 20000110

Parsing sen 1079
Parsing steps: 3553 steps
Cky conversion steps: 573 steps
Chart START items len: 70
Chart keys len: 85
Chart items len: 236

Parsing sen 1080
Parse did not finish:
- steps: 206950
- queue len: 122569
- attempted len: 20000358

Parsing sen 1084
Parsing steps: 7414 steps
Cky conversion steps: 16203 steps
Chart START items len: 836
Chart keys len: 985
Chart items len: 3443

Parsing sen 1085
Parse did not finish:
- steps: 78332
- queue len: 123038
- attempted len: 20002060

Parsing sen 1089
Parsing steps: 22236 steps
Cky conversion steps: 353028 steps
Chart START items len: 5989
Chart keys len: 6041
Chart items len: 33512

Parsing sen 1092
Parse did not finish:
- steps: 82378
- queue len: 58468
- attempted len: 20000518

Parsing sen 1094
Parsing steps: 18737 steps
Cky conversion steps: 3654 steps
Chart START items len: 436
Chart keys len: 473
Chart items len: 1425

Parsing sen 1095
Parse did not finish:
- steps: 89339
- queue len: 245781
- attempted len: 20000344

Parsing sen 1099
Parsing steps: 38061 steps
Cky conversion steps: 522122 steps
Chart START items len: 9826
Chart keys len: 9905
Chart items len: 54861

Parsing sen 1100
Parse did not finish:
- steps: 66316
- queue len: 262591
- attempted len: 20000241

Parsing sen 1104
Parse did not finish:
- steps: 162459
- queue len: 269476
- attempted len: 20000403

Parsing sen 1108
Parse did not finish:
- steps: 122170
- queue len: 509393
- attempted len: 20000040

Parsing sen 1113
Parse did not finish:
- steps: 86636
- queue len: 59027
- attempted len: 20000759

Parsing sen 1116
Parse did not finish:
- steps: 76049
- queue len: 88478
- attempted len: 20001239

Parsing sen 1120
Parsing steps: 12061 steps
Cky conversion steps: 69276 steps
Chart START items len: 1511
Chart keys len: 1544
Chart items len: 7989

Parsing sen 1121
Parsing steps: 25869 steps
Cky conversion steps: 72942 steps
Chart START items len: 4380
Chart keys len: 4539
Chart items len: 22967

Parsing sen 1123
Parsing steps: 22164 steps
Cky conversion steps: 53437 steps
Chart START items len: 2877
Chart keys len: 2934
Chart items len: 16371

Parsing sen 1125
Parsing steps: 19594 steps
Cky conversion steps: 218885 steps
Chart START items len: 4800
Chart keys len: 4871
Chart items len: 31680

Parsing sen 1127
Parsing steps: 3814 steps
Cky conversion steps: 34533 steps
Chart START items len: 656
Chart keys len: 666
Chart items len: 3079

Parsing sen 1129
Parsing steps: 98458 steps
Cky conversion steps: 876508 steps
Chart START items len: 19652
Chart keys len: 19955
Chart items len: 102852

Parsing sen 1131
Parse did not finish:
- steps: 67117
- queue len: 49102
- attempted len: 20000272

Parsing sen 1135
Parse did not finish:
- steps: 71505
- queue len: 52866
- attempted len: 20000344

Parsing sen 1141
Parsing steps: 373319 steps
Cky conversion steps: 7393759 steps
Chart START items len: 120442
Chart keys len: 120666
Chart items len: 735816

Parsing sen 1143
Parsing steps: 52232 steps
Cky conversion steps: 70070 steps
Chart START items len: 4930
Chart keys len: 5024
Chart items len: 20572

Parsing sen 1144
Parsing steps: 38617 steps
Cky conversion steps: 655442 steps
Chart START items len: 7876
Chart keys len: 7946
Chart items len: 43526

Parsing sen 1145
Parsing steps: 1028 steps
Cky conversion steps: 216 steps
Chart START items len: 27
Chart keys len: 33
Chart items len: 85

Parsing sen 1146
Parsing steps: 79935 steps
Cky conversion steps: 1332875 steps
Chart START items len: 23007
Chart keys len: 23093
Chart items len: 138656

Parsing sen 1148
Parsing steps: 30478 steps
Cky conversion steps: 4917 steps
Chart START items len: 416
Chart keys len: 466
Chart items len: 1831

Parsing sen 1149
Parse did not finish:
- steps: 158339
- queue len: 1238818
- attempted len: 20000025

Parsing sen 1152
Parsing steps: 46451 steps
Cky conversion steps: 787892 steps
Chart START items len: 11560
Chart keys len: 11625
Chart items len: 72525

Parsing sen 1153
Parsing steps: 2053 steps
Cky conversion steps: 1962 steps
Chart START items len: 174
Chart keys len: 195
Chart items len: 643

Parsing sen 1156
Parse did not finish:
- steps: 221473
- queue len: 140378
- attempted len: 20000118

Parsing sen 1157
Parse did not finish:
- steps: 669520
- queue len: 203850
- attempted len: 20000137

Parsing sen 1160
Parsing steps: 9689 steps
Cky conversion steps: 47300 steps
Chart START items len: 1576
Chart keys len: 1622
Chart items len: 8289

Parsing sen 1162
Parsing steps: 234556 steps
Cky conversion steps: 995173 steps
Chart START items len: 42446
Chart keys len: 42692
Chart items len: 226928

Parsing sen 1163
Parsing steps: 98687 steps
Cky conversion steps: 263337 steps
Chart START items len: 15495
Chart keys len: 15809
Chart items len: 79683

Parsing sen 1166
Parsing steps: 110980 steps
Cky conversion steps: 132750 steps
Chart START items len: 9002
Chart keys len: 10260
Chart items len: 36836

Parsing sen 1167
Parsing steps: 28830 steps
Cky conversion steps: 20849 steps
Chart START items len: 2382
Chart keys len: 2740
Chart items len: 8981

Parsing sen 1169
Parse did not finish:
- steps: 322778
- queue len: 383901
- attempted len: 20000078

Parsing sen 1173
Parsing steps: 3818 steps
Cky conversion steps: 6642 steps
Chart START items len: 380
Chart keys len: 403
Chart items len: 1853

Parsing sen 1174
Parsing steps: 7331 steps
Cky conversion steps: 10452 steps
Chart START items len: 732
Chart keys len: 799
Chart items len: 3369

Parsing sen 1175
Parsing steps: 9362 steps
Cky conversion steps: 66448 steps
Chart START items len: 1859
Chart keys len: 1895
Chart items len: 10231

Parsing sen 1178
Parse did not finish:
- steps: 157056
- queue len: 596572
- attempted len: 20000326

Parsing sen 1179
Parsing steps: 31547 steps
Cky conversion steps: 301156 steps
Chart START items len: 6241
Chart keys len: 6395
Chart items len: 29203

Parsing sen 1180
Parsing steps: 21238 steps
Cky conversion steps: 504071 steps
Chart START items len: 6288
Chart keys len: 6322
Chart items len: 38226

Parsing sen 1182
Parsing steps: 2307 steps
Cky conversion steps: 6101 steps
Chart START items len: 264
Chart keys len: 276
Chart items len: 1124

Parsing sen 1183
Parsing steps: 5096 steps
Cky conversion steps: 9762 steps
Chart START items len: 497
Chart keys len: 518
Chart items len: 2242

Parsing sen 1184
Parsing steps: 45684 steps
Cky conversion steps: 39054 steps
Chart START items len: 3783
Chart keys len: 4183
Chart items len: 17229

Parsing sen 1187
Parse did not finish:
- steps: 266659
- queue len: 175963
- attempted len: 20000101

Parsing sen 1189
Parsing steps: 11306 steps
Cky conversion steps: 29498 steps
Chart START items len: 1318
Chart keys len: 1372
Chart items len: 7467

Parsing sen 1190
Parsing steps: 43310 steps
Cky conversion steps: 37572 steps
Chart START items len: 4049
Chart keys len: 4616
Chart items len: 15767

Parsing sen 1191
Parse did not finish:
- steps: 608321
- queue len: 527743
- attempted len: 20000112

Parsing sen 1194
Parse did not finish:
- steps: 93783
- queue len: 287614
- attempted len: 20000386

Parsing sen 1196
Parse did not finish:
- steps: 98848
- queue len: 317329
- attempted len: 20000626

Parsing sen 1199
Parsing steps: 95603 steps
Cky conversion steps: 319726 steps
Chart START items len: 15721
Chart keys len: 16044
Chart items len: 90637

Parsing sen 1202
Parsing steps: 75347 steps
Cky conversion steps: 1027055 steps
Chart START items len: 21388
Chart keys len: 21487
Chart items len: 126880

Parsing sen 1204
Parsing steps: 53631 steps
Cky conversion steps: 1186555 steps
Chart START items len: 11658
Chart keys len: 11711
Chart items len: 68754

Parsing sen 1205
Parsing steps: 11547 steps
Cky conversion steps: 1464 steps
Chart START items len: 190
Chart keys len: 235
Chart items len: 629

Parsing sen 1206
Parsing steps: 15429 steps
Cky conversion steps: 287806 steps
Chart START items len: 3170
Chart keys len: 3199
Chart items len: 15461

Parsing sen 1207
Parsing steps: 2566 steps
Cky conversion steps: 3291 steps
Chart START items len: 218
Chart keys len: 236
Chart items len: 918

Parsing sen 1208
Parsing steps: 44895 steps
Cky conversion steps: 121596 steps
Chart START items len: 8435
Chart keys len: 8608
Chart items len: 42508

Parsing sen 1210
Parse did not finish:
- steps: 80908
- queue len: 165539
- attempted len: 20000044

Parsing sen 1213
Parsing steps: 104193 steps
Cky conversion steps: 116622 steps
Chart START items len: 8494
Chart keys len: 9597
Chart items len: 38584

Parsing sen 1214
Parse did not finish:
- steps: 145855
- queue len: 652894
- attempted len: 20000185

Parsing sen 1216
Parsing steps: 36896 steps
Cky conversion steps: 75651 steps
Chart START items len: 4132
Chart keys len: 4374
Chart items len: 19195

Parsing sen 1218
Parse did not finish:
- steps: 136763
- queue len: 29458
- attempted len: 20000218

Parsing sen 1222
Parsing steps: 2583 steps
Cky conversion steps: 2310 steps
Chart START items len: 205
Chart keys len: 234
Chart items len: 808

Parsing sen 1223
Parsing steps: 51527 steps
Cky conversion steps: 1247769 steps
Chart START items len: 14986
Chart keys len: 15066
Chart items len: 90745

Parsing sen 1225
Parsing steps: 10655 steps
Cky conversion steps: 26497 steps
Chart START items len: 1041
Chart keys len: 1154
Chart items len: 4876

Parsing sen 1226
Parse did not finish:
- steps: 78118
- queue len: 38776
- attempted len: 20001242

Parsing sen 1232
Parsing steps: 55535 steps
Cky conversion steps: 120923 steps
Chart START items len: 6447
Chart keys len: 7020
Chart items len: 34025

Parsing sen 1234
Parse did not finish:
- steps: 73800
- queue len: 80272
- attempted len: 20000079

Parsing sen 1236
Parsing steps: 16753 steps
Cky conversion steps: 18973 steps
Chart START items len: 2258
Chart keys len: 2403
Chart items len: 9944

Parsing sen 1237
Parse did not finish:
- steps: 65993
- queue len: 61069
- attempted len: 20000460

Parsing sen 1240
Parsing steps: 11938 steps
Cky conversion steps: 5646 steps
Chart START items len: 603
Chart keys len: 712
Chart items len: 2197

Parsing sen 1241
Parse did not finish:
- steps: 100945
- queue len: 130428
- attempted len: 20000745

Parsing sen 1245
Parse did not finish:
- steps: 85769
- queue len: 109898
- attempted len: 20001071

Parsing sen 1248
Parsing steps: 14496 steps
Cky conversion steps: 26020 steps
Chart START items len: 1672
Chart keys len: 1744
Chart items len: 7306

Parsing sen 1250
Parse did not finish:
- steps: 412070
- queue len: 820573
- attempted len: 20000226

Parsing sen 1253
Parsing steps: 653718 steps
Cky conversion steps: 6511509 steps
Chart START items len: 410131
Chart keys len: 410965
Chart items len: 2046974

Parsing sen 1255
Parsing steps: 65136 steps
Cky conversion steps: 328015 steps
Chart START items len: 9668
Chart keys len: 9882
Chart items len: 48087

Parsing sen 1257
Parse did not finish:
- steps: 72162
- queue len: 40290
- attempted len: 20000052

Parsing sen 1260
Parsing steps: 361650 steps
Cky conversion steps: 3843892 steps
Chart START items len: 219534
Chart keys len: 219936
Chart items len: 1122542

Parsing sen 1263
Parsing steps: 41487 steps
Cky conversion steps: 83312 steps
Chart START items len: 5444
Chart keys len: 5818
Chart items len: 29165

Parsing sen 1266
Parsing steps: 14135 steps
Cky conversion steps: 126237 steps
Chart START items len: 2757
Chart keys len: 2806
Chart items len: 15948

Parsing sen 1268
Parse did not finish:
- steps: 55870
- queue len: 39707
- attempted len: 20000981

Parsing sen 1269
Parsing steps: 34698 steps
Cky conversion steps: 52463 steps
Chart START items len: 2752
Chart keys len: 3072
Chart items len: 11416

Parsing sen 1272
Parse did not finish:
- steps: 151451
- queue len: 796017
- attempted len: 20000406

Parsing sen 1276
Parsing steps: 26517 steps
Cky conversion steps: 200364 steps
Chart START items len: 5533
Chart keys len: 5685
Chart items len: 38470

Parsing sen 1279
Parsing steps: 83219 steps
Cky conversion steps: 266220 steps
Chart START items len: 9343
Chart keys len: 10042
Chart items len: 40523

Parsing sen 1281
Parsing steps: 38962 steps
Cky conversion steps: 6481 steps
Chart START items len: 620
Chart keys len: 781
Chart items len: 2197

Parsing sen 1284
Parse did not finish:
- steps: 134155
- queue len: 256994
- attempted len: 20000488

Parsing sen 1287
Parse did not finish:
- steps: 81085
- queue len: 186516
- attempted len: 20000755

Parsing sen 1289
Parse did not finish:
- steps: 64190
- queue len: 68827
- attempted len: 20000586

Parsing sen 1294
Parsing steps: 73872 steps
Cky conversion steps: 483271 steps
Chart START items len: 10173
Chart keys len: 10486
Chart items len: 48953

Parsing sen 1296
Parse did not finish:
- steps: 68875
- queue len: 226989
- attempted len: 20000489

Parsing sen 1298
Parse did not finish:
- steps: 149942
- queue len: 118504
- attempted len: 20000301

Parsing sen 1300
Parse did not finish:
- steps: 118428
- queue len: 90512
- attempted len: 20000523

Parsing sen 1305
Parse did not finish:
- steps: 74722
- queue len: 56217
- attempted len: 20000715

Parsing sen 1307
Parsing steps: 1285 steps
Cky conversion steps: 3176 steps
Chart START items len: 95
Chart keys len: 99
Chart items len: 370

Parsing sen 1308
Parse did not finish:
- steps: 141526
- queue len: 171143
- attempted len: 20000085

Parsing sen 1310
Parsing steps: 173345 steps
Cky conversion steps: 1398625 steps
Chart START items len: 34499
Chart keys len: 34815
Chart items len: 183627

Parsing sen 1313
Parsing steps: 88298 steps
Cky conversion steps: 1178905 steps
Chart START items len: 15298
Chart keys len: 16199
Chart items len: 110882

Parsing sen 1315
Parse did not finish:
- steps: 78544
- queue len: 86518
- attempted len: 20000334

Parsing sen 1317
Parse did not finish:
- steps: 72673
- queue len: 138808
- attempted len: 20001558

Parsing sen 1320
Parse did not finish:
- steps: 80682
- queue len: 205291
- attempted len: 20000375

Parsing sen 1322
Parse did not finish:
- steps: 119114
- queue len: 161206
- attempted len: 20000250

Parsing sen 1326
Parsing steps: 180172 steps
Cky conversion steps: 1465879 steps
Chart START items len: 40333
Chart keys len: 41042
Chart items len: 203471

Parsing sen 1328
Parsing steps: 79483 steps
Cky conversion steps: 1820303 steps
Chart START items len: 21418
Chart keys len: 21541
Chart items len: 128930

Parsing sen 1330
Parse did not finish:
- steps: 198768
- queue len: 404551
- attempted len: 20000138

Parsing sen 1332
Parse did not finish:
- steps: 79250
- queue len: 30400
- attempted len: 20000543

Parsing sen 1333
Parsing steps: 20873 steps
Cky conversion steps: 6595 steps
Chart START items len: 561
Chart keys len: 861
Chart items len: 2034

Parsing sen 1336
Parsing steps: 61679 steps
Cky conversion steps: 472703 steps
Chart START items len: 10847
Chart keys len: 11077
Chart items len: 60335

Parsing sen 1337
Parse did not finish:
- steps: 106332
- queue len: 599516
- attempted len: 20001494

Parsing sen 1342
Parsing steps: 86880 steps
Cky conversion steps: 34246 steps
Chart START items len: 3893
Chart keys len: 4898
Chart items len: 13902

Parsing sen 1344
Parse did not finish:
- steps: 159907
- queue len: 81774
- attempted len: 20000012

Parsing sen 1347
Parse did not finish:
- steps: 71328
- queue len: 72159
- attempted len: 20000761

Parsing sen 1352
Parsing steps: 55327 steps
Cky conversion steps: 44477 steps
Chart START items len: 3607
Chart keys len: 3827
Chart items len: 15129

Parsing sen 1353
Parse did not finish:
- steps: 82789
- queue len: 301785
- attempted len: 20000335

Parsing sen 1356
Parsing steps: 28080 steps
Cky conversion steps: 29570 steps
Chart START items len: 2210
Chart keys len: 2327
Chart items len: 9360

Parsing sen 1357
Parse did not finish:
- steps: 83802
- queue len: 462270
- attempted len: 20000838

Parsing sen 1359
Parse did not finish:
- steps: 65025
- queue len: 116514
- attempted len: 20002672

Parsing sen 1361
Parsing steps: 604175 steps
Cky conversion did not finish:
- steps: 11626337

Parsing sen 1363
Parsing steps: 2369 steps
Cky conversion steps: 3769 steps
Chart START items len: 255
Chart keys len: 269
Chart items len: 1127

Parsing sen 1364
Parsing steps: 301705 steps
Cky conversion steps: 5203904 steps
Chart START items len: 63095
Chart keys len: 63624
Chart items len: 366890

Parsing sen 1365
Parse did not finish:
- steps: 176785
- queue len: 84927
- attempted len: 20000109

Parsing sen 1366
Parse did not finish:
- steps: 123047
- queue len: 121080
- attempted len: 20000392

Parsing sen 1370
Parsing steps: 55246 steps
Cky conversion steps: 90971 steps
Chart START items len: 7016
Chart keys len: 7274
Chart items len: 30409

Parsing sen 1372
Parse did not finish:
- steps: 176198
- queue len: 399255
- attempted len: 20000320

Parsing sen 1375
Parse did not finish:
- steps: 65971
- queue len: 64884
- attempted len: 20000394

Parsing sen 1377
Parse did not finish:
- steps: 92075
- queue len: 112237
- attempted len: 20000602

Parsing sen 1379
Parsing steps: 4318 steps
Cky conversion steps: 7258 steps
Chart START items len: 564
Chart keys len: 597
Chart items len: 2340

Parsing sen 1381
Parse did not finish:
- steps: 130676
- queue len: 101873
- attempted len: 20000242

Parsing sen 1384
Parse did not finish:
- steps: 80355
- queue len: 351285
- attempted len: 20000045

Parsing sen 1388
Parse did not finish:
- steps: 217303
- queue len: 123767
- attempted len: 20000180

Parsing sen 1393
Parsing steps: 88134 steps
Cky conversion steps: 266612 steps
Chart START items len: 14805
Chart keys len: 15240
Chart items len: 68637

Parsing sen 1395
Parse did not finish:
- steps: 138832
- queue len: 413239
- attempted len: 20000009

Parsing sen 1398
Parsing steps: 13311 steps
Cky conversion steps: 49 steps
Chart START items len: 8
Chart keys len: 11
Chart items len: 21

Parsing sen 1399
Parsing steps: 235959 steps
Cky conversion steps: 1780011 steps
Chart START items len: 38697
Chart keys len: 38987
Chart items len: 228088

Parsing sen 1401
Parsing steps: 13838 steps
Cky conversion steps: 52700 steps
Chart START items len: 1476
Chart keys len: 1538
Chart items len: 6922

Parsing sen 1402
Parse did not finish:
- steps: 92533
- queue len: 40390
- attempted len: 20000502

Parsing sen 1405
Parsing steps: 9817 steps
Cky conversion steps: 23928 steps
Chart START items len: 1323
Chart keys len: 1380
Chart items len: 7035

Parsing sen 1406
Parsing steps: 28008 steps
Cky conversion steps: 28906 steps
Chart START items len: 2357
Chart keys len: 2905
Chart items len: 11642

Parsing sen 1409
Parse did not finish:
- steps: 132208
- queue len: 141881
- attempted len: 20000198

Parsing sen 1411
Parse did not finish:
- steps: 175839
- queue len: 280465
- attempted len: 20000529

Parsing sen 1415
Parse did not finish:
- steps: 108033
- queue len: 29708
- attempted len: 20000126

Parsing sen 1420
Parse did not finish:
- steps: 71646
- queue len: 62632
- attempted len: 20001054

Parsing sen 1422
Parse did not finish:
- steps: 66717
- queue len: 153625
- attempted len: 20000101

Parsing sen 1424
Parse did not finish:
- steps: 154743
- queue len: 418729
- attempted len: 20000281

Parsing sen 1428
Parse did not finish:
- steps: 92950
- queue len: 113705
- attempted len: 20001986

Parsing sen 1431
Parse did not finish:
- steps: 116344
- queue len: 59066
- attempted len: 20000204

Parsing sen 1432
Parse did not finish:
- steps: 170156
- queue len: 236117
- attempted len: 20000016

Parsing sen 1435
Parsing steps: 2484 steps
Cky conversion steps: 1111 steps
Chart START items len: 135
Chart keys len: 170
Chart items len: 477

Parsing sen 1436
Parse did not finish:
- steps: 57317
- queue len: 31413
- attempted len: 20000606

Parsing sen 1439
Parse did not finish:
- steps: 77433
- queue len: 120984
- attempted len: 20000756

Parsing sen 1446
Parsing steps: 30473 steps
Cky conversion steps: 229320 steps
Chart START items len: 5626
Chart keys len: 5877
Chart items len: 28658

Parsing sen 1447
Parse did not finish:
- steps: 104199
- queue len: 93218
- attempted len: 20000498

Parsing sen 1451
Parse did not finish:
- steps: 171461
- queue len: 102369
- attempted len: 20000147

Parsing sen 1453
Parse did not finish:
- steps: 83864
- queue len: 116063
- attempted len: 20000148

Parsing sen 1457
Parse did not finish:
- steps: 125542
- queue len: 198123
- attempted len: 20000094

Parsing sen 1460
Parse did not finish:
- steps: 112130
- queue len: 387546
- attempted len: 20000325

Parsing sen 1462
Parse did not finish:
- steps: 216985
- queue len: 258415
- attempted len: 20000247

Parsing sen 1464
Parsing steps: 770088 steps
Cky conversion did not finish:
- steps: 12207055

Parsing sen 1465
Parsing steps: 6722 steps
Cky conversion steps: 46600 steps
Chart START items len: 1012
Chart keys len: 1036
Chart items len: 5714

Parsing sen 1467
Parse did not finish:
- steps: 73721
- queue len: 76824
- attempted len: 20000163

Parsing sen 1472
Parse did not finish:
- steps: 139943
- queue len: 183325
- attempted len: 20000360

Parsing sen 1476
Parse did not finish:
- steps: 135261
- queue len: 103003
- attempted len: 20000103

Parsing sen 1478
Parsing steps: 7679 steps
Cky conversion steps: 7213 steps
Chart START items len: 524
Chart keys len: 569
Chart items len: 2364

Parsing sen 1480
Parse did not finish:
- steps: 63187
- queue len: 408431
- attempted len: 20000413

Parsing sen 1483
Parse did not finish:
- steps: 95394
- queue len: 88186
- attempted len: 20001649

Parsing sen 1486
Parse did not finish:
- steps: 91104
- queue len: 119091
- attempted len: 20000656

Parsing sen 1489
Parse did not finish:
- steps: 212775
- queue len: 673220
- attempted len: 20000087

Parsing sen 1494
Parsing steps: 11296 steps
Cky conversion steps: 96740 steps
Chart START items len: 2408
Chart keys len: 2445
Chart items len: 14381

Parsing sen 1496
Parse did not finish:
- steps: 169115
- queue len: 302363
- attempted len: 20000264

Parsing sen 1501
Parse did not finish:
- steps: 436877
- queue len: 607294
- attempted len: 20000013

Parsing sen 1508
Parse did not finish:
- steps: 238351
- queue len: 492432
- attempted len: 20000244

Parsing sen 1510
Parse did not finish:
- steps: 356738
- queue len: 899354
- attempted len: 20000134

Parsing sen 1513
Parsing steps: 46586 steps
Cky conversion steps: 25583 steps
Chart START items len: 691
Chart keys len: 713
Chart items len: 3452

Parsing sen 1514
Parse did not finish:
- steps: 155892
- queue len: 821678
- attempted len: 20000257

Parsing sen 1517
Parsing steps: 252618 steps
Cky conversion steps: 1709594 steps
Chart START items len: 58288
Chart keys len: 58616
Chart items len: 466391

Parsing sen 1522
Parse did not finish:
- steps: 65815
- queue len: 60275
- attempted len: 20000541

Parsing sen 1523
Parse did not finish:
- steps: 333522
- queue len: 376552
- attempted len: 20000111

Parsing sen 1526
Parse did not finish:
- steps: 65876
- queue len: 43464
- attempted len: 20001236

Parsing sen 1527
Parse did not finish:
- steps: 233886
- queue len: 238456
- attempted len: 20000118

Parsing sen 1529
Parse did not finish:
- steps: 89497
- queue len: 304416
- attempted len: 20000820

Parsing sen 1533
Parsing steps: 585020 steps
Cky conversion steps: 4763406 steps
Chart START items len: 387485
Chart keys len: 388092
Chart items len: 1764835

Parsing sen 1534
Parse did not finish:
- steps: 75892
- queue len: 70713
- attempted len: 20000960

Parsing sen 1537
Parsing steps: 130756 steps
Cky conversion steps: 827607 steps
Chart START items len: 33364
Chart keys len: 33545
Chart items len: 207843

Parsing sen 1539
Parse did not finish:
- steps: 123655
- queue len: 110833
- attempted len: 20000164

Parsing sen 1541
Parsing steps: 3500 steps
Cky conversion steps: 2518 steps
Chart START items len: 230
Chart keys len: 261
Chart items len: 848

Parsing sen 1542
Parse did not finish:
- steps: 69836
- queue len: 99562
- attempted len: 20000071

Parsing sen 1545
Parse did not finish:
- steps: 55910
- queue len: 48578
- attempted len: 20000461

Parsing sen 1547
Parsing steps: 18427 steps
Cky conversion steps: 42855 steps
Chart START items len: 1713
Chart keys len: 1768
Chart items len: 8160

Parsing sen 1549
Parsing steps: 4631 steps
Cky conversion steps: 866 steps
Chart START items len: 103
Chart keys len: 127
Chart items len: 348

Parsing sen 1550
Parse did not finish:
- steps: 66309
- queue len: 161965
- attempted len: 20000207

Parsing sen 1553
Parse did not finish:
- steps: 234197
- queue len: 151504
- attempted len: 20000053

Parsing sen 1556
Parsing steps: 77624 steps
Cky conversion steps: 571068 steps
Chart START items len: 17907
Chart keys len: 18485
Chart items len: 126624

Parsing sen 1558
Parse did not finish:
- steps: 66564
- queue len: 63473
- attempted len: 20000480

Parsing sen 1566
Parsing steps: 19686 steps
Cky conversion steps: 4054 steps
Chart START items len: 331
Chart keys len: 388
Chart items len: 1207

Parsing sen 1568
Parse did not finish:
- steps: 96293
- queue len: 116174
- attempted len: 20000936

Parsing sen 1572
Parse did not finish:
- steps: 196018
- queue len: 323567
- attempted len: 20000079

Parsing sen 1574
Parsing steps: 14494 steps
Cky conversion steps: 118533 steps
Chart START items len: 2709
Chart keys len: 2755
Chart items len: 15359

Parsing sen 1575
Parse did not finish:
- steps: 165705
- queue len: 93862
- attempted len: 20000319

Parsing sen 1578
Parse did not finish:
- steps: 139042
- queue len: 403871
- attempted len: 20000328

Parsing sen 1583
Parse did not finish:
- steps: 66773
- queue len: 135885
- attempted len: 20001221

Parsing sen 1590
Parse did not finish:
- steps: 173392
- queue len: 877911
- attempted len: 20000230

Parsing sen 1591
Parsing steps: 72636 steps
Cky conversion steps: 17340 steps
Chart START items len: 1686
Chart keys len: 1797
Chart items len: 7017

Parsing sen 1594
Parse did not finish:
- steps: 92649
- queue len: 140937
- attempted len: 20000151

Parsing sen 1599
Parse did not finish:
- steps: 113714
- queue len: 44475
- attempted len: 20000572

Parsing sen 1602
Parsing steps: 101095 steps
Cky conversion steps: 12425 steps
Chart START items len: 1572
Chart keys len: 2080
Chart items len: 5620

Parsing sen 1604
Parsing steps: 168585 steps
Cky conversion steps: 525188 steps
Chart START items len: 29089
Chart keys len: 29440
Chart items len: 135865

Parsing sen 1607
Parsing steps: 4462 steps
Cky conversion steps: 1156 steps
Chart START items len: 97
Chart keys len: 105
Chart items len: 336

Parsing sen 1608
Parse did not finish:
- steps: 208098
- queue len: 173469
- attempted len: 20000034

Parsing sen 1610
Parse did not finish:
- steps: 124894
- queue len: 183587
- attempted len: 20000538

Parsing sen 1613
Parse did not finish:
- steps: 125338
- queue len: 93730
- attempted len: 20000037

Parsing sen 1616
Parse did not finish:
- steps: 135772
- queue len: 94911
- attempted len: 20000397

Parsing sen 1618
Parsing steps: 27421 steps
Cky conversion steps: 13918 steps
Chart START items len: 973
Chart keys len: 1129
Chart items len: 4502

Parsing sen 1619
Parsing steps: 4223 steps
Cky conversion steps: 13171 steps
Chart START items len: 409
Chart keys len: 428
Chart items len: 1735

Parsing sen 1620
Parse did not finish:
- steps: 75631
- queue len: 284027
- attempted len: 20000257

Parsing sen 1627
Parse did not finish:
- steps: 222633
- queue len: 2049962
- attempted len: 20000052

Parsing sen 1629
Parse did not finish:
- steps: 334568
- queue len: 1015695
- attempted len: 20000027

Parsing sen 1637
Parsing steps: 35778 steps
Cky conversion steps: 214816 steps
Chart START items len: 5247
Chart keys len: 5380
Chart items len: 24876

Parsing sen 1638
Parse did not finish:
- steps: 148978
- queue len: 341159
- attempted len: 20000383

Parsing sen 1640
Parsing steps: 22497 steps
Cky conversion steps: 400262 steps
Chart START items len: 5229
Chart keys len: 5262
Chart items len: 32747

Parsing sen 1642
Parsing steps: 76936 steps
Cky conversion steps: 387906 steps
Chart START items len: 12329
Chart keys len: 12851
Chart items len: 63278

Parsing sen 1646
Parsing steps: 406879 steps
Cky conversion steps: 8394861 steps
Chart START items len: 91617
Chart keys len: 91892
Chart items len: 528621

Parsing sen 1649
Parse did not finish:
- steps: 376135
- queue len: 1203538
- attempted len: 20000059

Parsing sen 1654
Parse did not finish:
- steps: 74554
- queue len: 48789
- attempted len: 20000262

Parsing sen 1658
Parse did not finish:
- steps: 146946
- queue len: 122544
- attempted len: 20000120

Parsing sen 1662
Parsing steps: 45699 steps
Cky conversion steps: 157731 steps
Chart START items len: 8015
Chart keys len: 8226
Chart items len: 50836

Parsing sen 1664
Parsing steps: 22884 steps
Cky conversion steps: 52727 steps
Chart START items len: 2585
Chart keys len: 2674
Chart items len: 12385

Parsing sen 1668
Parse did not finish:
- steps: 83512
- queue len: 66558
- attempted len: 20000158

Parsing sen 1671
Parsing steps: 27848 steps
Cky conversion steps: 60517 steps
Chart START items len: 1439
Chart keys len: 1489
Chart items len: 6422

Parsing sen 1672
Parse did not finish:
- steps: 170172
- queue len: 56344
- attempted len: 20000002

Parsing sen 1676
Parse did not finish:
- steps: 317740
- queue len: 119909
- attempted len: 20000129

Parsing sen 1681
Parse did not finish:
- steps: 84379
- queue len: 30535
- attempted len: 20000288

Parsing sen 1683
Parse did not finish:
- steps: 67800
- queue len: 378093
- attempted len: 20001552

Parsing sen 1685
Parse did not finish:
- steps: 982972
- queue len: 941684
- attempted len: 20000020

Parsing sen 1687
Parsing steps: 8938 steps
Cky conversion steps: 477 steps
Chart START items len: 53
Chart keys len: 73
Chart items len: 189

Parsing sen 1688
Parse did not finish:
- steps: 152323
- queue len: 198397
- attempted len: 20000367

Parsing sen 1691
Parsing steps: 99131 steps
Cky conversion steps: 93095 steps
Chart START items len: 9083
Chart keys len: 10088
Chart items len: 44659

Parsing sen 1694
Parse did not finish:
- steps: 144640
- queue len: 135376
- attempted len: 20000158

Parsing sen 1698
Parse did not finish:
- steps: 69012
- queue len: 104778
- attempted len: 20000530

Parsing sen 1702
Parse did not finish:
- steps: 428835
- queue len: 261608
- attempted len: 20000111

Parsing sen 1705
Parse did not finish:
- steps: 71073
- queue len: 48845
- attempted len: 20000582

Parsing sen 1708
Parse did not finish:
- steps: 237298
- queue len: 377677
- attempted len: 20000031

Parsing sen 1711
Parsing steps: 201489 steps
Cky conversion steps: 2576126 steps
Chart START items len: 50244
Chart keys len: 50403
Chart items len: 316542

Parsing sen 1712
Parsing steps: 25060 steps
Cky conversion steps: 52815 steps
Chart START items len: 2848
Chart keys len: 2981
Chart items len: 12409

Parsing sen 1714
Parse did not finish:
- steps: 88669
- queue len: 37099
- attempted len: 20000053

Parsing sen 1718
Parse did not finish:
- steps: 79554
- queue len: 75321
- attempted len: 20000047

Parsing sen 1724
Parse did not finish:
- steps: 58622
- queue len: 57679
- attempted len: 20000878

Parsing sen 1727
Parse did not finish:
- steps: 392741
- queue len: 285878
- attempted len: 20000025

Parsing sen 1729
Parse did not finish:
- steps: 67973
- queue len: 27881
- attempted len: 20000021

Parsing sen 1730
Parse did not finish:
- steps: 93726
- queue len: 75904
- attempted len: 20000717

Parsing sen 1731
Parse did not finish:
- steps: 420918
- queue len: 1033354
- attempted len: 20000048

Parsing sen 1737
Parse did not finish:
- steps: 192414
- queue len: 93731
- attempted len: 20000132

Parsing sen 1740
Parse did not finish:
- steps: 120004
- queue len: 469433
- attempted len: 20000115

Parsing sen 1750
Parse did not finish:
- steps: 130258
- queue len: 420604
- attempted len: 20000253

Parsing sen 1755
Parsing steps: 26966 steps
Cky conversion steps: 284660 steps
Chart START items len: 5126
Chart keys len: 5193
Chart items len: 26189

Parsing sen 1756
Parse did not finish:
- steps: 90635
- queue len: 187025
- attempted len: 20000404

Parsing sen 1764
Parse did not finish:
- steps: 152189
- queue len: 1281385
- attempted len: 20000034

Parsing sen 1769
Parse did not finish:
- steps: 91346
- queue len: 231642
- attempted len: 20000135

Parsing sen 1770
Parse did not finish:
- steps: 92624
- queue len: 287531
- attempted len: 20000677

Parsing sen 1771
Parse did not finish:
- steps: 82405
- queue len: 127771
- attempted len: 20000611

Parsing sen 1775
Parse did not finish:
- steps: 64834
- queue len: 168986
- attempted len: 20000748

Parsing sen 1778
Parse did not finish:
- steps: 175664
- queue len: 188848
- attempted len: 20000231

Parsing sen 1780
Parse did not finish:
- steps: 111153
- queue len: 505202
- attempted len: 20000271

Parsing sen 1783
Parsing steps: 25082 steps
Cky conversion steps: 7202 steps
Chart START items len: 758
Chart keys len: 859
Chart items len: 3013

Parsing sen 1786
Parsing steps: 17274 steps
Cky conversion steps: 2854 steps
Chart START items len: 307
Chart keys len: 390
Chart items len: 1209

Parsing sen 1787
Parse did not finish:
- steps: 66943
- queue len: 27862
- attempted len: 20000824

Parsing sen 1790
Parse did not finish:
- steps: 238146
- queue len: 848075
- attempted len: 20000015

Parsing sen 1794
Parsing steps: 10458 steps
Cky conversion steps: 123719 steps
Chart START items len: 1762
Chart keys len: 1786
Chart items len: 8622

Parsing sen 1795
Parsing steps: 10612 steps
Cky conversion steps: 46743 steps
Chart START items len: 3474
Chart keys len: 3533
Chart items len: 15254

Parsing sen 1796
Parse did not finish:
- steps: 61842
- queue len: 81918
- attempted len: 20000088

Parsing sen 1799
Parse did not finish:
- steps: 65190
- queue len: 94162
- attempted len: 20000062

Parsing sen 1801
Parse did not finish:
- steps: 80219
- queue len: 70899
- attempted len: 20000058

Parsing sen 1803
Parsing steps: 22119 steps
Cky conversion steps: 243828 steps
Chart START items len: 5427
Chart keys len: 5481
Chart items len: 30971

Parsing sen 1806
Parse did not finish:
- steps: 78219
- queue len: 129430
- attempted len: 20000176

Parsing sen 1808
Parse did not finish:
- steps: 528204
- queue len: 240847
- attempted len: 20000675

Parsing sen 1811
Parsing steps: 22851 steps
Cky conversion steps: 226878 steps
Chart START items len: 5011
Chart keys len: 5071
Chart items len: 32842

Parsing sen 1814
Parsing steps: 95607 steps
Cky conversion steps: 292610 steps
Chart START items len: 17634
Chart keys len: 17927
Chart items len: 79423

Parsing sen 1816
Parse did not finish:
- steps: 132953
- queue len: 121021
- attempted len: 20000365

Parsing sen 1820
Parse did not finish:
- steps: 74257
- queue len: 114484
- attempted len: 20000066

Parsing sen 1822
Parsing steps: 309260 steps
Cky conversion steps: 5269704 steps
Chart START items len: 216448
Chart keys len: 217098
Chart items len: 1131013

Parsing sen 1829
Parsing steps: 69147 steps
Cky conversion steps: 278628 steps
Chart START items len: 7637
Chart keys len: 8029
Chart items len: 33926

Parsing sen 1830
Parsing steps: 7118 steps
Cky conversion steps: 4935 steps
Chart START items len: 474
Chart keys len: 520
Chart items len: 2096

Parsing sen 1831
Parsing steps: 2041 steps
Cky conversion steps: 118 steps
Chart START items len: 16
Chart keys len: 19
Chart items len: 47

Parsing sen 1832
Parse did not finish:
- steps: 66177
- queue len: 201520
- attempted len: 20000342

Parsing sen 1833
Parse did not finish:
- steps: 85377
- queue len: 169414
- attempted len: 20000856

Parsing sen 1838
Parsing steps: 5488 steps
Cky conversion steps: 7868 steps
Chart START items len: 376
Chart keys len: 395
Chart items len: 1871

Parsing sen 1839
Parse did not finish:
- steps: 107438
- queue len: 335606
- attempted len: 20000513

Parsing sen 1843
Parsing steps: 26642 steps
Cky conversion steps: 351818 steps
Chart START items len: 4445
Chart keys len: 4481
Chart items len: 23137

Parsing sen 1844
Parse did not finish:
- steps: 226447
- queue len: 170137
- attempted len: 20000113

Parsing sen 1845
Parse did not finish:
- steps: 103238
- queue len: 1430395
- attempted len: 20000178

Parsing sen 1850
Parse did not finish:
- steps: 115933
- queue len: 48357
- attempted len: 20000248

Parsing sen 1852
Parse did not finish:
- steps: 138361
- queue len: 462495
- attempted len: 20000167

Parsing sen 1858
Parsing steps: 70406 steps
Cky conversion steps: 404895 steps
Chart START items len: 11734
Chart keys len: 12098
Chart items len: 52743

Parsing sen 1859
Parsing steps: 5016 steps
Cky conversion steps: 2580 steps
Chart START items len: 262
Chart keys len: 303
Chart items len: 918

Parsing sen 1860
Parse did not finish:
- steps: 119580
- queue len: 238059
- attempted len: 20000896

Parsing sen 1863
Parse did not finish:
- steps: 108099
- queue len: 148000
- attempted len: 20000123

Parsing sen 1865
Parsing steps: 216488 steps
Cky conversion steps: 4814214 steps
Chart START items len: 53817
Chart keys len: 53970
Chart items len: 429306

Parsing sen 1866
Parsing steps: 47109 steps
Cky conversion steps: 709649 steps
Chart START items len: 9226
Chart keys len: 9321
Chart items len: 47753

Parsing sen 1867
Parse did not finish:
- steps: 270757
- queue len: 419757
- attempted len: 20000018

Parsing sen 1869
Parse did not finish:
- steps: 533818
- queue len: 523486
- attempted len: 20000005

Parsing sen 1871
Parse did not finish:
- steps: 56870
- queue len: 75116
- attempted len: 20000056

Parsing sen 1875
Parse did not finish:
- steps: 79203
- queue len: 129364
- attempted len: 20001116

Parsing sen 1877
Parse did not finish:
- steps: 76536
- queue len: 53113
- attempted len: 20000061

Parsing sen 1880
Parse did not finish:
- steps: 120153
- queue len: 48899
- attempted len: 20000066

Parsing sen 1881
Parse did not finish:
- steps: 82296
- queue len: 205120
- attempted len: 20001090

Parsing sen 1885
Parsing steps: 2905 steps
Cky conversion steps: 13159 steps
Chart START items len: 369
Chart keys len: 383
Chart items len: 1710

Parsing sen 1886
Parsing steps: 66303 steps
Cky conversion steps: 19215 steps
Chart START items len: 2285
Chart keys len: 2755
Chart items len: 9007

Parsing sen 1888
Parse did not finish:
- steps: 71909
- queue len: 49272
- attempted len: 20000313

Parsing sen 1890
Parsing steps: 48095 steps
Cky conversion steps: 319470 steps
Chart START items len: 7211
Chart keys len: 7497
Chart items len: 32996

Parsing sen 1893
Parse did not finish:
- steps: 148974
- queue len: 220309
- attempted len: 20000048

Parsing sen 1898
Parse did not finish:
- steps: 105760
- queue len: 389114
- attempted len: 20000224

Parsing sen 1901
Parse did not finish:
- steps: 131649
- queue len: 389599
- attempted len: 20000030

Parsing sen 1904
Parse did not finish:
- steps: 72481
- queue len: 60128
- attempted len: 20000064

Parsing sen 1906
Parse did not finish:
- steps: 75912
- queue len: 150104
- attempted len: 20000795

Parsing sen 1909
Parsing steps: 66315 steps
Cky conversion steps: 373538 steps
Chart START items len: 26907
Chart keys len: 27345
Chart items len: 103817

Parsing sen 1912
Parse did not finish:
- steps: 137131
- queue len: 91695
- attempted len: 20000009

Parsing sen 1913
Parsing steps: 13406 steps
Cky conversion steps: 15142 steps
Chart START items len: 943
Chart keys len: 1059
Chart items len: 4430

Parsing sen 1914
Parsing steps: 26052 steps
Cky conversion steps: 324785 steps
Chart START items len: 4688
Chart keys len: 4761
Chart items len: 26764

Parsing sen 1915
Parsing steps: 6290 steps
Cky conversion steps: 20800 steps
Chart START items len: 595
Chart keys len: 624
Chart items len: 3064

Parsing sen 1916
Parsing steps: 41120 steps
Cky conversion steps: 446820 steps
Chart START items len: 7786
Chart keys len: 7880
Chart items len: 43215

Parsing sen 1918
Parsing steps: 40576 steps
Cky conversion steps: 76407 steps
Chart START items len: 4749
Chart keys len: 4992
Chart items len: 21973

Parsing sen 1919
Parsing steps: 1505 steps
Cky conversion steps: 1667 steps
Chart START items len: 112
Chart keys len: 122
Chart items len: 471

Parsing sen 1920
Parsing steps: 3728 steps
Cky conversion steps: 9978 steps
Chart START items len: 407
Chart keys len: 428
Chart items len: 1822

Parsing sen 1921
Parsing steps: 1051 steps
Cky conversion steps: 788 steps
Chart START items len: 58
Chart keys len: 63
Chart items len: 214

Parsing sen 1922
Parsing steps: 1703 steps
Cky conversion steps: 1838 steps
Chart START items len: 113
Chart keys len: 124
Chart items len: 538

Parsing sen 1923
Parse did not finish:
- steps: 228147
- queue len: 417038
- attempted len: 20000165

Parsing sen 1924
Parsing steps: 4226 steps
Cky conversion steps: 5320 steps
Chart START items len: 380
Chart keys len: 420
Chart items len: 1783

Parsing sen 1926
Parsing steps: 1467 steps
Cky conversion steps: 6621 steps
Chart START items len: 157
Chart keys len: 160
Chart items len: 653

Parsing sen 1927
Parsing steps: 1714 steps
Cky conversion steps: 1273 steps
Chart START items len: 85
Chart keys len: 95
Chart items len: 360

Parsing sen 1928
Parsing steps: 6073 steps
Cky conversion steps: 30847 steps
Chart START items len: 837
Chart keys len: 875
Chart items len: 4135

Parsing sen 1930
Parsing steps: 1967 steps
Cky conversion steps: 779 steps
Chart START items len: 47
Chart keys len: 53
Chart items len: 164

Parsing sen 1931
Parsing steps: 54630 steps
Cky conversion steps: 222113 steps
Chart START items len: 11458
Chart keys len: 11626
Chart items len: 61195

Parsing sen 1934
Parsing steps: 28580 steps
Cky conversion steps: 325463 steps
Chart START items len: 5259
Chart keys len: 5339
Chart items len: 28792

Parsing sen 1935
Parsing steps: 94419 steps
Cky conversion steps: 1518141 steps
Chart START items len: 25029
Chart keys len: 25162
Chart items len: 150196

Parsing sen 1939
Parse did not finish:
- steps: 71212
- queue len: 212360
- attempted len: 20000044

Parsing sen 1941
Parsing steps: 23616 steps
Cky conversion steps: 45270 steps
Chart START items len: 1153
Chart keys len: 1379
Chart items len: 4660

Parsing sen 1943
Parse did not finish:
- steps: 79272
- queue len: 79993
- attempted len: 20000297

Parsing sen 1945
Parse did not finish:
- steps: 136258
- queue len: 89527
- attempted len: 20000566

Parsing sen 1950
Parsing steps: 176358 steps
Cky conversion steps: 767552 steps
Chart START items len: 32934
Chart keys len: 33174
Chart items len: 165446

Parsing sen 1951
Parse did not finish:
- steps: 170286
- queue len: 199135
- attempted len: 20000084

Parsing sen 1954
Parsing steps: 1881 steps
Cky conversion steps: 742 steps
Chart START items len: 84
Chart keys len: 97
Chart items len: 323

Parsing sen 1955
Parsing steps: 17893 steps
Cky conversion steps: 224866 steps
Chart START items len: 3510
Chart keys len: 3547
Chart items len: 19501

Parsing sen 1956
Parsing steps: 3145 steps
Cky conversion steps: 157 steps
Chart START items len: 23
Chart keys len: 28
Chart items len: 72

Parsing sen 1959
Parsing steps: 222668 steps
Cky conversion steps: 545559 steps
Chart START items len: 33224
Chart keys len: 33389
Chart items len: 162833

Parsing sen 1960
Parse did not finish:
- steps: 84310
- queue len: 255932
- attempted len: 20000184

Parsing sen 1961
Parsing steps: 107650 steps
Cky conversion steps: 318558 steps
Chart START items len: 17135
Chart keys len: 17498
Chart items len: 84660

Parsing sen 1963
Parse did not finish:
- steps: 216952
- queue len: 155147
- attempted len: 20000370

Parsing sen 1965
Parse did not finish:
- steps: 59093
- queue len: 57158
- attempted len: 20000111

Parsing sen 1968
Parse did not finish:
- steps: 74860
- queue len: 122741
- attempted len: 20000112

Parsing sen 1971
Parse did not finish:
- steps: 65927
- queue len: 123678
- attempted len: 20001137

Parsing sen 1972
Parse did not finish:
- steps: 67895
- queue len: 42916
- attempted len: 20000492

Parsing sen 1976
Parsing steps: 351622 steps
Cky conversion steps: 9521831 steps
Chart START items len: 101424
Chart keys len: 101686
Chart items len: 791325

Parsing sen 1977
Parse did not finish:
- steps: 95399
- queue len: 51789
- attempted len: 20000623

Parsing sen 1979
Parse did not finish:
- steps: 409438
- queue len: 619676
- attempted len: 20000142

Parsing sen 1982
Parse did not finish:
- steps: 70293
- queue len: 150833
- attempted len: 20000222

Parsing sen 1984
Parse did not finish:
- steps: 79203
- queue len: 63208
- attempted len: 20000354

Parsing sen 1987
Parse did not finish:
- steps: 95373
- queue len: 156719
- attempted len: 20000021

Parsing sen 1995
Parsing steps: 25261 steps
Cky conversion steps: 88455 steps
Chart START items len: 3441
Chart keys len: 3524
Chart items len: 19926

Parsing sen 1996
Parse did not finish:
- steps: 188018
- queue len: 251993
- attempted len: 20000036

Parsing sen 1999
Parse did not finish:
- steps: 163333
- queue len: 95416
- attempted len: 20000201

Parsing sen 2003
Parsing steps: 4556 steps
Cky conversion steps: 66 steps
Chart START items len: 9
Chart keys len: 13
Chart items len: 24

Parsing sen 2004
Parse did not finish:
- steps: 82548
- queue len: 127862
- attempted len: 20001019

Parsing sen 2009
Parse did not finish:
- steps: 69882
- queue len: 53261
- attempted len: 20001543

Parsing sen 2010
Parse did not finish:
- steps: 62461
- queue len: 39177
- attempted len: 20001132

Parsing sen 2014
Parsing steps: 17666 steps
Cky conversion steps: 9457 steps
Chart START items len: 1073
Chart keys len: 1346
Chart items len: 4161

Parsing sen 2015
Parsing steps: 29212 steps
Cky conversion steps: 17574 steps
Chart START items len: 2241
Chart keys len: 2415
Chart items len: 7993

Parsing sen 2016
Parse did not finish:
- steps: 81787
- queue len: 321405
- attempted len: 20000354

Parsing sen 2025
Parsing steps: 8240 steps
Cky conversion steps: 26588 steps
Chart START items len: 949
Chart keys len: 1001
Chart items len: 4162

Parsing sen 2027
Parsing steps: 52594 steps
Cky conversion steps: 343772 steps
Chart START items len: 7017
Chart keys len: 7263
Chart items len: 33530

Parsing sen 2028
Parsing steps: 68497 steps
Cky conversion steps: 174806 steps
Chart START items len: 9508
Chart keys len: 9830
Chart items len: 40991

Parsing sen 2030
Parsing steps: 128774 steps
Cky conversion steps: 139389 steps
Chart START items len: 15934
Chart keys len: 16607
Chart items len: 66969

Parsing sen 2033
Parse did not finish:
- steps: 78562
- queue len: 174502
- attempted len: 20000497

Parsing sen 2037
Parsing steps: 33676 steps
Cky conversion steps: 1042052 steps
Chart START items len: 7693
Chart keys len: 7719
Chart items len: 39558

Parsing sen 2038
Parsing steps: 24185 steps
Cky conversion steps: 170352 steps
Chart START items len: 3376
Chart keys len: 3459
Chart items len: 18726

Parsing sen 2039
Parsing steps: 20639 steps
Cky conversion steps: 24532 steps
Chart START items len: 2063
Chart keys len: 2154
Chart items len: 8417

Parsing sen 2040
Parsing steps: 6178 steps
Cky conversion steps: 2945 steps
Chart START items len: 319
Chart keys len: 408
Chart items len: 1392

Parsing sen 2043
Parsing steps: 14452 steps
Cky conversion steps: 76404 steps
Chart START items len: 2048
Chart keys len: 2101
Chart items len: 10566

Parsing sen 2044
Parsing steps: 79587 steps
Cky conversion steps: 277510 steps
Chart START items len: 8958
Chart keys len: 9289
Chart items len: 42034

Parsing sen 2047
Parse did not finish:
- steps: 125490
- queue len: 231525
- attempted len: 20000213

Parsing sen 2048
Parsing steps: 44364 steps
Cky conversion steps: 57071 steps
Chart START items len: 4001
Chart keys len: 4614
Chart items len: 16424

Parsing sen 2049
Parse did not finish:
- steps: 73594
- queue len: 167187
- attempted len: 20000709

Parsing sen 2050
Parse did not finish:
- steps: 75703
- queue len: 56825
- attempted len: 20000744

Parsing sen 2051
Parse did not finish:
- steps: 66286
- queue len: 60179
- attempted len: 20000029

Parsing sen 2053
Parse did not finish:
- steps: 94977
- queue len: 78803
- attempted len: 20000642

Parsing sen 2056
Parse did not finish:
- steps: 84140
- queue len: 131794
- attempted len: 20000936

Parsing sen 2060
Parse did not finish:
- steps: 108202
- queue len: 287649
- attempted len: 20000053

Parsing sen 2062
Parse did not finish:
- steps: 69123
- queue len: 43554
- attempted len: 20000531

Parsing sen 2064
Parsing steps: 1465 steps
Cky conversion steps: 6621 steps
Chart START items len: 157
Chart keys len: 160
Chart items len: 653

Parsing sen 2065
Parse did not finish:
- steps: 114255
- queue len: 179666
- attempted len: 20000115

Parsing sen 2068
Parsing steps: 54769 steps
Cky conversion steps: 1410087 steps
Chart START items len: 17057
Chart keys len: 17163
Chart items len: 102957

Parsing sen 2070
Parsing steps: 833 steps
Cky conversion steps: 230 steps
Chart START items len: 32
Chart keys len: 41
Chart items len: 114

Parsing sen 2071
Parsing steps: 30716 steps
Cky conversion steps: 329233 steps
Chart START items len: 7308
Chart keys len: 7396
Chart items len: 42007

Parsing sen 2072
Parsing steps: 97171 steps
Cky conversion steps: 1079999 steps
Chart START items len: 15625
Chart keys len: 15942
Chart items len: 75474

Parsing sen 2073
Parsing steps: 136413 steps
Cky conversion steps: 19007 steps
Chart START items len: 724
Chart keys len: 834
Chart items len: 3044

Parsing sen 2074
Parsing steps: 58591 steps
Cky conversion steps: 73132 steps
Chart START items len: 4161
Chart keys len: 4668
Chart items len: 16949

Parsing sen 2075
Parse did not finish:
- steps: 65631
- queue len: 22303
- attempted len: 20000730

Parsing sen 2081
Parse did not finish:
- steps: 92818
- queue len: 81460
- attempted len: 20000094

Parsing sen 2085
Parsing steps: 64717 steps
Cky conversion steps: 72092 steps
Chart START items len: 5835
Chart keys len: 6103
Chart items len: 24906

Parsing sen 2086
Parse did not finish:
- steps: 99969
- queue len: 133583
- attempted len: 20001023

Parsing sen 2091
Parsing steps: 66330 steps
Cky conversion steps: 148550 steps
Chart START items len: 6011
Chart keys len: 6500
Chart items len: 26532

Parsing sen 2092
Parsing steps: 24104 steps
Cky conversion steps: 253256 steps
Chart START items len: 4499
Chart keys len: 4655
Chart items len: 25357

Parsing sen 2093
Parse did not finish:
- steps: 77184
- queue len: 59195
- attempted len: 20000251

Parsing sen 2095
Parse did not finish:
- steps: 329663
- queue len: 509076
- attempted len: 20000037

Parsing sen 2099
Parsing steps: 7168 steps
Cky conversion steps: 643 steps
Chart START items len: 102
Chart keys len: 129
Chart items len: 347

Parsing sen 2100
Parsing steps: 12570 steps
Cky conversion steps: 5737 steps
Chart START items len: 355
Chart keys len: 415
Chart items len: 1455

Parsing sen 2102
Parsing steps: 31895 steps
Cky conversion steps: 212974 steps
Chart START items len: 5736
Chart keys len: 5888
Chart items len: 31970

Parsing sen 2104
Parsing steps: 11937 steps
Cky conversion steps: 35328 steps
Chart START items len: 1403
Chart keys len: 1477
Chart items len: 5835

Parsing sen 2105
Parse did not finish:
- steps: 213220
- queue len: 551148
- attempted len: 20000028

Parsing sen 2106
Parse did not finish:
- steps: 170960
- queue len: 124829
- attempted len: 20000115

Parsing sen 2110
Parsing steps: 3399 steps
Cky conversion steps: 4118 steps
Chart START items len: 234
Chart keys len: 247
Chart items len: 996

Parsing sen 2112
Parse did not finish:
- steps: 184254
- queue len: 183796
- attempted len: 20000093

Parsing sen 2114
Parse did not finish:
- steps: 177569
- queue len: 79993
- attempted len: 20000042

Parsing sen 2116
Parse did not finish:
- steps: 135992
- queue len: 1140825
- attempted len: 20001073

Parsing sen 2117
Parsing steps: 20584 steps
Cky conversion steps: 158927 steps
Chart START items len: 4645
Chart keys len: 4708
Chart items len: 22638

Parsing sen 2119
Parsing steps: 11065 steps
Cky conversion steps: 10330 steps
Chart START items len: 860
Chart keys len: 1005
Chart items len: 3508

Parsing sen 2121
Parsing steps: 1967 steps
Cky conversion steps: 276 steps
Chart START items len: 35
Chart keys len: 43
Chart items len: 107

Parsing sen 2122
Parsing steps: 64838 steps
Cky conversion steps: 1068459 steps
Chart START items len: 18157
Chart keys len: 18305
Chart items len: 99649

Parsing sen 2124
Parse did not finish:
- steps: 71171
- queue len: 25304
- attempted len: 20000094

Parsing sen 2126
Parsing steps: 6764 steps
Cky conversion steps: 313 steps
Chart START items len: 41
Chart keys len: 61
Chart items len: 143

Parsing sen 2127
Parse did not finish:
- steps: 55611
- queue len: 45503
- attempted len: 20000668

Parsing sen 2128
Parsing steps: 32713 steps
Cky conversion steps: 20205 steps
Chart START items len: 2171
Chart keys len: 2832
Chart items len: 8526

Parsing sen 2130
Parsing steps: 73275 steps
Cky conversion steps: 219633 steps
Chart START items len: 8627
Chart keys len: 10525
Chart items len: 44922

Parsing sen 2131
Parsing steps: 3487 steps
Cky conversion steps: 366 steps
Chart START items len: 45
Chart keys len: 61
Chart items len: 142

Parsing sen 2133
Parse did not finish:
- steps: 77146
- queue len: 92319
- attempted len: 20000654

Parsing sen 2134
Parsing steps: 999 steps
Cky conversion steps: 1 steps
Chart START items len: 0
Chart keys len: 0
Chart items len: 0

Parsing sen 2135
Parsing steps: 162809 steps
Cky conversion steps: 4283219 steps
Chart START items len: 42081
Chart keys len: 42395
Chart items len: 226335

Parsing sen 2137
Parsing steps: 11846 steps
Cky conversion steps: 11236 steps
Chart START items len: 760
Chart keys len: 796
Chart items len: 3131

Parsing sen 2138
Parsing steps: 329 steps
Cky conversion steps: 19 steps
Chart START items len: 3
Chart keys len: 4
Chart items len: 7

Parsing sen 2139
Parse did not finish:
- steps: 116573
- queue len: 370239
- attempted len: 20000145

Parsing sen 2142
Parse did not finish:
- steps: 175486
- queue len: 298406
- attempted len: 20000360

Parsing sen 2145
Parsing steps: 3966 steps
Cky conversion steps: 23395 steps
Chart START items len: 631
Chart keys len: 652
Chart items len: 2944

Parsing sen 2147
Parsing steps: 25235 steps
Cky conversion steps: 16227 steps
Chart START items len: 1308
Chart keys len: 1522
Chart items len: 5170

Parsing sen 2149
Parsing steps: 1802 steps
Cky conversion steps: 735 steps
Chart START items len: 95
Chart keys len: 111
Chart items len: 331

Parsing sen 2150
Parsing steps: 286371 steps
Cky conversion steps: 9135329 steps
Chart START items len: 92550
Chart keys len: 92667
Chart items len: 686278

Parsing sen 2151
Parsing steps: 52101 steps
Cky conversion steps: 1196419 steps
Chart START items len: 13775
Chart keys len: 13861
Chart items len: 82319

Parsing sen 2152
Parsing steps: 12089 steps
Cky conversion steps: 2208 steps
Chart START items len: 254
Chart keys len: 306
Chart items len: 1042

Parsing sen 2154
Parse did not finish:
- steps: 233600
- queue len: 56490
- attempted len: 20000130

Parsing sen 2155
Parsing steps: 32435 steps
Cky conversion steps: 216884 steps
Chart START items len: 2876
Chart keys len: 2972
Chart items len: 13818

Parsing sen 2158
Parsing steps: 21880 steps
Cky conversion steps: 291818 steps
Chart START items len: 4650
Chart keys len: 4701
Chart items len: 26628

Parsing sen 2160
Parse did not finish:
- steps: 71942
- queue len: 99325
- attempted len: 20000131

Parsing sen 2163
Parse did not finish:
- steps: 785605
- queue len: 1098304
- attempted len: 20000076

Parsing sen 2165
Parsing steps: 21462 steps
Cky conversion steps: 16233 steps
Chart START items len: 953
Chart keys len: 1066
Chart items len: 4269

Parsing sen 2166
Parsing steps: 3377 steps
Cky conversion steps: 1671 steps
Chart START items len: 160
Chart keys len: 182
Chart items len: 627

Parsing sen 2168
Parsing steps: 869 steps
Cky conversion steps: 118 steps
Chart START items len: 16
Chart keys len: 19
Chart items len: 47

Parsing sen 2169
Parsing steps: 421857 steps
Cky conversion did not finish:
- steps: 11946762

Parsing sen 2170
Parse did not finish:
- steps: 124723
- queue len: 49892
- attempted len: 20000330

Parsing sen 2172
Parsing steps: 82002 steps
Cky conversion steps: 2501347 steps
Chart START items len: 26898
Chart keys len: 26975
Chart items len: 179672

Parsing sen 2175
Parsing steps: 10829 steps
Cky conversion steps: 21628 steps
Chart START items len: 1442
Chart keys len: 1511
Chart items len: 6459

Parsing sen 2177
Parse did not finish:
- steps: 122435
- queue len: 35623
- attempted len: 20000091

Parsing sen 2180
Parse did not finish:
- steps: 194384
- queue len: 118478
- attempted len: 20000091

Parsing sen 2181
Parse did not finish:
- steps: 122250
- queue len: 272326
- attempted len: 20000135

Parsing sen 2183
Parsing steps: 18548 steps
Cky conversion steps: 209274 steps
Chart START items len: 4017
Chart keys len: 4068
Chart items len: 19819

Parsing sen 2184
Parse did not finish:
- steps: 151516
- queue len: 202428
- attempted len: 20000168

Parsing sen 2187
Parsing steps: 45074 steps
Cky conversion steps: 342561 steps
Chart START items len: 6809
Chart keys len: 6884
Chart items len: 43343

Parsing sen 2189
Parsing steps: 5593 steps
Cky conversion steps: 10899 steps
Chart START items len: 382
Chart keys len: 398
Chart items len: 1735

Parsing sen 2190
Parse did not finish:
- steps: 434118
- queue len: 487234
- attempted len: 20000234

Parsing sen 2194
Parsing steps: 38007 steps
Cky conversion steps: 1213265 steps
Chart START items len: 12070
Chart keys len: 12126
Chart items len: 72402

Parsing sen 2197
Parsing steps: 13228 steps
Cky conversion steps: 2879 steps
Chart START items len: 176
Chart keys len: 216
Chart items len: 700

Parsing sen 2198
Parse did not finish:
- steps: 194222
- queue len: 766561
- attempted len: 20000068

Parsing sen 2200
Parse did not finish:
- steps: 217169
- queue len: 617864
- attempted len: 20000092

Parsing sen 2203
Parsing steps: 16372 steps
Cky conversion steps: 907 steps
Chart START items len: 95
Chart keys len: 173
Chart items len: 406

Parsing sen 2204
Parsing steps: 161738 steps
Cky conversion steps: 845329 steps
Chart START items len: 55762
Chart keys len: 55924
Chart items len: 264452

Parsing sen 2205
Parse did not finish:
- steps: 165258
- queue len: 76058
- attempted len: 20000272

Parsing sen 2207
Parsing steps: 65128 steps
Cky conversion steps: 245694 steps
Chart START items len: 12249
Chart keys len: 12513
Chart items len: 68787

Parsing sen 2210
Parsing steps: 5222 steps
Cky conversion steps: 5117 steps
Chart START items len: 418
Chart keys len: 461
Chart items len: 1609

Parsing sen 2211
Parsing steps: 6212 steps
Cky conversion steps: 7378 steps
Chart START items len: 417
Chart keys len: 440
Chart items len: 1819

Parsing sen 2212
Parse did not finish:
- steps: 206425
- queue len: 222607
- attempted len: 20000273

Parsing sen 2217
Parse did not finish:
- steps: 418570
- queue len: 481067
- attempted len: 20000106

Parsing sen 2219
Parsing steps: 4617 steps
Cky conversion steps: 4691 steps
Chart START items len: 180
Chart keys len: 184
Chart items len: 738

Parsing sen 2220
Parsing steps: 961 steps
Cky conversion steps: 254 steps
Chart START items len: 34
Chart keys len: 41
Chart items len: 106

Parsing sen 2221
Parse did not finish:
- steps: 86987
- queue len: 74658
- attempted len: 20000265

Parsing sen 2226
Parse did not finish:
- steps: 286411
- queue len: 250253
- attempted len: 20000006

Parsing sen 2229
Parsing steps: 17443 steps
Cky conversion steps: 2582 steps
Chart START items len: 375
Chart keys len: 458
Chart items len: 1290

Parsing sen 2231
Parsing steps: 30721 steps
Cky conversion steps: 36176 steps
Chart START items len: 2667
Chart keys len: 2893
Chart items len: 11217

Parsing sen 2233
Parsing steps: 21076 steps
Cky conversion steps: 203749 steps
Chart START items len: 3916
Chart keys len: 3970
Chart items len: 24307

Parsing sen 2234
Parsing steps: 4091 steps
Cky conversion steps: 7112 steps
Chart START items len: 509
Chart keys len: 537
Chart items len: 2254

Parsing sen 2236
Parsing steps: 18620 steps
Cky conversion steps: 144983 steps
Chart START items len: 3151
Chart keys len: 3214
Chart items len: 18852

Parsing sen 2239
Parsing steps: 14192 steps
Cky conversion steps: 137127 steps
Chart START items len: 1996
Chart keys len: 2047
Chart items len: 13586

Parsing sen 2240
Parse did not finish:
- steps: 178342
- queue len: 64030
- attempted len: 20000008

Parsing sen 2241
Parsing steps: 6846 steps
Cky conversion steps: 33569 steps
Chart START items len: 1150
Chart keys len: 1193
Chart items len: 5787

Parsing sen 2243
Parse did not finish:
- steps: 83169
- queue len: 62080
- attempted len: 20000214

Parsing sen 2246
Parse did not finish:
- steps: 85966
- queue len: 35887
- attempted len: 20000019

Parsing sen 2248
Parse did not finish:
- steps: 163935
- queue len: 236235
- attempted len: 20000258

Parsing sen 2252
Parsing steps: 33741 steps
Cky conversion steps: 33391 steps
Chart START items len: 2177
Chart keys len: 2356
Chart items len: 9768

Parsing sen 2254
Parsing steps: 30720 steps
Cky conversion steps: 70435 steps
Chart START items len: 4230
Chart keys len: 4400
Chart items len: 17859

Parsing sen 2257
Parsing steps: 127583 steps
Cky conversion steps: 882383 steps
Chart START items len: 25071
Chart keys len: 25343
Chart items len: 134983

Parsing sen 2258
Parse did not finish:
- steps: 111592
- queue len: 158220
- attempted len: 20000282

Parsing sen 2260
Parsing steps: 5895 steps
Cky conversion steps: 33180 steps
Chart START items len: 738
Chart keys len: 756
Chart items len: 3627

Parsing sen 2261
Parse did not finish:
- steps: 138438
- queue len: 635746
- attempted len: 20000202

Parsing sen 2264
Parsing steps: 49748 steps
Cky conversion steps: 71445 steps
Chart START items len: 4150
Chart keys len: 4546
Chart items len: 17550

Parsing sen 2266
Parsing steps: 417382 steps
Cky conversion steps: 5677233 steps
Chart START items len: 224378
Chart keys len: 224671
Chart items len: 1146636

Parsing sen 2268
Parsing steps: 30601 steps
Cky conversion steps: 13 steps
Chart START items len: 2
Chart keys len: 3
Chart items len: 4

Parsing sen 2269
Parse did not finish:
- steps: 88366
- queue len: 244696
- attempted len: 20000327

Parsing sen 2271
Parsing steps: 106863 steps
Cky conversion steps: 69097 steps
Chart START items len: 7379
Chart keys len: 9112
Chart items len: 31912

Parsing sen 2275
Parsing steps: 128886 steps
Cky conversion steps: 112115 steps
Chart START items len: 6832
Chart keys len: 7358
Chart items len: 33815

Parsing sen 2277
Parse did not finish:
- steps: 71195
- queue len: 99490
- attempted len: 20000581

Parsing sen 2279
Parse did not finish:
- steps: 74441
- queue len: 39675
- attempted len: 20000800

Parsing sen 2282
Parse did not finish:
- steps: 304345
- queue len: 831369
- attempted len: 20000202

Parsing sen 2283
Parsing steps: 7548 steps
Cky conversion steps: 1367 steps
Chart START items len: 137
Chart keys len: 168
Chart items len: 586

Parsing sen 2286
Parsing steps: 131842 steps
Cky conversion steps: 1232 steps
Chart START items len: 181
Chart keys len: 207
Chart items len: 620

Parsing sen 2287
Parse did not finish:
- steps: 109418
- queue len: 103075
- attempted len: 20000005

Parsing sen 2291
Parse did not finish:
- steps: 181979
- queue len: 609096
- attempted len: 20000180

Parsing sen 2295
Parse did not finish:
- steps: 401325
- queue len: 882489
- attempted len: 20000038

Parsing sen 2298
Parse did not finish:
- steps: 221272
- queue len: 264226
- attempted len: 20000239

Parsing sen 2301
Parsing steps: 31780 steps
Cky conversion steps: 3341 steps
Chart START items len: 499
Chart keys len: 573
Chart items len: 1753

Parsing sen 2302
Parse did not finish:
- steps: 66031
- queue len: 57040
- attempted len: 20000753

Parsing sen 2307
Parsing steps: 110662 steps
Cky conversion steps: 599194 steps
Chart START items len: 53674
Chart keys len: 54712
Chart items len: 224197

Parsing sen 2310
Parse did not finish:
- steps: 126361
- queue len: 82052
- attempted len: 20000024

Parsing sen 2312
Parse did not finish:
- steps: 80072
- queue len: 20397
- attempted len: 20000644

Parsing sen 2313
Parsing steps: 5030 steps
Cky conversion steps: 18797 steps
Chart START items len: 714
Chart keys len: 753
Chart items len: 3605

Parsing sen 2315
Parse did not finish:
- steps: 192246
- queue len: 537261
- attempted len: 20000403

Parsing sen 2316
Parsing steps: 134600 steps
Cky conversion steps: 1094804 steps
Chart START items len: 31558
Chart keys len: 31786
Chart items len: 161493

Parsing sen 2318
Parse did not finish:
- steps: 373662
- queue len: 428704
- attempted len: 20000022

Parsing sen 2319
Parse did not finish:
- steps: 83525
- queue len: 402302
- attempted len: 20000003

Parsing sen 2322
Parsing steps: 477707 steps
Cky conversion did not finish:
- steps: 11731495

Parsing sen 2324
Parse did not finish:
- steps: 261188
- queue len: 3490816
- attempted len: 20000261

Parsing sen 2325
Parse did not finish:
- steps: 216758
- queue len: 1441219
- attempted len: 20000108

Parsing sen 2329
Parse did not finish:
- steps: 55714
- queue len: 62932
- attempted len: 20000428

Parsing sen 2330
Parse did not finish:
- steps: 451567
- queue len: 429625
- attempted len: 20000718

Parsing sen 2333
Parse did not finish:
- steps: 90621
- queue len: 197056
- attempted len: 20000273

Parsing sen 2335
Parsing steps: 51041 steps
Cky conversion steps: 82087 steps
Chart START items len: 6514
Chart keys len: 6844
Chart items len: 39300

Parsing sen 2337
Parse did not finish:
- steps: 71582
- queue len: 52737
- attempted len: 20000948

Parsing sen 2339
Parse did not finish:
- steps: 130882
- queue len: 136075
- attempted len: 20000103

Parsing sen 2340
Parse did not finish:
- steps: 333403
- queue len: 277326
- attempted len: 20000007

Parsing sen 2342
Parsing steps: 91670 steps
Cky conversion steps: 78907 steps
Chart START items len: 5363
Chart keys len: 5589
Chart items len: 24262

Parsing sen 2343
Parse did not finish:
- steps: 243772
- queue len: 791633
- attempted len: 20000235

Parsing sen 2345
Parse did not finish:
- steps: 76642
- queue len: 77993
- attempted len: 20000823

Parsing sen 2347
Parse did not finish:
- steps: 63234
- queue len: 49310
- attempted len: 20000834

Parsing sen 2349
Parsing steps: 30297 steps
Cky conversion steps: 34895 steps
Chart START items len: 3196
Chart keys len: 3368
Chart items len: 12900

Parsing sen 2351
Parse did not finish:
- steps: 92782
- queue len: 275661
- attempted len: 20000259

Parsing sen 2357
Parse did not finish:
- steps: 117500
- queue len: 109056
- attempted len: 20000254

Parsing sen 2360
Parse did not finish:
- steps: 451827
- queue len: 38011
- attempted len: 20000094

Parsing sen 2362
Parse did not finish:
- steps: 117302
- queue len: 753103
- attempted len: 20000347

Parsing sen 2366
Parsing steps: 17204 steps
Cky conversion steps: 36798 steps
Chart START items len: 1784
Chart keys len: 1849
Chart items len: 8189

Parsing sen 2367
Parsing steps: 8722 steps
Cky conversion steps: 32471 steps
Chart START items len: 833
Chart keys len: 870
Chart items len: 4504

Parsing sen 2368
Parsing steps: 22803 steps
Cky conversion steps: 11901 steps
Chart START items len: 1358
Chart keys len: 1601
Chart items len: 5314

Parsing sen 2370
Parsing steps: 3282 steps
Cky conversion steps: 2508 steps
Chart START items len: 220
Chart keys len: 242
Chart items len: 800

Parsing sen 2371
Parse did not finish:
- steps: 166596
- queue len: 293790
- attempted len: 20000031

Parsing sen 2374
Parse did not finish:
- steps: 142703
- queue len: 77804
- attempted len: 20000383

Parsing sen 2377
Parsing steps: 2332 steps
Cky conversion steps: 6614 steps
Chart START items len: 207
Chart keys len: 216
Chart items len: 894

Parsing sen 2378
Parsing steps: 4253 steps
Cky conversion steps: 1979 steps
Chart START items len: 233
Chart keys len: 296
Chart items len: 844

Parsing sen 2380
Parse did not finish:
- steps: 165605
- queue len: 50473
- attempted len: 20000198

Parsing sen 2382
Parsing steps: 577 steps
Cky conversion steps: 72 steps
Chart START items len: 10
Chart keys len: 11
Chart items len: 26

Parsing sen 2383
Parse did not finish:
- steps: 108686
- queue len: 138501
- attempted len: 20000254

Parsing sen 2385
Parsing steps: 38325 steps
Cky conversion steps: 15194 steps
Chart START items len: 1496
Chart keys len: 2070
Chart items len: 5961

Parsing sen 2387
Parse did not finish:
- steps: 67727
- queue len: 39515
- attempted len: 20000672

Parsing sen 2388
Parse did not finish:
- steps: 91851
- queue len: 691371
- attempted len: 20000713

Parsing sen 2392
Parse did not finish:
- steps: 77097
- queue len: 38750
- attempted len: 20001082

Parsing sen 2394
Parse did not finish:
- steps: 168897
- queue len: 63946
- attempted len: 20000264

Parsing sen 2397
Parsing steps: 5456 steps
Cky conversion steps: 40012 steps
Chart START items len: 1113
Chart keys len: 1136
Chart items len: 6145

Parsing sen 2399
Parsing steps: 175243 steps
Cky conversion steps: 5866551 steps
Chart START items len: 55920
Chart keys len: 56028
Chart items len: 386650

Parsing sen 2400
Parsing steps: 14162 steps
Cky conversion steps: 2668 steps
Chart START items len: 258
Chart keys len: 283
Chart items len: 1029

Parsing sen 2401
Parse did not finish:
- steps: 130204
- queue len: 58561
- attempted len: 20000334

Parsing sen 2404
Parsing steps: 199257 steps
Cky conversion steps: 3506549 steps
Chart START items len: 55644
Chart keys len: 55781
Chart items len: 333205

Parsing sen 2405
Parse did not finish:
- steps: 285819
- queue len: 138406
- attempted len: 20000049

Parsing sen 2406
Parse did not finish:
- steps: 397349
- queue len: 1011315
- attempted len: 20000040

Parsing sen 2412
Parsing steps: 73330 steps
Cky conversion steps: 1897669 steps
Chart START items len: 19426
Chart keys len: 19512
Chart items len: 118518

Parsing sen 2413
Parse did not finish:
- steps: 159711
- queue len: 194081
- attempted len: 20000682

Parsing sen 2416
Parsing steps: 3463 steps
Cky conversion steps: 3684 steps
Chart START items len: 353
Chart keys len: 377
Chart items len: 1365

Parsing sen 2418
Parsing steps: 30552 steps
Cky conversion steps: 626 steps
Chart START items len: 65
Chart keys len: 85
Chart items len: 246

Parsing sen 2419
Parsing steps: 44129 steps
Cky conversion steps: 620084 steps
Chart START items len: 8801
Chart keys len: 8874
Chart items len: 47423

Parsing sen 2420
Parsing steps: 330728 steps
Cky conversion steps: 1872668 steps
Chart START items len: 70303
Chart keys len: 70622
Chart items len: 396689

Parsing sen 2422
Parse did not finish:
- steps: 224448
- queue len: 1445486
- attempted len: 20000194

Parsing sen 2425
Parse did not finish:
- steps: 79162
- queue len: 220280
- attempted len: 20001215

Parsing sen 2431
Parsing steps: 34720 steps
Cky conversion steps: 134007 steps
Chart START items len: 3820
Chart keys len: 4013
Chart items len: 17718

Parsing sen 2432
Parse did not finish:
- steps: 127294
- queue len: 392073
- attempted len: 20000326

Parsing sen 2434
Parsing steps: 202233 steps
Cky conversion steps: 1298621 steps
Chart START items len: 31216
Chart keys len: 32199
Chart items len: 190239

Parsing sen 2435
Parse did not finish:
- steps: 67837
- queue len: 112947
- attempted len: 20001002

Parsing sen 2439
Parse did not finish:
- steps: 101779
- queue len: 88085
- attempted len: 20000486

Parsing sen 2443
Parsing steps: 144717 steps
Cky conversion steps: 3033796 steps
Chart START items len: 36771
Chart keys len: 36981
Chart items len: 251502

Parsing sen 2447
Parsing steps: 196924 steps
Cky conversion steps: 3018128 steps
Chart START items len: 51811
Chart keys len: 52036
Chart items len: 358267

Parsing sen 2448
Parsing steps: 1658 steps
Cky conversion steps: 286 steps
Chart START items len: 28
Chart keys len: 44
Chart items len: 103

Parsing sen 2449
Parsing steps: 4087 steps
Cky conversion steps: 13254 steps
Chart START items len: 528
Chart keys len: 551
Chart items len: 2285

Parsing sen 2451
Parse did not finish:
- steps: 76790
- queue len: 174182
- attempted len: 20000035

Parsing sen 2453
Parsing steps: 4673 steps
Cky conversion steps: 692 steps
Chart START items len: 101
Chart keys len: 133
Chart items len: 335

Parsing sen 2456
Parse did not finish:
- steps: 77833
- queue len: 70004
- attempted len: 20000329

Parsing sen 2459
Parsing steps: 55069 steps
Cky conversion steps: 355284 steps
Chart START items len: 11002
Chart keys len: 11423
Chart items len: 65617

Parsing sen 2462
Parsing steps: 20467 steps
Cky conversion steps: 74189 steps
Chart START items len: 7257
Chart keys len: 7466
Chart items len: 30968

Parsing sen 2466
Parse did not finish:
- steps: 179374
- queue len: 54034
- attempted len: 20000009

Parsing sen 2467
Parse did not finish:
- steps: 76543
- queue len: 62181
- attempted len: 20000281

Parsing sen 2468
Parse did not finish:
- steps: 114912
- queue len: 520371
- attempted len: 20000252

Parsing sen 2469
Parse did not finish:
- steps: 137693
- queue len: 2100157
- attempted len: 20000525

Parsing sen 2473
Parse did not finish:
- steps: 69819
- queue len: 85374
- attempted len: 20001148

Parsing sen 2477
Parsing steps: 2935 steps
Cky conversion steps: 2370 steps
Chart START items len: 217
Chart keys len: 233
Chart items len: 859

Parsing sen 2478
Parse did not finish:
- steps: 225503
- queue len: 106731
- attempted len: 20000024

Parsing sen 2483
Parse did not finish:
- steps: 125566
- queue len: 221178
- attempted len: 20000025

Parsing sen 2489
Parsing steps: 86111 steps
Cky conversion steps: 1054800 steps
Chart START items len: 21609
Chart keys len: 21752
Chart items len: 135791

Parsing sen 2493
Parsing steps: 924063 steps
Cky conversion did not finish:
- steps: 10874076

Parsing sen 2495
Parse did not finish:
- steps: 83893
- queue len: 87971
- attempted len: 20001296

Parsing sen 2501
Parse did not finish:
- steps: 71689
- queue len: 46868
- attempted len: 20000333

Parsing sen 2507
Parse did not finish:
- steps: 652306
- queue len: 831584
- attempted len: 20000314

Parsing sen 2511
Parsing steps: 9925 steps
Cky conversion steps: 95788 steps
Chart START items len: 2042
Chart keys len: 2071
Chart items len: 12066

Parsing sen 2512
Parsing steps: 16248 steps
Cky conversion steps: 26962 steps
Chart START items len: 1844
Chart keys len: 1997
Chart items len: 8622

Parsing sen 2514
Parse did not finish:
- steps: 104612
- queue len: 22072
- attempted len: 20000931

Parsing sen 2516
Parse did not finish:
- steps: 89590
- queue len: 141032
- attempted len: 20000084

Parsing sen 2518
Parse did not finish:
- steps: 304215
- queue len: 5686
- attempted len: 20000169

Parsing sen 2521
Parsing steps: 335509 steps
Cky conversion steps: 12301540 steps
Chart START items len: 110235
Chart keys len: 110463
Chart items len: 829460

Parsing sen 2524
Parsing steps: 37428 steps
Cky conversion steps: 170338 steps
Chart START items len: 4624
Chart keys len: 4827
Chart items len: 23985

Parsing sen 2525
Parse did not finish:
- steps: 111331
- queue len: 254433
- attempted len: 20000101

Parsing sen 2529
Parse did not finish:
- steps: 324636
- queue len: 439255
- attempted len: 20000206

Parsing sen 2531
Parse did not finish:
- steps: 122621
- queue len: 143336
- attempted len: 20000397

Parsing sen 2533
Parse did not finish:
- steps: 85372
- queue len: 11452
- attempted len: 20000980

Parsing sen 2536
Parse did not finish:
- steps: 63527
- queue len: 85003
- attempted len: 20000722

Parsing sen 2540
Parsing steps: 485475 steps
Cky conversion steps: 3889442 steps
Chart START items len: 308220
Chart keys len: 309538
Chart items len: 1377323

Parsing sen 2544
Parsing steps: 8584 steps
Cky conversion steps: 8225 steps
Chart START items len: 509
Chart keys len: 560
Chart items len: 2403

Parsing sen 2545
Parse did not finish:
- steps: 81959
- queue len: 79175
- attempted len: 20001304

Parsing sen 2553
Parsing steps: 4824 steps
Cky conversion steps: 1674 steps
Chart START items len: 178
Chart keys len: 208
Chart items len: 655

Parsing sen 2554
Parse did not finish:
- steps: 103360
- queue len: 69003
- attempted len: 20000332

Parsing sen 2559
Parse did not finish:
- steps: 135493
- queue len: 220806
- attempted len: 20000201

Parsing sen 2565
Parse did not finish:
- steps: 204120
- queue len: 540517
- attempted len: 20000481

Parsing sen 2569
Parsing steps: 149288 steps
Cky conversion steps: 1622516 steps
Chart START items len: 21381
Chart keys len: 21480
Chart items len: 105883

Parsing sen 2570
Parsing steps: 2469 steps
Cky conversion steps: 11665 steps
Chart START items len: 305
Chart keys len: 315
Chart items len: 1360

Parsing sen 2571
Parse did not finish:
- steps: 57643
- queue len: 71419
- attempted len: 20000774

Parsing sen 2572
Parse did not finish:
- steps: 86961
- queue len: 344576
- attempted len: 20001287

Parsing sen 2574
Parsing steps: 6363 steps
Cky conversion steps: 4594 steps
Chart START items len: 287
Chart keys len: 304
Chart items len: 1426

Parsing sen 2575
Parse did not finish:
- steps: 147837
- queue len: 109553
- attempted len: 20000537

Parsing sen 2577
Parse did not finish:
- steps: 65555
- queue len: 59168
- attempted len: 20000500

Parsing sen 2580
Parsing steps: 12846 steps
Cky conversion steps: 120149 steps
Chart START items len: 2208
Chart keys len: 2237
Chart items len: 11546

Parsing sen 2581
Parsing steps: 44945 steps
Cky conversion steps: 100201 steps
Chart START items len: 2497
Chart keys len: 2562
Chart items len: 12562

Parsing sen 2584
Parsing steps: 41387 steps
Cky conversion steps: 454682 steps
Chart START items len: 8450
Chart keys len: 8523
Chart items len: 52090

Parsing sen 2585
Parsing steps: 5190 steps
Cky conversion steps: 1421 steps
Chart START items len: 172
Chart keys len: 224
Chart items len: 618

Parsing sen 2586
Parsing steps: 281689 steps
Cky conversion steps: 4531277 steps
Chart START items len: 79344
Chart keys len: 79569
Chart items len: 513005

Parsing sen 2587
Parsing steps: 69381 steps
Cky conversion steps: 136254 steps
Chart START items len: 7525
Chart keys len: 8057
Chart items len: 35981

Parsing sen 2588
Parsing steps: 7808 steps
Cky conversion steps: 4230 steps
Chart START items len: 445
Chart keys len: 492
Chart items len: 1768

Parsing sen 2590
Parse did not finish:
- steps: 66159
- queue len: 195226
- attempted len: 20000764

Parsing sen 2592
Parsing steps: 11864 steps
Cky conversion steps: 24722 steps
Chart START items len: 751
Chart keys len: 804
Chart items len: 3070

Parsing sen 2593
Parsing steps: 4807 steps
Cky conversion steps: 6032 steps
Chart START items len: 366
Chart keys len: 397
Chart items len: 1676

Parsing sen 2594
Parsing steps: 67373 steps
Cky conversion steps: 239727 steps
Chart START items len: 10828
Chart keys len: 10993
Chart items len: 59625

Parsing sen 2596
Parsing steps: 7695 steps
Cky conversion steps: 8546 steps
Chart START items len: 1000
Chart keys len: 1062
Chart items len: 4161

Parsing sen 2597
Parse did not finish:
- steps: 78178
- queue len: 106749
- attempted len: 20000497

Parsing sen 2601
Parse did not finish:
- steps: 130033
- queue len: 240355
- attempted len: 20000398

Parsing sen 2605
Parse did not finish:
- steps: 164021
- queue len: 166273
- attempted len: 20000153

Parsing sen 2606
Parsing steps: 77814 steps
Cky conversion steps: 3940 steps
Chart START items len: 420
Chart keys len: 693
Chart items len: 1708

Parsing sen 2610
Parse did not finish:
- steps: 78140
- queue len: 138395
- attempted len: 20000442

Parsing sen 2612
Parse did not finish:
- steps: 151020
- queue len: 239906
- attempted len: 20000236

Parsing sen 2613
Parse did not finish:
- steps: 61805
- queue len: 116060
- attempted len: 20000230

Parsing sen 2614
Parse did not finish:
- steps: 72305
- queue len: 96017
- attempted len: 20000088

Parsing sen 2617
Parsing steps: 64104 steps
Cky conversion steps: 70338 steps
Chart START items len: 5177
Chart keys len: 5280
Chart items len: 21228

Parsing sen 2618
Parsing steps: 17591 steps
Cky conversion steps: 80920 steps
Chart START items len: 2373
Chart keys len: 2432
Chart items len: 11945

Parsing sen 2619
Parse did not finish:
- steps: 80451
- queue len: 186519
- attempted len: 20000793

Parsing sen 2620
Parsing steps: 104877 steps
Cky conversion steps: 1958605 steps
Chart START items len: 29911
Chart keys len: 30023
Chart items len: 171515

Parsing sen 2622
Parse did not finish:
- steps: 105401
- queue len: 433887
- attempted len: 20000097

Parsing sen 2623
Parsing steps: 72636 steps
Cky conversion steps: 4647 steps
Chart START items len: 580
Chart keys len: 635
Chart items len: 2145

Parsing sen 2626
Parse did not finish:
- steps: 348358
- queue len: 530900
- attempted len: 20000065

Parsing sen 2630
Parse did not finish:
- steps: 106895
- queue len: 152618
- attempted len: 20000105

Parsing sen 2632
Parse did not finish:
- steps: 329428
- queue len: 327156
- attempted len: 20000184

Parsing sen 2637
Parsing steps: 67952 steps
Cky conversion steps: 509837 steps
Chart START items len: 12741
Chart keys len: 12863
Chart items len: 68828

Parsing sen 2638
Parse did not finish:
- steps: 166063
- queue len: 565042
- attempted len: 20000195

Parsing sen 2640
Parse did not finish:
- steps: 219572
- queue len: 429143
- attempted len: 20000118

Parsing sen 2641
Parsing steps: 3776 steps
Cky conversion steps: 2703 steps
Chart START items len: 210
Chart keys len: 241
Chart items len: 789

Parsing sen 2642
Parsing steps: 164764 steps
Cky conversion steps: 704298 steps
Chart START items len: 25001
Chart keys len: 25210
Chart items len: 154606

Parsing sen 2644
Parse did not finish:
- steps: 62403
- queue len: 61583
- attempted len: 20001547

Parsing sen 2645
Parse did not finish:
- steps: 68626
- queue len: 38650
- attempted len: 20000312

Parsing sen 2650
Parsing steps: 11486 steps
Cky conversion steps: 177215 steps
Chart START items len: 1974
Chart keys len: 1991
Chart items len: 9774

Parsing sen 2651
Parse did not finish:
- steps: 300046
- queue len: 134320
- attempted len: 20000057

Parsing sen 2653
Parse did not finish:
- steps: 83611
- queue len: 91680
- attempted len: 20000298

Parsing sen 2657
Parsing steps: 6035 steps
Cky conversion steps: 2064 steps
Chart START items len: 210
Chart keys len: 255
Chart items len: 916

Parsing sen 2658
Parsing steps: 80910 steps
Cky conversion steps: 350673 steps
Chart START items len: 14962
Chart keys len: 15137
Chart items len: 93470

Parsing sen 2660
Parse did not finish:
- steps: 109687
- queue len: 200025
- attempted len: 20000582

Parsing sen 2663
Parsing steps: 41331 steps
Cky conversion steps: 721333 steps
Chart START items len: 9417
Chart keys len: 9471
Chart items len: 62884

Parsing sen 2664
Parsing steps: 237172 steps
Cky conversion steps: 3381858 steps
Chart START items len: 64077
Chart keys len: 64288
Chart items len: 380098

Parsing sen 2666
Parsing steps: 67815 steps
Cky conversion steps: 190971 steps
Chart START items len: 10373
Chart keys len: 10599
Chart items len: 47341

Parsing sen 2668
Parsing steps: 60503 steps
Cky conversion steps: 425288 steps
Chart START items len: 12658
Chart keys len: 12856
Chart items len: 64853

Parsing sen 2670
Parsing steps: 20464 steps
Cky conversion steps: 20763 steps
Chart START items len: 1487
Chart keys len: 1763
Chart items len: 6454

Parsing sen 2671
Parse did not finish:
- steps: 203118
- queue len: 439819
- attempted len: 20000332

Parsing sen 2675
Parse did not finish:
- steps: 531133
- queue len: 237623
- attempted len: 20000088

Parsing sen 2677
Parse did not finish:
- steps: 93734
- queue len: 277081
- attempted len: 20001584

Parsing sen 2678
Parsing steps: 80676 steps
Cky conversion steps: 627683 steps
Chart START items len: 15960
Chart keys len: 16182
Chart items len: 91143

Parsing sen 2679
Parsing steps: 5824 steps
Cky conversion steps: 5415 steps
Chart START items len: 455
Chart keys len: 519
Chart items len: 1771

Parsing sen 2681
Parse did not finish:
- steps: 78695
- queue len: 72422
- attempted len: 20000186

Parsing sen 2684
Parse did not finish:
- steps: 311575
- queue len: 117319
- attempted len: 20000122

Parsing sen 2685
Parse did not finish:
- steps: 196357
- queue len: 665779
- attempted len: 20000177

Parsing sen 2686
Parsing steps: 59824 steps
Cky conversion steps: 101645 steps
Chart START items len: 6012
Chart keys len: 6242
Chart items len: 24306

Parsing sen 2687
Parse did not finish:
- steps: 59773
- queue len: 46301
- attempted len: 20000180

Parsing sen 2690
Parse did not finish:
- steps: 68244
- queue len: 144568
- attempted len: 20000368

Parsing sen 2693
Parse did not finish:
- steps: 73165
- queue len: 62807
- attempted len: 20000412

Parsing sen 2697
Parse did not finish:
- steps: 92211
- queue len: 131629
- attempted len: 20000549

Parsing sen 2700
Parse did not finish:
- steps: 61122
- queue len: 28200
- attempted len: 20000802

Parsing sen 2702
Parsing steps: 16996 steps
Cky conversion steps: 10418 steps
Chart START items len: 911
Chart keys len: 1090
Chart items len: 3619

Parsing sen 2703
Parse did not finish:
- steps: 67881
- queue len: 82714
- attempted len: 20000590

Parsing sen 2704
Parse did not finish:
- steps: 100520
- queue len: 445290
- attempted len: 20001347

Parsing sen 2707
Parse did not finish:
- steps: 84920
- queue len: 152613
- attempted len: 20000104

Parsing sen 2711
Parse did not finish:
- steps: 168625
- queue len: 249188
- attempted len: 20000164

Parsing sen 2713
Parse did not finish:
- steps: 151071
- queue len: 143566
- attempted len: 20000422

Parsing sen 2714
Parse did not finish:
- steps: 394694
- queue len: 376002
- attempted len: 20000029

Parsing sen 2715
Parse did not finish:
- steps: 173882
- queue len: 159724
- attempted len: 20000013

Parsing sen 2717
Parse did not finish:
- steps: 82852
- queue len: 43966
- attempted len: 20000253

Parsing sen 2721
Parse did not finish:
- steps: 64381
- queue len: 22555
- attempted len: 20000803

Parsing sen 2722
Parse did not finish:
- steps: 126628
- queue len: 222723
- attempted len: 20000062

Parsing sen 2723
Parsing steps: 175631 steps
Cky conversion steps: 1751576 steps
Chart START items len: 98685
Chart keys len: 99144
Chart items len: 521315

Parsing sen 2728
Parse did not finish:
- steps: 69602
- queue len: 57935
- attempted len: 20001089

Parsing sen 2730
Parse did not finish:
- steps: 150037
- queue len: 257850
- attempted len: 20000218

Parsing sen 2733
Parsing steps: 4190 steps
Cky conversion steps: 4490 steps
Chart START items len: 355
Chart keys len: 393
Chart items len: 1434

Parsing sen 2734
Parse did not finish:
- steps: 98716
- queue len: 71131
- attempted len: 20000159

Parsing sen 2735
Parsing steps: 22939 steps
Cky conversion steps: 88065 steps
Chart START items len: 3700
Chart keys len: 3763
Chart items len: 19870

Parsing sen 2736
Parsing steps: 2511 steps
Cky conversion steps: 1601 steps
Chart START items len: 83
Chart keys len: 91
Chart items len: 304

Parsing sen 2737
Parsing steps: 1257 steps
Cky conversion steps: 401 steps
Chart START items len: 32
Chart keys len: 35
Chart items len: 107

Parsing sen 2739
Parse did not finish:
- steps: 86290
- queue len: 113945
- attempted len: 20000506

Parsing sen 2740
Parsing steps: 218700 steps
Cky conversion steps: 4110835 steps
Chart START items len: 58370
Chart keys len: 58712
Chart items len: 365523

Parsing sen 2742
Parse did not finish:
- steps: 192695
- queue len: 124029
- attempted len: 20000336

Parsing sen 2743
Parse did not finish:
- steps: 68050
- queue len: 65839
- attempted len: 20000385

Parsing sen 2744
Parsing steps: 223083 steps
Cky conversion steps: 2461976 steps
Chart START items len: 87220
Chart keys len: 89338
Chart items len: 395476

Parsing sen 2748
Parsing steps: 26818 steps
Cky conversion steps: 118906 steps
Chart START items len: 3234
Chart keys len: 3290
Chart items len: 17212

Parsing sen 2749
Parsing steps: 22147 steps
Cky conversion steps: 191447 steps
Chart START items len: 5105
Chart keys len: 5167
Chart items len: 27967

Parsing sen 2750
Parsing steps: 51986 steps
Cky conversion steps: 70883 steps
Chart START items len: 4378
Chart keys len: 4813
Chart items len: 19697

Parsing sen 2751
Parse did not finish:
- steps: 123323
- queue len: 230024
- attempted len: 20000520

Parsing sen 2752
Parse did not finish:
- steps: 175489
- queue len: 169088
- attempted len: 20000216

Parsing sen 2756
Parsing steps: 12030 steps
Cky conversion steps: 39313 steps
Chart START items len: 903
Chart keys len: 960
Chart items len: 4407

Parsing sen 2757
Parsing steps: 48678 steps
Cky conversion steps: 113703 steps
Chart START items len: 7002
Chart keys len: 7122
Chart items len: 35098

Parsing sen 2758
Parse did not finish:
- steps: 85160
- queue len: 30432
- attempted len: 20000296

Parsing sen 2761
Parsing steps: 28938 steps
Cky conversion steps: 28284 steps
Chart START items len: 2301
Chart keys len: 2547
Chart items len: 8689

Parsing sen 2764
Parsing steps: 115838 steps
Cky conversion steps: 718517 steps
Chart START items len: 21632
Chart keys len: 21952
Chart items len: 115199

Parsing sen 2766
Parsing steps: 1418 steps
Cky conversion steps: 510 steps
Chart START items len: 60
Chart keys len: 70
Chart items len: 221

Parsing sen 2767
Parsing steps: 384 steps
Cky conversion steps: 25 steps
Chart START items len: 4
Chart keys len: 5
Chart items len: 9

Parsing sen 2768
Parsing steps: 12615 steps
Cky conversion steps: 15560 steps
Chart START items len: 1166
Chart keys len: 1376
Chart items len: 5305

Parsing sen 2773
Parsing steps: 20185 steps
Cky conversion steps: 24726 steps
Chart START items len: 1794
Chart keys len: 2050
Chart items len: 7549

Parsing sen 2775
Parsing steps: 278211 steps
Cky conversion steps: 2787537 steps
Chart START items len: 63625
Chart keys len: 63898
Chart items len: 366818

Parsing sen 2777
Parsing steps: 152713 steps
Cky conversion steps: 254477 steps
Chart START items len: 17033
Chart keys len: 18399
Chart items len: 79335

Parsing sen 2779
Parsing steps: 2086 steps
Cky conversion steps: 4512 steps
Chart START items len: 208
Chart keys len: 217
Chart items len: 874

Parsing sen 2781
Parsing steps: 2777 steps
Cky conversion steps: 996 steps
Chart START items len: 103
Chart keys len: 124
Chart items len: 436

Parsing sen 2782
Parsing steps: 94754 steps
Cky conversion steps: 721879 steps
Chart START items len: 14256
Chart keys len: 14725
Chart items len: 68694

Parsing sen 2783
Parse did not finish:
- steps: 76828
- queue len: 102489
- attempted len: 20000841

Parsing sen 2790
Parse did not finish:
- steps: 82737
- queue len: 25124
- attempted len: 20000175

Parsing sen 2792
Parse did not finish:
- steps: 98316
- queue len: 56572
- attempted len: 20000385

Parsing sen 2798
Parsing steps: 11063 steps
Cky conversion steps: 8119 steps
Chart START items len: 470
Chart keys len: 533
Chart items len: 1741

Parsing sen 2799
Parsing steps: 36039 steps
Cky conversion steps: 226231 steps
Chart START items len: 16740
Chart keys len: 17121
Chart items len: 77506

Parsing sen 2801
Parsing steps: 52410 steps
Cky conversion steps: 1316150 steps
Chart START items len: 17752
Chart keys len: 17815
Chart items len: 112965

Parsing sen 2803
Parsing steps: 22036 steps
Cky conversion steps: 10731 steps
Chart START items len: 796
Chart keys len: 917
Chart items len: 3571

Parsing sen 2804
Parsing steps: 148460 steps
Cky conversion steps: 159341 steps
Chart START items len: 9823
Chart keys len: 9948
Chart items len: 46967

Parsing sen 2805
Parsing steps: 58791 steps
Cky conversion steps: 572535 steps
Chart START items len: 12614
Chart keys len: 12732
Chart items len: 65026

Parsing sen 2807
Parsing steps: 114382 steps
Cky conversion steps: 10919 steps
Chart START items len: 1191
Chart keys len: 1298
Chart items len: 4052

Parsing sen 2808
Parse did not finish:
- steps: 227409
- queue len: 621659
- attempted len: 20000112

Parsing sen 2810
Parse did not finish:
- steps: 97571
- queue len: 34940
- attempted len: 20000076

Parsing sen 2814
Parse did not finish:
- steps: 471751
- queue len: 1261963
- attempted len: 20000008

Parsing sen 2818
Parsing steps: 103719 steps
Cky conversion steps: 44741 steps
Chart START items len: 5072
Chart keys len: 6795
Chart items len: 19736

Parsing sen 2819
Parse did not finish:
- steps: 148086
- queue len: 45331
- attempted len: 20000182

Parsing sen 2822
Parsing steps: 64979 steps
Cky conversion steps: 152551 steps
Chart START items len: 10182
Chart keys len: 10362
Chart items len: 49183

Parsing sen 2823
Parse did not finish:
- steps: 78523
- queue len: 38238
- attempted len: 20000150

Parsing sen 2829
Parse did not finish:
- steps: 475577
- queue len: 1057102
- attempted len: 20000033

Parsing sen 2831
Parsing steps: 166911 steps
Cky conversion steps: 936550 steps
Chart START items len: 32799
Chart keys len: 32959
Chart items len: 194103

Parsing sen 2832
Parse did not finish:
- steps: 88493
- queue len: 27550
- attempted len: 20000589

Parsing sen 2836
Parse did not finish:
- steps: 51342
- queue len: 31133
- attempted len: 20000392

Parsing sen 2837
Parsing steps: 116642 steps
Cky conversion steps: 141291 steps
Chart START items len: 5944
Chart keys len: 6208
Chart items len: 23335

Parsing sen 2838
Parsing steps: 14842 steps
Cky conversion steps: 14143 steps
Chart START items len: 421
Chart keys len: 438
Chart items len: 1851

Parsing sen 2839
Parsing steps: 56699 steps
Cky conversion steps: 13554 steps
Chart START items len: 1169
Chart keys len: 1434
Chart items len: 4785

Parsing sen 2842
Parsing steps: 51108 steps
Cky conversion steps: 52222 steps
Chart START items len: 3142
Chart keys len: 3611
Chart items len: 12658

Parsing sen 2843
Parsing steps: 59921 steps
Cky conversion steps: 4239 steps
Chart START items len: 296
Chart keys len: 445
Chart items len: 1262

Parsing sen 2844
Parse did not finish:
- steps: 67210
- queue len: 50139
- attempted len: 20000859

Parsing sen 2847
Parsing steps: 254578 steps
Cky conversion steps: 259490 steps
Chart START items len: 13597
Chart keys len: 13765
Chart items len: 65728

Parsing sen 2848
Parse did not finish:
- steps: 188406
- queue len: 220057
- attempted len: 20000112

Parsing sen 2849
Parsing steps: 21948 steps
Cky conversion steps: 487664 steps
Chart START items len: 4904
Chart keys len: 4935
Chart items len: 26637

Parsing sen 2850
Parse did not finish:
- steps: 350801
- queue len: 604200
- attempted len: 20000132

Parsing sen 2852
Parsing steps: 10177 steps
Cky conversion steps: 33335 steps
Chart START items len: 1477
Chart keys len: 1518
Chart items len: 8149

Parsing sen 2853
Parsing steps: 126146 steps
Cky conversion steps: 45670 steps
Chart START items len: 5127
Chart keys len: 5473
Chart items len: 18549

Parsing sen 2855
Parsing steps: 11960 steps
Cky conversion steps: 11097 steps
Chart START items len: 889
Chart keys len: 929
Chart items len: 3529

Parsing sen 2856
Parse did not finish:
- steps: 237985
- queue len: 142064
- attempted len: 20000149

Parsing sen 2859
Parsing steps: 76417 steps
Cky conversion steps: 66452 steps
Chart START items len: 5474
Chart keys len: 6014
Chart items len: 21127

Parsing sen 2861
Parsing steps: 1225 steps
Cky conversion steps: 95 steps
Chart START items len: 15
Chart keys len: 18
Chart items len: 48

Parsing sen 2862
Parse did not finish:
- steps: 81983
- queue len: 62386
- attempted len: 20000401

Parsing sen 2863
Parsing steps: 47790 steps
Cky conversion steps: 71970 steps
Chart START items len: 4007
Chart keys len: 4714
Chart items len: 19087

Parsing sen 2865
Parsing steps: 9712 steps
Cky conversion steps: 4043 steps
Chart START items len: 403
Chart keys len: 542
Chart items len: 1586

Parsing sen 2866
Parsing steps: 25353 steps
Cky conversion steps: 9550 steps
Chart START items len: 929
Chart keys len: 1255
Chart items len: 3687

Parsing sen 2867
Parsing steps: 162190 steps
Cky conversion steps: 4438480 steps
Chart START items len: 38501
Chart keys len: 38890
Chart items len: 225150

Parsing sen 2871
Parse did not finish:
- steps: 108054
- queue len: 197686
- attempted len: 20000981

Parsing sen 2875
Parse did not finish:
- steps: 79885
- queue len: 81430
- attempted len: 20001707

Parsing sen 2878
Parsing steps: 5564 steps
Cky conversion steps: 7309 steps
Chart START items len: 477
Chart keys len: 501
Chart items len: 2136

Parsing sen 2879
Parse did not finish:
- steps: 82190
- queue len: 74252
- attempted len: 20001268

Parsing sen 2881
Parse did not finish:
- steps: 183170
- queue len: 266897
- attempted len: 20000336

Parsing sen 2885
Parse did not finish:
- steps: 645468
- queue len: 1260958
- attempted len: 20000091

Parsing sen 2888
Parse did not finish:
- steps: 96613
- queue len: 174548
- attempted len: 20000732

Parsing sen 2892
Parse did not finish:
- steps: 139929
- queue len: 521325
- attempted len: 20000298

Parsing sen 2895
Parse did not finish:
- steps: 88238
- queue len: 42201
- attempted len: 20000390

Parsing sen 2899
Parse did not finish:
- steps: 112128
- queue len: 33884
- attempted len: 20000317

Parsing sen 2903
Parse did not finish:
- steps: 574933
- queue len: 144864
- attempted len: 20000010

Parsing sen 2905
Parse did not finish:
- steps: 200016
- queue len: 187284
- attempted len: 20000060

Parsing sen 2906
Parse did not finish:
- steps: 85710
- queue len: 147325
- attempted len: 20001475

Parsing sen 2910
Parsing steps: 31080 steps
Cky conversion steps: 16334 steps
Chart START items len: 1483
Chart keys len: 1855
Chart items len: 5447

Parsing sen 2911
Parse did not finish:
- steps: 104394
- queue len: 53501
- attempted len: 20000309

Parsing sen 2913
Parse did not finish:
- steps: 58502
- queue len: 38861
- attempted len: 20000678

Parsing sen 2915
Parse did not finish:
- steps: 100633
- queue len: 165104
- attempted len: 20000094

Parsing sen 2917
Parsing steps: 18705 steps
Cky conversion steps: 22780 steps
Chart START items len: 2057
Chart keys len: 2197
Chart items len: 8659

Parsing sen 2918
Parsing steps: 58498 steps
Cky conversion steps: 87347 steps
Chart START items len: 5758
Chart keys len: 6597
Chart items len: 24944

Parsing sen 2919
Parsing steps: 274630 steps
Cky conversion steps: 11710246 steps
Chart START items len: 87856
Chart keys len: 87967
Chart items len: 648052

Parsing sen 2920
Parse did not finish:
- steps: 115578
- queue len: 54569
- attempted len: 20000216

Parsing sen 2921
Parsing steps: 20976 steps
Cky conversion steps: 46646 steps
Chart START items len: 2470
Chart keys len: 2565
Chart items len: 12345

Parsing sen 2922
Parse did not finish:
- steps: 280510
- queue len: 569237
- attempted len: 20000441

Parsing sen 2925
Parse did not finish:
- steps: 123367
- queue len: 192952
- attempted len: 20000140

Parsing sen 2928
Parsing steps: 12874 steps
Cky conversion steps: 21369 steps
Chart START items len: 1119
Chart keys len: 1172
Chart items len: 4489

Parsing sen 2930
Parse did not finish:
- steps: 65682
- queue len: 75544
- attempted len: 20001138

Parsing sen 2932
Parse did not finish:
- steps: 91101
- queue len: 172540
- attempted len: 20000535

Parsing sen 2933
Parse did not finish:
- steps: 88128
- queue len: 117024
- attempted len: 20000263

Parsing sen 2938
Parse did not finish:
- steps: 173041
- queue len: 9969
- attempted len: 20000060

Parsing sen 2942
Parsing steps: 13154 steps
Cky conversion steps: 4060 steps
Chart START items len: 429
Chart keys len: 535
Chart items len: 1640

Parsing sen 2944
Parse did not finish:
- steps: 366658
- queue len: 32217
- attempted len: 20000068

Parsing sen 2945
Parse did not finish:
- steps: 152525
- queue len: 293759
- attempted len: 20000444

Parsing sen 2948
Parsing steps: 63395 steps
Cky conversion steps: 90919 steps
Chart START items len: 6321
Chart keys len: 6458
Chart items len: 26387

Parsing sen 2949
Parsing steps: 150800 steps
Cky conversion steps: 4054268 steps
Chart START items len: 39809
Chart keys len: 39967
Chart items len: 221980

Parsing sen 2950
Parse did not finish:
- steps: 73477
- queue len: 60285
- attempted len: 20000141

Parsing sen 2952
Parse did not finish:
- steps: 373070
- queue len: 1215087
- attempted len: 20000031

Parsing sen 2954
Parsing steps: 30744 steps
Cky conversion steps: 242538 steps
Chart START items len: 5047
Chart keys len: 5153
Chart items len: 30974

Parsing sen 2956
Parsing steps: 157828 steps
Cky conversion steps: 1232385 steps
Chart START items len: 28924
Chart keys len: 29403
Chart items len: 144910

Parsing sen 2959
Parse did not finish:
- steps: 85629
- queue len: 244093
- attempted len: 20000536

Parsing sen 2963
Parse did not finish:
- steps: 120410
- queue len: 500010
- attempted len: 20003186

Parsing sen 2968
Parse did not finish:
- steps: 160903
- queue len: 457687
- attempted len: 20000148

Parsing sen 2969
Parse did not finish:
- steps: 158457
- queue len: 57083
- attempted len: 20000662

Parsing sen 2972
Parse did not finish:
- steps: 102060
- queue len: 393510
- attempted len: 20000128

Parsing sen 2973
Parsing steps: 21812 steps
Cky conversion steps: 163914 steps
Chart START items len: 3355
Chart keys len: 3429
Chart items len: 16706

Parsing sen 2976
Parsing steps: 10975 steps
Cky conversion steps: 20531 steps
Chart START items len: 726
Chart keys len: 803
Chart items len: 3285

Parsing sen 2977
Parse did not finish:
- steps: 97308
- queue len: 66011
- attempted len: 20000262

Parsing sen 2978
Parse did not finish:
- steps: 139295
- queue len: 74188
- attempted len: 20000463

Parsing sen 2980
Parsing steps: 12259 steps
Cky conversion steps: 29100 steps
Chart START items len: 1593
Chart keys len: 1639
Chart items len: 7145

Parsing sen 2981
Parse did not finish:
- steps: 985440
- queue len: 1184767
- attempted len: 20000011

Parsing sen 2987
Parsing steps: 21992 steps
Cky conversion steps: 224469 steps
Chart START items len: 3935
Chart keys len: 3994
Chart items len: 26638

Parsing sen 2988
Parse did not finish:
- steps: 131630
- queue len: 258998
- attempted len: 20000203

Parsing sen 2990
Parse did not finish:
- steps: 76580
- queue len: 57761
- attempted len: 20001103

Parsing sen 2995
Parse did not finish:
- steps: 73008
- queue len: 110476
- attempted len: 20000879

Parsing sen 2999
Parsing steps: 1834 steps
Cky conversion steps: 4044 steps
Chart START items len: 167
Chart keys len: 175
Chart items len: 698

Parsing sen 3001
Parsing steps: 1029 steps
Cky conversion steps: 282 steps
Chart START items len: 36
Chart keys len: 44
Chart items len: 120

Parsing sen 3002
Parsing steps: 50968 steps
Cky conversion steps: 285797 steps
Chart START items len: 24431
Chart keys len: 24678
Chart items len: 110332

Parsing sen 3003
Parsing steps: 2229 steps
Cky conversion steps: 2118 steps
Chart START items len: 180
Chart keys len: 196
Chart items len: 676

Parsing sen 3004
Parsing steps: 990994 steps
Cky conversion steps: 6822617 steps
Chart START items len: 398267
Chart keys len: 398956
Chart items len: 2291924

Parsing sen 3008
Parsing steps: 58727 steps
Cky conversion steps: 7156 steps
Chart START items len: 923
Chart keys len: 1106
Chart items len: 3213

Parsing sen 3010
Parsing steps: 3120 steps
Cky conversion steps: 3093 steps
Chart START items len: 276
Chart keys len: 291
Chart items len: 1087

Parsing sen 3011
Parse did not finish:
- steps: 183331
- queue len: 166417
- attempted len: 20000212

Parsing sen 3013
Parsing steps: 33077 steps
Cky conversion steps: 46993 steps
Chart START items len: 3288
Chart keys len: 3622
Chart items len: 14253

Parsing sen 3015
Parse did not finish:
- steps: 97493
- queue len: 115461
- attempted len: 20000411

Parsing sen 3016
Parse did not finish:
- steps: 190804
- queue len: 420359
- attempted len: 20000128

Parsing sen 3021
Parse did not finish:
- steps: 75041
- queue len: 100354
- attempted len: 20000278

Parsing sen 3022
Parse did not finish:
- steps: 116273
- queue len: 168550
- attempted len: 20000053

Parsing sen 3025
Parse did not finish:
- steps: 85541
- queue len: 165120
- attempted len: 20000315

Parsing sen 3028
Parse did not finish:
- steps: 69889
- queue len: 136272
- attempted len: 20000946

Parsing sen 3031
Parsing steps: 134669 steps
Cky conversion steps: 1581873 steps
Chart START items len: 28807
Chart keys len: 28988
Chart items len: 165777

Parsing sen 3032
Parse did not finish:
- steps: 69243
- queue len: 210752
- attempted len: 20000383

Parsing sen 3036
Parsing steps: 227992 steps
Cky conversion steps: 3593963 steps
Chart START items len: 151599
Chart keys len: 151919
Chart items len: 966356

Parsing sen 3040
Parsing steps: 17603 steps
Cky conversion steps: 8600 steps
Chart START items len: 908
Chart keys len: 1070
Chart items len: 3422

Parsing sen 3041
Parsing steps: 518944 steps
Cky conversion did not finish:
- steps: 12125699

Parsing sen 3043
Parse did not finish:
- steps: 134280
- queue len: 1545945
- attempted len: 20000164

Parsing sen 3046
Parse did not finish:
- steps: 80463
- queue len: 78780
- attempted len: 20000068

Parsing sen 3048
Parse did not finish:
- steps: 70472
- queue len: 40590
- attempted len: 20000840

Parsing sen 3049
Parse did not finish:
- steps: 160777
- queue len: 130159
- attempted len: 20000231

Parsing sen 3050
Parsing steps: 18581 steps
Cky conversion steps: 36578 steps
Chart START items len: 1675
Chart keys len: 1730
Chart items len: 6718

Parsing sen 3051
Parse did not finish:
- steps: 588774
- queue len: 1344707
- attempted len: 20000094

Parsing sen 3053
Parse did not finish:
- steps: 130473
- queue len: 378000
- attempted len: 20000524

Parsing sen 3054
Parsing steps: 5223 steps
Cky conversion steps: 5637 steps
Chart START items len: 313
Chart keys len: 355
Chart items len: 1604

Parsing sen 3055
Parse did not finish:
- steps: 78098
- queue len: 45284
- attempted len: 20000062

Parsing sen 3058
Parse did not finish:
- steps: 72513
- queue len: 41835
- attempted len: 20000500

Parsing sen 3059
Parse did not finish:
- steps: 317007
- queue len: 425946
- attempted len: 20000053

Parsing sen 3062
Parse did not finish:
- steps: 334404
- queue len: 321007
- attempted len: 20000115

Parsing sen 3064
Parse did not finish:
- steps: 62371
- queue len: 169274
- attempted len: 20001052

Parsing sen 3066
Parse did not finish:
- steps: 82281
- queue len: 283346
- attempted len: 20000628

Parsing sen 3067
Parsing steps: 186842 steps
Cky conversion steps: 640605 steps
Chart START items len: 38734
Chart keys len: 39428
Chart items len: 189077

Parsing sen 3070
Parse did not finish:
- steps: 708377
- queue len: 1105387
- attempted len: 20000059

Parsing sen 3072
Parse did not finish:
- steps: 72964
- queue len: 127760
- attempted len: 20000029

Parsing sen 3077
Parsing steps: 130138 steps
Cky conversion steps: 265361 steps
Chart START items len: 14976
Chart keys len: 15477
Chart items len: 72863

Parsing sen 3082
Parse did not finish:
- steps: 82130
- queue len: 51095
- attempted len: 20000090

Parsing sen 3086
Parse did not finish:
- steps: 134092
- queue len: 99942
- attempted len: 20000485

Parsing sen 3087
Parse did not finish:
- steps: 131544
- queue len: 84466
- attempted len: 20000229

Parsing sen 3089
Parse did not finish:
- steps: 109386
- queue len: 928368
- attempted len: 20000304

Parsing sen 3094
Parse did not finish:
- steps: 112285
- queue len: 311693
- attempted len: 20000330

Parsing sen 3097
Parsing steps: 124779 steps
Cky conversion steps: 836307 steps
Chart START items len: 20912
Chart keys len: 21088
Chart items len: 117105

Parsing sen 3099
Parsing steps: 7572 steps
Cky conversion steps: 2102 steps
Chart START items len: 156
Chart keys len: 168
Chart items len: 658

Parsing sen 3100
Parsing steps: 629552 steps
Cky conversion did not finish:
- steps: 12580418

Parsing sen 3101
Parse did not finish:
- steps: 399740
- queue len: 1554629
- attempted len: 20000010

Parsing sen 3102
Parsing steps: 34342 steps
Cky conversion steps: 43393 steps
Chart START items len: 4037
Chart keys len: 4284
Chart items len: 15981

Parsing sen 3104
Parse did not finish:
- steps: 75855
- queue len: 140856
- attempted len: 20000319

Parsing sen 3108
Parsing steps: 208273 steps
Cky conversion steps: 5353699 steps
Chart START items len: 72503
Chart keys len: 72692
Chart items len: 460986

Parsing sen 3112
Parse did not finish:
- steps: 289479
- queue len: 328082
- attempted len: 20000229

Parsing sen 3116
Parsing steps: 10438 steps
Cky conversion steps: 9077 steps
Chart START items len: 764
Chart keys len: 861
Chart items len: 3030

Parsing sen 3117
Parse did not finish:
- steps: 73553
- queue len: 44167
- attempted len: 20000431

Parsing sen 3125
Parse did not finish:
- steps: 67214
- queue len: 190612
- attempted len: 20000601

Parsing sen 3128
Parse did not finish:
- steps: 161878
- queue len: 565903
- attempted len: 20000794

Parsing sen 3132
Parse did not finish:
- steps: 119544
- queue len: 454533
- attempted len: 20001659

Parsing sen 3134
Parse did not finish:
- steps: 122312
- queue len: 72819
- attempted len: 20000023

Parsing sen 3139
Parse did not finish:
- steps: 205752
- queue len: 187781
- attempted len: 20000110

Parsing sen 3140
Parse did not finish:
- steps: 81977
- queue len: 421109
- attempted len: 20000424

Parsing sen 3147
Parse did not finish:
- steps: 1108634
- queue len: 1202144
- attempted len: 20000302

Parsing sen 3154
Parse did not finish:
- steps: 144485
- queue len: 118710
- attempted len: 20000022

Parsing sen 3158
Parse did not finish:
- steps: 156477
- queue len: 237989
- attempted len: 20000447

Parsing sen 3159
Parse did not finish:
- steps: 317444
- queue len: 637412
- attempted len: 20000237

Parsing sen 3165
Parsing steps: 5012 steps
Cky conversion steps: 4699 steps
Chart START items len: 397
Chart keys len: 449
Chart items len: 1509

Parsing sen 3167
Parsing steps: 170512 steps
Cky conversion steps: 1174512 steps
Chart START items len: 96856
Chart keys len: 97733
Chart items len: 438942

Parsing sen 3171
Parse did not finish:
- steps: 123318
- queue len: 134223
- attempted len: 20000089

Parsing sen 3173
Parsing steps: 37162 steps
Cky conversion steps: 99468 steps
Chart START items len: 6172
Chart keys len: 6404
Chart items len: 31065

Parsing sen 3175
Parse did not finish:
- steps: 70881
- queue len: 250281
- attempted len: 20001102

Parsing sen 3179
Parsing steps: 2160 steps
Cky conversion steps: 1303 steps
Chart START items len: 101
Chart keys len: 115
Chart items len: 379

Parsing sen 3180
Parse did not finish:
- steps: 82062
- queue len: 81705
- attempted len: 20000139

Parsing sen 3183
Parsing steps: 181994 steps
Cky conversion steps: 620223 steps
Chart START items len: 35238
Chart keys len: 35715
Chart items len: 181806

Parsing sen 3186
Parse did not finish:
- steps: 68777
- queue len: 219756
- attempted len: 20001014

Parsing sen 3187
Parsing steps: 33661 steps
Cky conversion steps: 50973 steps
Chart START items len: 2282
Chart keys len: 2359
Chart items len: 9633

Parsing sen 3188
Parsing steps: 3722 steps
Cky conversion steps: 1352 steps
Chart START items len: 148
Chart keys len: 167
Chart items len: 548

Parsing sen 3189
Parse did not finish:
- steps: 69249
- queue len: 85820
- attempted len: 20000038

Parsing sen 3191
Parse did not finish:
- steps: 202891
- queue len: 267929
- attempted len: 20000082

Parsing sen 3193
Parsing steps: 2310 steps
Cky conversion steps: 6529 steps
Chart START items len: 207
Chart keys len: 213
Chart items len: 850

Parsing sen 3194
Parse did not finish:
- steps: 102648
- queue len: 307073
- attempted len: 20000053

Parsing sen 3198
Parsing steps: 22259 steps
Cky conversion steps: 33166 steps
Chart START items len: 1691
Chart keys len: 1757
Chart items len: 8879

Parsing sen 3200
Parse did not finish:
- steps: 301815
- queue len: 72566
- attempted len: 20000156

Parsing sen 3202
Parsing steps: 42960 steps
Cky conversion steps: 92508 steps
Chart START items len: 5703
Chart keys len: 5922
Chart items len: 22821

Parsing sen 3204
Parse did not finish:
- steps: 188567
- queue len: 852663
- attempted len: 20000387

Parsing sen 3206
Parsing steps: 33067 steps
Cky conversion steps: 1099805 steps
Chart START items len: 8311
Chart keys len: 8342
Chart items len: 42845

Parsing sen 3207
Parsing steps: 26495 steps
Cky conversion steps: 92646 steps
Chart START items len: 3361
Chart keys len: 3577
Chart items len: 15834

Parsing sen 3209
Parsing steps: 6558 steps
Cky conversion steps: 16803 steps
Chart START items len: 981
Chart keys len: 1026
Chart items len: 4933

Parsing sen 3210
Parse did not finish:
- steps: 132640
- queue len: 268637
- attempted len: 20000535

Parsing sen 3214
Parse did not finish:
- steps: 83484
- queue len: 212599
- attempted len: 20000479

Parsing sen 3216
Parsing steps: 8612 steps
Cky conversion steps: 41706 steps
Chart START items len: 1239
Chart keys len: 1271
Chart items len: 6385

Parsing sen 3217
Parse did not finish:
- steps: 280467
- queue len: 16503
- attempted len: 20000045

Parsing sen 3219
Parse did not finish:
- steps: 257168
- queue len: 66051
- attempted len: 20000182

Parsing sen 3220
Parse did not finish:
- steps: 176415
- queue len: 1091225
- attempted len: 20000124

Parsing sen 3222
Parsing steps: 1812 steps
Cky conversion steps: 10624 steps
Chart START items len: 176
Chart keys len: 180
Chart items len: 754

Parsing sen 3223
Parse did not finish:
- steps: 198402
- queue len: 319288
- attempted len: 20000234

Parsing sen 3230
Parse did not finish:
- steps: 96471
- queue len: 356880
- attempted len: 20000667

Parsing sen 3231
Parsing steps: 6414 steps
Cky conversion steps: 8575 steps
Chart START items len: 460
Chart keys len: 480
Chart items len: 2057

Parsing sen 3232
Parsing steps: 13241 steps
Cky conversion steps: 8968 steps
Chart START items len: 909
Chart keys len: 1099
Chart items len: 3869

Parsing sen 3234
Parsing steps: 12383 steps
Cky conversion steps: 13918 steps
Chart START items len: 1113
Chart keys len: 1144
Chart items len: 4651

Parsing sen 3235
Parse did not finish:
- steps: 122961
- queue len: 415483
- attempted len: 20000609

Parsing sen 3238
Parsing steps: 39000 steps
Cky conversion steps: 352367 steps
Chart START items len: 9183
Chart keys len: 9292
Chart items len: 44634

Parsing sen 3240
Parse did not finish:
- steps: 145226
- queue len: 360969
- attempted len: 20000321

Parsing sen 3243
Parsing steps: 23410 steps
Cky conversion steps: 24717 steps
Chart START items len: 1551
Chart keys len: 1683
Chart items len: 6412

Parsing sen 3244
Parse did not finish:
- steps: 62319
- queue len: 161004
- attempted len: 20000040

Parsing sen 3252
Parse did not finish:
- steps: 235823
- queue len: 47689
- attempted len: 20000085

Parsing sen 3256
Parsing steps: 26920 steps
Cky conversion steps: 54611 steps
Chart START items len: 2927
Chart keys len: 3086
Chart items len: 13428

Parsing sen 3257
Parsing steps: 13784 steps
Cky conversion steps: 8789 steps
Chart START items len: 954
Chart keys len: 1189
Chart items len: 3733

Parsing sen 3261
Parse did not finish:
- steps: 126027
- queue len: 399972
- attempted len: 20000405

Parsing sen 3263
Parse did not finish:
- steps: 82043
- queue len: 43250
- attempted len: 20000099

Parsing sen 3264
Parse did not finish:
- steps: 63918
- queue len: 21544
- attempted len: 20000207

Parsing sen 3267
Parsing steps: 20465 steps
Cky conversion steps: 18130 steps
Chart START items len: 1291
Chart keys len: 1340
Chart items len: 5645

Parsing sen 3268
Parse did not finish:
- steps: 362840
- queue len: 306949
- attempted len: 20000129

Parsing sen 3271
Parsing steps: 19965 steps
Cky conversion steps: 135966 steps
Chart START items len: 2998
Chart keys len: 3065
Chart items len: 19642

Parsing sen 3273
Parse did not finish:
- steps: 110596
- queue len: 205713
- attempted len: 20000123

Parsing sen 3276
Parse did not finish:
- steps: 83373
- queue len: 193718
- attempted len: 20000114

Parsing sen 3279
Parsing steps: 854 steps
Cky conversion steps: 232 steps
Chart START items len: 30
Chart keys len: 35
Chart items len: 97

Parsing sen 3280
Parse did not finish:
- steps: 67709
- queue len: 100025
- attempted len: 20000285

Parsing sen 3282
Parse did not finish:
- steps: 223427
- queue len: 317964
- attempted len: 20000191

Parsing sen 3285
Parsing steps: 98574 steps
Cky conversion steps: 227283 steps
Chart START items len: 13628
Chart keys len: 13867
Chart items len: 69209

Parsing sen 3288
Parse did not finish:
- steps: 216319
- queue len: 349383
- attempted len: 20000225

Parsing sen 3290
Parsing steps: 82272 steps
Cky conversion steps: 7628 steps
Chart START items len: 577
Chart keys len: 607
Chart items len: 2499

Parsing sen 3291
Parse did not finish:
- steps: 80580
- queue len: 209799
- attempted len: 20001058

Parsing sen 3292
Parsing steps: 113492 steps
Cky conversion steps: 116856 steps
Chart START items len: 8469
Chart keys len: 9550
Chart items len: 32090

Parsing sen 3293
Parsing steps: 26844 steps
Cky conversion steps: 307215 steps
Chart START items len: 4412
Chart keys len: 4490
Chart items len: 25445

Parsing sen 3294
Parse did not finish:
- steps: 71128
- queue len: 25657
- attempted len: 20000283

Parsing sen 3295
Parsing steps: 95771 steps
Cky conversion steps: 581344 steps
Chart START items len: 10631
Chart keys len: 10867
Chart items len: 52731

Parsing sen 3296
Parse did not finish:
- steps: 75956
- queue len: 138936
- attempted len: 20000615

Parsing sen 3299
Parsing steps: 3299 steps
Cky conversion steps: 984 steps
Chart START items len: 101
Chart keys len: 106
Chart items len: 348

Parsing sen 3301
Parsing steps: 79269 steps
Cky conversion steps: 751325 steps
Chart START items len: 16940
Chart keys len: 17083
Chart items len: 80520

Parsing sen 3302
Parsing steps: 167018 steps
Cky conversion steps: 106299 steps
Chart START items len: 2196
Chart keys len: 2695
Chart items len: 10547

Parsing sen 3304
Parse did not finish:
- steps: 76539
- queue len: 111807
- attempted len: 20000095

Parsing sen 3307
Parsing steps: 10316 steps
Cky conversion steps: 7585 steps
Chart START items len: 631
Chart keys len: 726
Chart items len: 3462

Parsing sen 3309
Parse did not finish:
- steps: 280511
- queue len: 248406
- attempted len: 20000154

Parsing sen 3313
Parsing steps: 12106 steps
Cky conversion steps: 1726 steps
Chart START items len: 178
Chart keys len: 243
Chart items len: 714

Parsing sen 3314
Parse did not finish:
- steps: 471727
- queue len: 465054
- attempted len: 20000052

Parsing sen 3315
Parsing steps: 128479 steps
Cky conversion steps: 2783788 steps
Chart START items len: 35245
Chart keys len: 35615
Chart items len: 219628

Parsing sen 3317
Parse did not finish:
- steps: 102404
- queue len: 51203
- attempted len: 20000603

Parsing sen 3318
Parsing steps: 56430 steps
Cky conversion steps: 63288 steps
Chart START items len: 3969
Chart keys len: 4381
Chart items len: 17757

Parsing sen 3319
Parse did not finish:
- steps: 193610
- queue len: 610625
- attempted len: 20000375

Parsing sen 3326
Parse did not finish:
- steps: 132254
- queue len: 813481
- attempted len: 20000029

Parsing sen 3331
Parse did not finish:
- steps: 155974
- queue len: 297303
- attempted len: 20000001

Parsing sen 3334
Parse did not finish:
- steps: 119049
- queue len: 379309
- attempted len: 20000637

Parsing sen 3341
Parsing steps: 3190 steps
Cky conversion steps: 10355 steps
Chart START items len: 290
Chart keys len: 305
Chart items len: 1520

Parsing sen 3342
Parse did not finish:
- steps: 97239
- queue len: 496181
- attempted len: 20000964

Parsing sen 3346
Parse did not finish:
- steps: 108888
- queue len: 368284
- attempted len: 20000245

Parsing sen 3351
Parsing steps: 30794 steps
Cky conversion steps: 13649 steps
Chart START items len: 1163
Chart keys len: 1390
Chart items len: 4243

Parsing sen 3353
Parse did not finish:
- steps: 164976
- queue len: 516335
- attempted len: 20000527

Parsing sen 3357
Parse did not finish:
- steps: 356309
- queue len: 398280
- attempted len: 20000156

Parsing sen 3359
Parsing steps: 3359 steps
Cky conversion steps: 655 steps
Chart START items len: 79
Chart keys len: 102
Chart items len: 273

Parsing sen 3360
Parse did not finish:
- steps: 61619
- queue len: 41241
- attempted len: 20000868

Parsing sen 3363
Parsing steps: 62899 steps
Cky conversion steps: 527691 steps
Chart START items len: 11431
Chart keys len: 11535
Chart items len: 53564

Parsing sen 3364
Parsing steps: 357058 steps
Cky conversion steps: 4164859 steps
Chart START items len: 85514
Chart keys len: 86105
Chart items len: 493469

Parsing sen 3366
Parse did not finish:
- steps: 142332
- queue len: 163433
- attempted len: 20000617

Parsing sen 3371
Parsing steps: 7057 steps
Cky conversion steps: 2476 steps
Chart START items len: 264
Chart keys len: 335
Chart items len: 963

Parsing sen 3372
Parsing steps: 10607 steps
Cky conversion steps: 58048 steps
Chart START items len: 1066
Chart keys len: 1096
Chart items len: 5404

Parsing sen 3373
Parsing steps: 51042 steps
Cky conversion steps: 30936 steps
Chart START items len: 2462
Chart keys len: 2651
Chart items len: 9485

Parsing sen 3374
Parse did not finish:
- steps: 384081
- queue len: 404391
- attempted len: 20000070

Parsing sen 3376
Parsing steps: 1690 steps
Cky conversion steps: 788 steps
Chart START items len: 51
Chart keys len: 56
Chart items len: 207

Parsing sen 3378
Parse did not finish:
- steps: 91121
- queue len: 178502
- attempted len: 20000340

Parsing sen 3383
Parse did not finish:
- steps: 73990
- queue len: 225979
- attempted len: 20000039

Parsing sen 3386
Parsing steps: 5737 steps
Cky conversion steps: 6418 steps
Chart START items len: 588
Chart keys len: 630
Chart items len: 2312

Parsing sen 3387
Parsing steps: 24787 steps
Cky conversion steps: 32303 steps
Chart START items len: 1639
Chart keys len: 1897
Chart items len: 9826

Parsing sen 3388
Parse did not finish:
- steps: 114327
- queue len: 68678
- attempted len: 20000098

Parsing sen 3389
Parse did not finish:
- steps: 130651
- queue len: 117402
- attempted len: 20000153

Parsing sen 3391
Parsing steps: 22263 steps
Cky conversion steps: 62010 steps
Chart START items len: 2195
Chart keys len: 2423
Chart items len: 10922

Parsing sen 3392
Parse did not finish:
- steps: 80619
- queue len: 33222
- attempted len: 20000508

Parsing sen 3393
Parse did not finish:
- steps: 120562
- queue len: 41716
- attempted len: 20000049

Parsing sen 3399
Parse did not finish:
- steps: 113259
- queue len: 73626
- attempted len: 20000544

Parsing sen 3400
Parse did not finish:
- steps: 252082
- queue len: 461408
- attempted len: 20000318

Parsing sen 3402
Parsing steps: 3452 steps
Cky conversion steps: 147 steps
Chart START items len: 20
Chart keys len: 21
Chart items len: 60

Parsing sen 3403
Parsing steps: 740 steps
Cky conversion steps: 50 steps
Chart START items len: 9
Chart keys len: 10
Chart items len: 24

Parsing sen 3404
Parse did not finish:
- steps: 113363
- queue len: 192791
- attempted len: 20000526

Parsing sen 3413
Parsing steps: 33425 steps
Cky conversion steps: 27801 steps
Chart START items len: 2763
Chart keys len: 3050
Chart items len: 11835

Parsing sen 3414
Parsing steps: 26089 steps
Cky conversion steps: 75101 steps
Chart START items len: 3079
Chart keys len: 3320
Chart items len: 13471

Parsing sen 3416
Parse did not finish:
- steps: 109174
- queue len: 404850
- attempted len: 20000036

Parsing sen 3418
Parsing steps: 144500 steps
Cky conversion steps: 721615 steps
Chart START items len: 19351
Chart keys len: 19736
Chart items len: 109737

Parsing sen 3419
Parsing steps: 204460 steps
Cky conversion steps: 1661618 steps
Chart START items len: 37232
Chart keys len: 37460
Chart items len: 196663

Parsing sen 3420
Parsing steps: 3532 steps
Cky conversion steps: 2668 steps
Chart START items len: 205
Chart keys len: 231
Chart items len: 765

Parsing sen 3422
Parsing steps: 734458 steps
Cky conversion steps: 5389098 steps
Chart START items len: 307617
Chart keys len: 310103
Chart items len: 1360323

Parsing sen 3427
Parse did not finish:
- steps: 223812
- queue len: 168524
- attempted len: 20000290

Parsing sen 3428
Parse did not finish:
- steps: 78100
- queue len: 26578
- attempted len: 20000206

Parsing sen 3430
Parsing steps: 306884 steps
Cky conversion did not finish:
- steps: 12769586

Parsing sen 3432
Parse did not finish:
- steps: 329927
- queue len: 338110
- attempted len: 20000223

Parsing sen 3435
Parse did not finish:
- steps: 62783
- queue len: 82614
- attempted len: 20001674

Parsing sen 3436
Parsing steps: 10864 steps
Cky conversion steps: 18990 steps
Chart START items len: 881
Chart keys len: 916
Chart items len: 3865

Parsing sen 3437
Parse did not finish:
- steps: 119228
- queue len: 159923
- attempted len: 20000152

Parsing sen 3438
Parsing steps: 82465 steps
Cky conversion steps: 20890 steps
Chart START items len: 1673
Chart keys len: 2179
Chart items len: 6131

Parsing sen 3439
Parsing steps: 74749 steps
Cky conversion steps: 65319 steps
Chart START items len: 7279
Chart keys len: 8530
Chart items len: 28717

Parsing sen 3443
Parse did not finish:
- steps: 89859
- queue len: 310233
- attempted len: 20000038

Parsing sen 3446
Parse did not finish:
- steps: 208730
- queue len: 89683
- attempted len: 20000290

Parsing sen 3447
Parse did not finish:
- steps: 186159
- queue len: 339190
- attempted len: 20000090

Parsing sen 3452
Parse did not finish:
- steps: 97211
- queue len: 279547
- attempted len: 20000180

Parsing sen 3454
Parse did not finish:
- steps: 82331
- queue len: 36298
- attempted len: 20000321

Parsing sen 3455
Parse did not finish:
- steps: 139513
- queue len: 1831665
- attempted len: 20000928

Parsing sen 3461
Parse did not finish:
- steps: 70366
- queue len: 231381
- attempted len: 20000210

Parsing sen 3463
Parse did not finish:
- steps: 64232
- queue len: 28739
- attempted len: 20000675

Parsing sen 3464
Parsing steps: 118476 steps
Cky conversion steps: 382188 steps
Chart START items len: 17122
Chart keys len: 17289
Chart items len: 82137

Parsing sen 3466
Parse did not finish:
- steps: 172608
- queue len: 256021
- attempted len: 20000075

Parsing sen 3467
Parsing steps: 69313 steps
Cky conversion steps: 557819 steps
Chart START items len: 13018
Chart keys len: 13446
Chart items len: 60965

Parsing sen 3470
Parsing steps: 4322 steps
Cky conversion steps: 9383 steps
Chart START items len: 266
Chart keys len: 279
Chart items len: 1151

Parsing sen 3471
Parse did not finish:
- steps: 401425
- queue len: 660515
- attempted len: 20000132

Parsing sen 3475
Parse did not finish:
- steps: 96699
- queue len: 199749
- attempted len: 20000256

Parsing sen 3478
Parse did not finish:
- steps: 196589
- queue len: 265736
- attempted len: 20000067

Parsing sen 3479
Parse did not finish:
- steps: 822783
- queue len: 1336352
- attempted len: 20000600

Parsing sen 3483
Parsing steps: 110237 steps
Cky conversion steps: 282171 steps
Chart START items len: 15254
Chart keys len: 16360
Chart items len: 78984

Parsing sen 3486
Parsing steps: 5297 steps
Cky conversion steps: 2314 steps
Chart START items len: 225
Chart keys len: 259
Chart items len: 820

Parsing sen 3487
Parsing steps: 5016 steps
Cky conversion steps: 9436 steps
Chart START items len: 736
Chart keys len: 752
Chart items len: 3117

Parsing sen 3488
Parsing steps: 4523 steps
Cky conversion steps: 6097 steps
Chart START items len: 364
Chart keys len: 388
Chart items len: 1646

Parsing sen 3489
Parsing steps: 31436 steps
Cky conversion steps: 17489 steps
Chart START items len: 1861
Chart keys len: 2077
Chart items len: 7844

Parsing sen 3491
Parse did not finish:
- steps: 106234
- queue len: 113582
- attempted len: 20000209

Parsing sen 3493
Parsing steps: 3143 steps
Cky conversion steps: 1783 steps
Chart START items len: 143
Chart keys len: 154
Chart items len: 515

Parsing sen 3494
Parsing steps: 33759 steps
Cky conversion steps: 49481 steps
Chart START items len: 2864
Chart keys len: 3085
Chart items len: 13453

Parsing sen 3495
Parsing steps: 28984 steps
Cky conversion steps: 59156 steps
Chart START items len: 3143
Chart keys len: 3349
Chart items len: 15913

Parsing sen 3497
Parse did not finish:
- steps: 97166
- queue len: 87000
- attempted len: 20000947

Parsing sen 3500
Parse did not finish:
- steps: 92377
- queue len: 121407
- attempted len: 20000333

Parsing sen 3503
Parse did not finish:
- steps: 72564
- queue len: 140975
- attempted len: 20001068

Parsing sen 3507
Parse did not finish:
- steps: 156801
- queue len: 45245
- attempted len: 20000372

Parsing sen 3509
Parse did not finish:
- steps: 138215
- queue len: 127764
- attempted len: 20000459

Parsing sen 3515
Parsing steps: 69991 steps
Cky conversion steps: 710222 steps
Chart START items len: 10591
Chart keys len: 10701
Chart items len: 53456

Parsing sen 3516
Parsing steps: 67470 steps
Cky conversion steps: 373800 steps
Chart START items len: 12251
Chart keys len: 12576
Chart items len: 60028

Parsing sen 3519
Parsing steps: 45662 steps
Cky conversion steps: 3326 steps
Chart START items len: 616
Chart keys len: 716
Chart items len: 1975

Parsing sen 3521
Parse did not finish:
- steps: 197085
- queue len: 114313
- attempted len: 20000052

Parsing sen 3524
Parsing steps: 8992 steps
Cky conversion steps: 7259 steps
Chart START items len: 414
Chart keys len: 477
Chart items len: 1621

Parsing sen 3525
Parse did not finish:
- steps: 128285
- queue len: 390820
- attempted len: 20000020

Parsing sen 3527
Parse did not finish:
- steps: 107685
- queue len: 66123
- attempted len: 20000132

Parsing sen 3531
Parse did not finish:
- steps: 843802
- queue len: 829859
- attempted len: 20000047

Parsing sen 3535
Parsing steps: 337370 steps
Cky conversion steps: 11243378 steps
Chart START items len: 117507
Chart keys len: 117708
Chart items len: 708645

Parsing sen 3539
Parse did not finish:
- steps: 63925
- queue len: 48461
- attempted len: 20001895

Parsing sen 3540
Parsing steps: 24572 steps
Cky conversion steps: 4781 steps
Chart START items len: 543
Chart keys len: 591
Chart items len: 2065

Parsing sen 3543
Parsing steps: 8531724 steps
Cky conversion did not finish:
- steps: 3341914

Parsing sen 3547
Parse did not finish:
- steps: 142235
- queue len: 304622
- attempted len: 20000644

Parsing sen 3549
Parsing steps: 37835 steps
Cky conversion steps: 116363 steps
Chart START items len: 3709
Chart keys len: 3781
Chart items len: 17805

Parsing sen 3550
Parsing steps: 47230 steps
Cky conversion steps: 190980 steps
Chart START items len: 4617
Chart keys len: 4702
Chart items len: 24432

Parsing sen 3551
Parse did not finish:
- steps: 113078
- queue len: 165844
- attempted len: 20000441

Parsing sen 3555
Parsing steps: 2412 steps
Cky conversion steps: 4816 steps
Chart START items len: 224
Chart keys len: 235
Chart items len: 998

Parsing sen 3556
Parsing steps: 612879 steps
Cky conversion did not finish:
- steps: 11746244

Parsing sen 3558
Parsing steps: 538393 steps
Cky conversion did not finish:
- steps: 11680489

Parsing sen 3562
Parse did not finish:
- steps: 122455
- queue len: 133530
- attempted len: 20000071

Parsing sen 3567
Parse did not finish:
- steps: 84079
- queue len: 119788
- attempted len: 20000708

Parsing sen 3570
Parse did not finish:
- steps: 102426
- queue len: 121799
- attempted len: 20000230

Parsing sen 3573
Parsing steps: 79440 steps
Cky conversion steps: 42080 steps
Chart START items len: 4311
Chart keys len: 5107
Chart items len: 17244

Parsing sen 3574
Parse did not finish:
- steps: 208384
- queue len: 1706708
- attempted len: 20000257

Parsing sen 3576
Parsing steps: 52644 steps
Cky conversion steps: 1366555 steps
Chart START items len: 13133
Chart keys len: 13191
Chart items len: 82664

Parsing sen 3577
Parsing steps: 126110 steps
Cky conversion steps: 149731 steps
Chart START items len: 14137
Chart keys len: 14443
Chart items len: 65778

Parsing sen 3578
Parsing steps: 44376 steps
Cky conversion steps: 32043 steps
Chart START items len: 2412
Chart keys len: 3054
Chart items len: 14502

Parsing sen 3584
Parse did not finish:
- steps: 67801
- queue len: 24645
- attempted len: 20000616

Parsing sen 3585
Parsing steps: 26981 steps
Cky conversion steps: 33316 steps
Chart START items len: 2302
Chart keys len: 2567
Chart items len: 11069

Parsing sen 3587
Parse did not finish:
- steps: 302445
- queue len: 2208714
- attempted len: 20000287

Parsing sen 3591
Parse did not finish:
- steps: 128795
- queue len: 166798
- attempted len: 20000511

Parsing sen 3593
Parsing steps: 18724 steps
Cky conversion steps: 22528 steps
Chart START items len: 1279
Chart keys len: 1423
Chart items len: 6527

Parsing sen 3595
Parse did not finish:
- steps: 110674
- queue len: 406448
- attempted len: 20000756

Parsing sen 3599
Parsing steps: 58292 steps
Cky conversion steps: 458811 steps
Chart START items len: 10353
Chart keys len: 10507
Chart items len: 57207

Parsing sen 3600
Parse did not finish:
- steps: 72228
- queue len: 26345
- attempted len: 20000682

Parsing sen 3604
Parsing steps: 85518 steps
Cky conversion steps: 1430794 steps
Chart START items len: 16805
Chart keys len: 16879
Chart items len: 96128

Parsing sen 3606
Parsing steps: 275221 steps
Cky conversion steps: 250375 steps
Chart START items len: 22823
Chart keys len: 23472
Chart items len: 110819

Parsing sen 3608
Parse did not finish:
- steps: 128899
- queue len: 76250
- attempted len: 20000283

Parsing sen 3609
Parsing steps: 142305 steps
Cky conversion steps: 336932 steps
Chart START items len: 19009
Chart keys len: 19728
Chart items len: 79188

Parsing sen 3610
Parse did not finish:
- steps: 119825
- queue len: 122986
- attempted len: 20000367

Parsing sen 3612
Parsing steps: 60203 steps
Cky conversion steps: 451846 steps
Chart START items len: 12418
Chart keys len: 12543
Chart items len: 54623

Parsing sen 3613
Parse did not finish:
- steps: 95568
- queue len: 94936
- attempted len: 20000367

Parsing sen 3614
Parsing steps: 693369 steps
Cky conversion did not finish:
- steps: 10122180

Parsing sen 3615
Parsing steps: 12841 steps
Cky conversion steps: 20200 steps
Chart START items len: 1014
Chart keys len: 1072
Chart items len: 4503

Parsing sen 3616
Parsing steps: 35542 steps
Cky conversion steps: 198629 steps
Chart START items len: 4342
Chart keys len: 4484
Chart items len: 21188

Parsing sen 3618
Parsing steps: 36774 steps
Cky conversion steps: 423459 steps
Chart START items len: 5969
Chart keys len: 6095
Chart items len: 38772

Parsing sen 3620
Parse did not finish:
- steps: 183525
- queue len: 286562
- attempted len: 20000226

Parsing sen 3621
Parsing steps: 61074 steps
Cky conversion steps: 594864 steps
Chart START items len: 13323
Chart keys len: 13436
Chart items len: 72672

Parsing sen 3622
Parse did not finish:
- steps: 143671
- queue len: 938229
- attempted len: 20000233

Parsing sen 3626
Parse did not finish:
- steps: 154274
- queue len: 139006
- attempted len: 20000264

Parsing sen 3628
Parse did not finish:
- steps: 274204
- queue len: 1278403
- attempted len: 20000183

Parsing sen 3632
Parse did not finish:
- steps: 336973
- queue len: 412110
- attempted len: 20000070

Parsing sen 3633
Parsing steps: 201379 steps
Cky conversion steps: 752097 steps
Chart START items len: 33936
Chart keys len: 34747
Chart items len: 201050

Parsing sen 3636
Parse did not finish:
- steps: 190111
- queue len: 267659
- attempted len: 20000046

Parsing sen 3641
Parse did not finish:
- steps: 101962
- queue len: 80712
- attempted len: 20000861

Parsing sen 3644
Parse did not finish:
- steps: 76025
- queue len: 23238
- attempted len: 20000127

Parsing sen 3646
Parse did not finish:
- steps: 251939
- queue len: 91462
- attempted len: 20000007

Parsing sen 3650
Parse did not finish:
- steps: 689775
- queue len: 29555
- attempted len: 20000010

Parsing sen 3653
Parse did not finish:
- steps: 252064
- queue len: 909374
- attempted len: 20000060

Parsing sen 3657
Parsing steps: 25363 steps
Cky conversion steps: 67764 steps
Chart START items len: 3745
Chart keys len: 3887
Chart items len: 20905

Parsing sen 3660
Parsing steps: 80195 steps
Cky conversion steps: 893363 steps
Chart START items len: 17571
Chart keys len: 17830
Chart items len: 118745

Parsing sen 3663
Parsing steps: 10096 steps
Cky conversion steps: 15586 steps
Chart START items len: 820
Chart keys len: 877
Chart items len: 4427

Parsing sen 3664
Parse did not finish:
- steps: 83173
- queue len: 136177
- attempted len: 20000390

Parsing sen 3668
Parsing steps: 42759 steps
Cky conversion steps: 445825 steps
Chart START items len: 7675
Chart keys len: 7742
Chart items len: 36830

Parsing sen 3669
Parsing steps: 38186 steps
Cky conversion steps: 319867 steps
Chart START items len: 8403
Chart keys len: 8506
Chart items len: 46877

Parsing sen 3671
Parse did not finish:
- steps: 246638
- queue len: 115591
- attempted len: 20000024

Parsing sen 3673
Parsing steps: 84762 steps
Cky conversion steps: 9370 steps
Chart START items len: 1197
Chart keys len: 1315
Chart items len: 5174

Parsing sen 3674
Parsing steps: 3396 steps
Cky conversion steps: 5363 steps
Chart START items len: 267
Chart keys len: 281
Chart items len: 1293

Parsing sen 3675
Parse did not finish:
- steps: 119476
- queue len: 52319
- attempted len: 20001014

Parsing sen 3676
Parsing steps: 176774 steps
Cky conversion steps: 582683 steps
Chart START items len: 36321
Chart keys len: 36584
Chart items len: 166831

Parsing sen 3679
Parse did not finish:
- steps: 223809
- queue len: 171790
- attempted len: 20000212

Parsing sen 3683
Parse did not finish:
- steps: 171664
- queue len: 584383
- attempted len: 20000052

Parsing sen 3686
Parse did not finish:
- steps: 130388
- queue len: 234589
- attempted len: 20000425

Parsing sen 3687
Parse did not finish:
- steps: 94049
- queue len: 80209
- attempted len: 20000738

Parsing sen 3688
Parse did not finish:
- steps: 347046
- queue len: 283755
- attempted len: 20000003

Parsing sen 3690
Parse did not finish:
- steps: 401764
- queue len: 1078355
- attempted len: 20000028

Parsing sen 3692
Parse did not finish:
- steps: 190695
- queue len: 121929
- attempted len: 20000242

Parsing sen 3694
Parsing steps: 2290 steps
Cky conversion steps: 2457 steps
Chart START items len: 156
Chart keys len: 169
Chart items len: 687

Parsing sen 3696
Parse did not finish:
- steps: 120934
- queue len: 130279
- attempted len: 20000001

Parsing sen 3699
Parse did not finish:
- steps: 409180
- queue len: 497183
- attempted len: 20000069

Parsing sen 3700
Parsing steps: 18952 steps
Cky conversion steps: 34977 steps
Chart START items len: 1893
Chart keys len: 2044
Chart items len: 8170

Parsing sen 3702
Parse did not finish:
- steps: 71595
- queue len: 50609
- attempted len: 20000710

Parsing sen 3705
Parse did not finish:
- steps: 66576
- queue len: 36363
- attempted len: 20000608

Parsing sen 3708
Parse did not finish:
- steps: 347027
- queue len: 1598440
- attempted len: 20000884

Parsing sen 3712
Parse did not finish:
- steps: 144923
- queue len: 248486
- attempted len: 20000050

Parsing sen 3713
Parsing steps: 139195 steps
Cky conversion steps: 1031789 steps
Chart START items len: 30761
Chart keys len: 30881
Chart items len: 212249

Parsing sen 3714
Parse did not finish:
- steps: 81017
- queue len: 78337
- attempted len: 20000759

Parsing sen 3715
Parse did not finish:
- steps: 96221
- queue len: 181330
- attempted len: 20000936

Parsing sen 3718
Parse did not finish:
- steps: 179165
- queue len: 603690
- attempted len: 20000380

Parsing sen 3720
Parse did not finish:
- steps: 163460
- queue len: 125291
- attempted len: 20000213

Parsing sen 3721
Parsing steps: 125719 steps
Cky conversion steps: 1058273 steps
Chart START items len: 26110
Chart keys len: 26538
Chart items len: 160453

Parsing sen 3724
Parsing steps: 419711 steps
Cky conversion steps: 1124704 steps
Chart START items len: 66059
Chart keys len: 66402
Chart items len: 335970

Parsing sen 3726
Parse did not finish:
- steps: 71670
- queue len: 41267
- attempted len: 20001041

Parsing sen 3729
Parse did not finish:
- steps: 128602
- queue len: 101986
- attempted len: 20000085

Parsing sen 3732
Parsing steps: 53675 steps
Cky conversion steps: 166437 steps
Chart START items len: 5314
Chart keys len: 5538
Chart items len: 23370

Parsing sen 3735
Parse did not finish:
- steps: 73516
- queue len: 395369
- attempted len: 20000904

Parsing sen 3744
Parsing steps: 35138 steps
Cky conversion steps: 68270 steps
Chart START items len: 3020
Chart keys len: 3097
Chart items len: 13335

Parsing sen 3745
Parse did not finish:
- steps: 108147
- queue len: 474802
- attempted len: 20000647

Parsing sen 3749
Parse did not finish:
- steps: 184577
- queue len: 561316
- attempted len: 20000300

Parsing sen 3754
Parse did not finish:
- steps: 73794
- queue len: 32848
- attempted len: 20000487

Parsing sen 3756
Parse did not finish:
- steps: 149161
- queue len: 103604
- attempted len: 20000009

Parsing sen 3758
Parse did not finish:
- steps: 61661
- queue len: 46786
- attempted len: 20000329

Parsing sen 3763
Parse did not finish:
- steps: 113676
- queue len: 134324
- attempted len: 20000026

Parsing sen 3764
Parse did not finish:
- steps: 65739
- queue len: 74398
- attempted len: 20000102

Parsing sen 3766
Parse did not finish:
- steps: 146511
- queue len: 220692
- attempted len: 20000048

Parsing sen 3767
Parsing steps: 78631 steps
Cky conversion steps: 2102534 steps
Chart START items len: 24762
Chart keys len: 24855
Chart items len: 148486

Parsing sen 3769
Parsing steps: 27587 steps
Cky conversion steps: 88900 steps
Chart START items len: 3106
Chart keys len: 3420
Chart items len: 14219

Parsing sen 3771
Parsing steps: 167670 steps
Cky conversion steps: 2589082 steps
Chart START items len: 38276
Chart keys len: 38594
Chart items len: 213445

Parsing sen 3774
Parse did not finish:
- steps: 293207
- queue len: 506168
- attempted len: 20000438

Parsing sen 3776
Parsing steps: 1437 steps
Cky conversion steps: 346 steps
Chart START items len: 41
Chart keys len: 48
Chart items len: 133

Parsing sen 3777
Parse did not finish:
- steps: 116071
- queue len: 133018
- attempted len: 20000019

Parsing sen 3778
Parse did not finish:
- steps: 369462
- queue len: 195399
- attempted len: 20000119

Parsing sen 3779
Parse did not finish:
- steps: 279486
- queue len: 458317
- attempted len: 20000234

Parsing sen 3784
Parse did not finish:
- steps: 56428
- queue len: 36378
- attempted len: 20001172

Parsing sen 3786
Parse did not finish:
- steps: 76777
- queue len: 42459
- attempted len: 20000938

Parsing sen 3788
Parse did not finish:
- steps: 138152
- queue len: 304532
- attempted len: 20000151

Parsing sen 3792
Parse did not finish:
- steps: 145597
- queue len: 329296
- attempted len: 20000116

Parsing sen 3794
Parsing steps: 127853 steps
Cky conversion steps: 2127378 steps
Chart START items len: 30905
Chart keys len: 31084
Chart items len: 175700

Parsing sen 3796
Parse did not finish:
- steps: 273524
- queue len: 427586
- attempted len: 20000013

Parsing sen 3800
Parsing steps: 75193 steps
Cky conversion steps: 768393 steps
Chart START items len: 19501
Chart keys len: 19691
Chart items len: 105072

Parsing sen 3803
Parse did not finish:
- steps: 78108
- queue len: 260487
- attempted len: 20000507

Parsing sen 3806
Parse did not finish:
- steps: 131368
- queue len: 71788
- attempted len: 20000093

Parsing sen 3809
Parse did not finish:
- steps: 86516
- queue len: 58906
- attempted len: 20000185

Parsing sen 3812
Parse did not finish:
- steps: 63165
- queue len: 112898
- attempted len: 20000248

Parsing sen 3813
Parse did not finish:
- steps: 107901
- queue len: 30949
- attempted len: 20000412

Parsing sen 3814
Parse did not finish:
- steps: 95028
- queue len: 315286
- attempted len: 20000160

Parsing sen 3821
Parsing steps: 17926 steps
Cky conversion steps: 65036 steps
Chart START items len: 2415
Chart keys len: 2537
Chart items len: 11044

Parsing sen 3823
Parse did not finish:
- steps: 392390
- queue len: 670924
- attempted len: 20000030

Parsing sen 3825
Parse did not finish:
- steps: 179049
- queue len: 223058
- attempted len: 20000072

Parsing sen 3831
Parse did not finish:
- steps: 145553
- queue len: 83664
- attempted len: 20000112

Parsing sen 3835
Parsing steps: 215695 steps
Cky conversion steps: 335365 steps
Chart START items len: 26724
Chart keys len: 27288
Chart items len: 110475

Parsing sen 3837
Parse did not finish:
- steps: 65580
- queue len: 59256
- attempted len: 20000555

Parsing sen 3839
Parsing steps: 272343 steps
Cky conversion steps: 5936189 steps
Chart START items len: 78560
Chart keys len: 78772
Chart items len: 525710

Parsing sen 3841
Parse did not finish:
- steps: 182779
- queue len: 218169
- attempted len: 20000576

Parsing sen 3845
Parse did not finish:
- steps: 72368
- queue len: 126443
- attempted len: 20000737

Parsing sen 3849
Parse did not finish:
- steps: 183541
- queue len: 221636
- attempted len: 20000170

Parsing sen 3854
Parse did not finish:
- steps: 548130
- queue len: 53411
- attempted len: 20000150

Parsing sen 3855
Parsing steps: 24787 steps
Cky conversion steps: 23189 steps
Chart START items len: 1319
Chart keys len: 1597
Chart items len: 5359

Parsing sen 3856
Parsing steps: 36731 steps
Cky conversion steps: 42703 steps
Chart START items len: 2288
Chart keys len: 2589
Chart items len: 11468

Parsing sen 3858
Parsing steps: 71917 steps
Cky conversion steps: 42792 steps
Chart START items len: 4361
Chart keys len: 5675
Chart items len: 17675

Parsing sen 3859
Parse did not finish:
- steps: 66600
- queue len: 100269
- attempted len: 20000101

Parsing sen 3861
Parse did not finish:
- steps: 175915
- queue len: 241579
- attempted len: 20000183

Parsing sen 3863
Parse did not finish:
- steps: 71493
- queue len: 156074
- attempted len: 20000253

Parsing sen 3869
Parsing steps: 19443 steps
Cky conversion steps: 144235 steps
Chart START items len: 3259
Chart keys len: 3355
Chart items len: 15664

Parsing sen 3871
Parsing steps: 7708 steps
Cky conversion steps: 7514 steps
Chart START items len: 661
Chart keys len: 719
Chart items len: 2692

Parsing sen 3872
Parse did not finish:
- steps: 86811
- queue len: 89074
- attempted len: 20000590

Parsing sen 3874
Parse did not finish:
- steps: 112001
- queue len: 493547
- attempted len: 20000070

Parsing sen 3876
Parsing steps: 33352 steps
Cky conversion steps: 46335 steps
Chart START items len: 2887
Chart keys len: 3345
Chart items len: 15020

Parsing sen 3880
Parse did not finish:
- steps: 775569
- queue len: 695828
- attempted len: 20000033

Parsing sen 3883
Parsing steps: 6790 steps
Cky conversion steps: 2687 steps
Chart START items len: 340
Chart keys len: 438
Chart items len: 1248

Parsing sen 3885
Parsing steps: 40160 steps
Cky conversion steps: 43138 steps
Chart START items len: 2788
Chart keys len: 3270
Chart items len: 13076

Parsing sen 3887
Parse did not finish:
- steps: 258500
- queue len: 92405
- attempted len: 20000179

Parsing sen 3888
Parsing steps: 28033 steps
Cky conversion steps: 72057 steps
Chart START items len: 3516
Chart keys len: 3633
Chart items len: 19640

Parsing sen 3889
Parse did not finish:
- steps: 492846
- queue len: 297220
- attempted len: 20000022

Parsing sen 3891
Parsing steps: 7989 steps
Cky conversion steps: 52773 steps
Chart START items len: 1042
Chart keys len: 1073
Chart items len: 5321

Parsing sen 3892
Parsing steps: 315857 steps
Cky conversion steps: 2398546 steps
Chart START items len: 84120
Chart keys len: 84393
Chart items len: 592981

Parsing sen 3894
Parse did not finish:
- steps: 247436
- queue len: 744205
- attempted len: 20000190

Parsing sen 3897
Parse did not finish:
- steps: 238637
- queue len: 137565
- attempted len: 20000072

Parsing sen 3900
Parse did not finish:
- steps: 202635
- queue len: 582904
- attempted len: 20000125

Parsing sen 3902
Parse did not finish:
- steps: 221962
- queue len: 573461
- attempted len: 20000479

Parsing sen 3903
Parse did not finish:
- steps: 186560
- queue len: 284940
- attempted len: 20000014

Parsing sen 3906
Parsing steps: 3548 steps
Cky conversion steps: 2050 steps
Chart START items len: 87
Chart keys len: 92
Chart items len: 341

Parsing sen 3907
Parsing steps: 335150 steps
Cky conversion steps: 853303 steps
Chart START items len: 50896
Chart keys len: 51258
Chart items len: 256368

Parsing sen 3909
Parsing steps: 669999 steps
Cky conversion steps: 11386904 steps
Chart START items len: 192595
Chart keys len: 192893
Chart items len: 1449687

Parsing sen 3911
Parse did not finish:
- steps: 271234
- queue len: 220018
- attempted len: 20000202

Parsing sen 3913
Parse did not finish:
- steps: 70702
- queue len: 90946
- attempted len: 20001189

Parsing sen 3917
Parse did not finish:
- steps: 151063
- queue len: 268272
- attempted len: 20000013

Parsing sen 3919
Parse did not finish:
- steps: 125380
- queue len: 67912
- attempted len: 20000197

Parsing sen 3920
Parsing steps: 704 steps
Cky conversion steps: 58 steps
Chart START items len: 7
Chart keys len: 9
Chart items len: 20

Parsing sen 3921
Parsing steps: 63265 steps
Cky conversion steps: 491710 steps
Chart START items len: 34133
Chart keys len: 34390
Chart items len: 166513

Parsing sen 3924
Parse did not finish:
- steps: 90376
- queue len: 314481
- attempted len: 20000348

Parsing sen 3925
Parse did not finish:
- steps: 92702
- queue len: 53437
- attempted len: 20000218

Parsing sen 3927
Parse did not finish:
- steps: 68198
- queue len: 209671
- attempted len: 20001490

Parsing sen 3931
Parsing steps: 49478 steps
Cky conversion steps: 85413 steps
Chart START items len: 3344
Chart keys len: 3560
Chart items len: 13136

Parsing sen 3932
Parse did not finish:
- steps: 85908
- queue len: 126134
- attempted len: 20000157

Parsing sen 3933
Parse did not finish:
- steps: 120574
- queue len: 276889
- attempted len: 20000165

Parsing sen 3934
Parse did not finish:
- steps: 85020
- queue len: 98724
- attempted len: 20000423

Parsing sen 3935
Parsing steps: 77171 steps
Cky conversion steps: 1347621 steps
Chart START items len: 16683
Chart keys len: 16798
Chart items len: 91040

Parsing sen 3936
Parse did not finish:
- steps: 66611
- queue len: 48968
- attempted len: 20000848

Parsing sen 3938
Parse did not finish:
- steps: 93162
- queue len: 88664
- attempted len: 20000069

Parsing sen 3942
Parse did not finish:
- steps: 79698
- queue len: 125393
- attempted len: 20001160

Parsing sen 3943
Parsing steps: 49522 steps
Cky conversion steps: 112013 steps
Chart START items len: 5186
Chart keys len: 5398
Chart items len: 31890

Parsing sen 3945
Parse did not finish:
- steps: 77304
- queue len: 37786
- attempted len: 20000726

Parsing sen 3948
Parse did not finish:
- steps: 275665
- queue len: 633499
- attempted len: 20000341

Parsing sen 3952
Parse did not finish:
- steps: 222119
- queue len: 59768
- attempted len: 20000159

Parsing sen 3953
Parse did not finish:
- steps: 74975
- queue len: 32649
- attempted len: 20000335

Parsing sen 3954
Parsing steps: 16058 steps
Cky conversion steps: 291267 steps
Chart START items len: 4251
Chart keys len: 4289
Chart items len: 28024

Parsing sen 3956
Parse did not finish:
- steps: 85126
- queue len: 41890
- attempted len: 20000365

Parsing sen 3957
Parse did not finish:
- steps: 76964
- queue len: 167688
- attempted len: 20000086

Parsing sen 3960
Parse did not finish:
- steps: 243333
- queue len: 362778
- attempted len: 20000117

Parsing sen 3963
Parse did not finish:
- steps: 62652
- queue len: 28160
- attempted len: 20000034

Parsing sen 3964
Parsing steps: 155829 steps
Cky conversion steps: 1040936 steps
Chart START items len: 28624
Chart keys len: 29433
Chart items len: 147516

Parsing sen 3967
Parse did not finish:
- steps: 1737618
- queue len: 1076342
- attempted len: 20000004

Parsing sen 3970
Parsing steps: 1826 steps
Cky conversion steps: 2676 steps
Chart START items len: 162
Chart keys len: 172
Chart items len: 663

Parsing sen 3971
Parse did not finish:
- steps: 67671
- queue len: 31152
- attempted len: 20000545

Parsing sen 3973
Parsing steps: 3388 steps
Cky conversion steps: 10567 steps
Chart START items len: 306
Chart keys len: 323
Chart items len: 1582

Parsing sen 3974
Parsing steps: 197582 steps
Cky conversion steps: 1543750 steps
Chart START items len: 28180
Chart keys len: 28825
Chart items len: 130977

Parsing sen 3976
Parsing steps: 13848 steps
Cky conversion steps: 57733 steps
Chart START items len: 1515
Chart keys len: 1600
Chart items len: 8733

Parsing sen 3977
Parse did not finish:
- steps: 65503
- queue len: 30371
- attempted len: 20000890

Parsing sen 3978
Parsing steps: 169223 steps
Cky conversion steps: 1705217 steps
Chart START items len: 28150
Chart keys len: 28576
Chart items len: 139987

Parsing sen 3979
Parse did not finish:
- steps: 121863
- queue len: 226573
- attempted len: 20000730

Parsing sen 3982
Parse did not finish:
- steps: 302896
- queue len: 147858
- attempted len: 20000012

Parsing sen 3985
Parsing steps: 8749 steps
Cky conversion steps: 5822 steps
Chart START items len: 530
Chart keys len: 627
Chart items len: 2433

Parsing sen 3986
Parsing steps: 6216 steps
Cky conversion steps: 3415 steps
Chart START items len: 303
Chart keys len: 347
Chart items len: 1281

Parsing sen 3987
Parsing steps: 5445 steps
Cky conversion steps: 17867 steps
Chart START items len: 558
Chart keys len: 581
Chart items len: 2817

Parsing sen 3988
Parse did not finish:
- steps: 106147
- queue len: 345639
- attempted len: 20000646

Parsing sen 3993
Parsing steps: 288773 steps
Cky conversion steps: 7562516 steps
Chart START items len: 78188
Chart keys len: 78685
Chart items len: 423751

Parsing sen 3996
Parse did not finish:
- steps: 68396
- queue len: 26838
- attempted len: 20000752

Parsing sen 3997
Parse did not finish:
- steps: 301213
- queue len: 218338
- attempted len: 20000243

Parsing sen 4000
Parsing steps: 113044 steps
Cky conversion steps: 147377 steps
Chart START items len: 10292
Chart keys len: 11591
Chart items len: 46980

Parsing sen 4002
Parsing steps: 241497 steps
Cky conversion steps: 4022686 steps
Chart START items len: 60001
Chart keys len: 60167
Chart items len: 286934

Parsing sen 4004
Parsing steps: 2918 steps
Cky conversion steps: 22423 steps
Chart START items len: 461
Chart keys len: 471
Chart items len: 2308

Parsing sen 4005
Parsing steps: 73167 steps
Cky conversion steps: 987147 steps
Chart START items len: 17325
Chart keys len: 17543
Chart items len: 114629

Parsing sen 4008
Parsing steps: 186909 steps
Cky conversion steps: 6712615 steps
Chart START items len: 65507
Chart keys len: 65615
Chart items len: 432507

Parsing sen 4010
Parse did not finish:
- steps: 125621
- queue len: 52322
- attempted len: 20000077

Parsing sen 4011
Parsing steps: 14266 steps
Cky conversion steps: 30188 steps
Chart START items len: 1505
Chart keys len: 1601
Chart items len: 9574

Parsing sen 4012
Parsing steps: 4916 steps
Cky conversion steps: 2948 steps
Chart START items len: 284
Chart keys len: 334
Chart items len: 1269

Parsing sen 4013
Parse did not finish:
- steps: 86632
- queue len: 155369
- attempted len: 20000882

Parsing sen 4016
Parse did not finish:
- steps: 64737
- queue len: 33501
- attempted len: 20000239

Parsing sen 4018
Parsing steps: 17767 steps
Cky conversion steps: 128523 steps
Chart START items len: 3412
Chart keys len: 3468
Chart items len: 17820

Parsing sen 4019
Parse did not finish:
- steps: 445670
- queue len: 724769
- attempted len: 20000056

Parsing sen 4021
Parsing steps: 6523 steps
Cky conversion steps: 191 steps
Chart START items len: 28
Chart keys len: 37
Chart items len: 86

Parsing sen 4023
Parse did not finish:
- steps: 91563
- queue len: 106534
- attempted len: 20000243

Parsing sen 4027
Parsing steps: 39547 steps
Cky conversion steps: 164746 steps
Chart START items len: 12836
Chart keys len: 13021
Chart items len: 56942

Parsing sen 4029
Parse did not finish:
- steps: 78427
- queue len: 35073
- attempted len: 20000283

Parsing sen 4030
Parsing steps: 13996 steps
Cky conversion steps: 11086 steps
Chart START items len: 1107
Chart keys len: 1183
Chart items len: 4376

Parsing sen 4032
Parse did not finish:
- steps: 152551
- queue len: 659844
- attempted len: 20000032

Parsing sen 4036
Parsing steps: 151206 steps
Cky conversion steps: 1976734 steps
Chart START items len: 40731
Chart keys len: 40909
Chart items len: 257733

Parsing sen 4037
Parse did not finish:
- steps: 67644
- queue len: 93324
- attempted len: 20000157

Parsing sen 4042
Parsing steps: 72315 steps
Cky conversion steps: 8386 steps
Chart START items len: 530
Chart keys len: 846
Chart items len: 2904

Parsing sen 4043
Parse did not finish:
- steps: 98020
- queue len: 236459
- attempted len: 20000429

Parsing sen 4044
Parsing steps: 64288 steps
Cky conversion steps: 312398 steps
Chart START items len: 11417
Chart keys len: 11537
Chart items len: 68121

Parsing sen 4046
Parse did not finish:
- steps: 75191
- queue len: 171438
- attempted len: 20000184

Parsing sen 4049
Parsing steps: 26142 steps
Cky conversion steps: 5095 steps
Chart START items len: 322
Chart keys len: 353
Chart items len: 1721

Parsing sen 4050
Parse did not finish:
- steps: 113577
- queue len: 58151
- attempted len: 20000108

Parsing sen 4052
Parsing steps: 4390 steps
Cky conversion steps: 1567 steps
Chart START items len: 161
Chart keys len: 187
Chart items len: 609

Parsing sen 4056
Parsing steps: 1190 steps
Cky conversion steps: 118 steps
Chart START items len: 16
Chart keys len: 19
Chart items len: 47

Parsing sen 4057
Parse did not finish:
- steps: 102768
- queue len: 203138
- attempted len: 20000125

Parsing sen 4058
Parse did not finish:
- steps: 135209
- queue len: 51513
- attempted len: 20000355

Parsing sen 4059
Parsing steps: 5968 steps
Cky conversion steps: 4094 steps
Chart START items len: 241
Chart keys len: 263
Chart items len: 925

Parsing sen 4060
Parsing steps: 52058 steps
Cky conversion steps: 45358 steps
Chart START items len: 2856
Chart keys len: 3067
Chart items len: 13466

Parsing sen 4062
Parse did not finish:
- steps: 90487
- queue len: 44888
- attempted len: 20000042

Parsing sen 4067
Parsing steps: 11620 steps
Cky conversion steps: 7183 steps
Chart START items len: 693
Chart keys len: 748
Chart items len: 2856

Parsing sen 4068
Parse did not finish:
- steps: 76407
- queue len: 27431
- attempted len: 20000519

Parsing sen 4072
Parsing steps: 1585 steps
Cky conversion steps: 3527 steps
Chart START items len: 127
Chart keys len: 134
Chart items len: 492

Parsing sen 4073
Parsing steps: 4610 steps
Cky conversion steps: 18554 steps
Chart START items len: 460
Chart keys len: 479
Chart items len: 2323

Parsing sen 4075
Parse did not finish:
- steps: 393954
- queue len: 480701
- attempted len: 20000068

Parsing sen 4080
Parse did not finish:
- steps: 78210
- queue len: 112989
- attempted len: 20000584

Parsing sen 4085
Parse did not finish:
- steps: 113149
- queue len: 526008
- attempted len: 20000450

Parsing sen 4088
Parsing steps: 53825 steps
Cky conversion steps: 324364 steps
Chart START items len: 5767
Chart keys len: 5887
Chart items len: 26441

Parsing sen 4089
Parse did not finish:
- steps: 228517
- queue len: 917593
- attempted len: 20000489

Parsing sen 4094
Parse did not finish:
- steps: 523589
- queue len: 97619
- attempted len: 20000047

Parsing sen 4097
Parsing steps: 9803 steps
Cky conversion steps: 18397 steps
Chart START items len: 1118
Chart keys len: 1160
Chart items len: 5170

Parsing sen 4099
Parsing steps: 20491 steps
Cky conversion steps: 3920 steps
Chart START items len: 285
Chart keys len: 384
Chart items len: 1044

Parsing sen 4100
Parsing steps: 82649 steps
Cky conversion steps: 555421 steps
Chart START items len: 11534
Chart keys len: 11851
Chart items len: 65835

Parsing sen 4101
Parse did not finish:
- steps: 87930
- queue len: 121219
- attempted len: 20000058

Parsing sen 4107
Parse did not finish:
- steps: 96145
- queue len: 55553
- attempted len: 20000677

Parsing sen 4110
Parsing steps: 6313 steps
Cky conversion steps: 57626 steps
Chart START items len: 1132
Chart keys len: 1151
Chart items len: 6288

Parsing sen 4111
Parse did not finish:
- steps: 77726
- queue len: 59351
- attempted len: 20000963

Parsing sen 4112
Parse did not finish:
- steps: 79539
- queue len: 126998
- attempted len: 20001198

Parsing sen 4114
Parsing steps: 7053 steps
Cky conversion steps: 4295 steps
Chart START items len: 292
Chart keys len: 340
Chart items len: 1125

Parsing sen 4115
Parsing steps: 11250 steps
Cky conversion steps: 669 steps
Chart START items len: 55
Chart keys len: 56
Chart items len: 185

Parsing sen 4116
Parsing steps: 41640 steps
Cky conversion steps: 1292897 steps
Chart START items len: 11371
Chart keys len: 11414
Chart items len: 64834

Parsing sen 4117
Parsing steps: 12350 steps
Cky conversion steps: 74694 steps
Chart START items len: 1862
Chart keys len: 1905
Chart items len: 9230

Parsing sen 4118
Parse did not finish:
- steps: 142990
- queue len: 365369
- attempted len: 20000109

Parsing sen 4121
Parsing steps: 4817 steps
Cky conversion steps: 16107 steps
Chart START items len: 478
Chart keys len: 509
Chart items len: 2161

Parsing sen 4122
Parse did not finish:
- steps: 146375
- queue len: 102638
- attempted len: 20000192

Parsing sen 4125
Parsing steps: 207341 steps
Cky conversion steps: 922464 steps
Chart START items len: 37759
Chart keys len: 38271
Chart items len: 207748

Parsing sen 4127
Parse did not finish:
- steps: 112145
- queue len: 28660
- attempted len: 20000409

Parsing sen 4128
Parsing steps: 15936 steps
Cky conversion steps: 13423 steps
Chart START items len: 812
Chart keys len: 893
Chart items len: 3537

Parsing sen 4129
Parsing steps: 203372 steps
Cky conversion steps: 785728 steps
Chart START items len: 35438
Chart keys len: 35861
Chart items len: 226069

Parsing sen 4132
Parse did not finish:
- steps: 283667
- queue len: 527052
- attempted len: 20000251

Parsing sen 4139
Parse did not finish:
- steps: 388266
- queue len: 441915
- attempted len: 20000221

Parsing sen 4145
Parsing steps: 109602 steps
Cky conversion steps: 2126940 steps
Chart START items len: 25411
Chart keys len: 25483
Chart items len: 148396

Parsing sen 4146
Parse did not finish:
- steps: 104961
- queue len: 238072
- attempted len: 20000615

Parsing sen 4152
Parsing steps: 232094 steps
Cky conversion steps: 5574657 steps
Chart START items len: 48433
Chart keys len: 48554
Chart items len: 261519

Parsing sen 4153
Parsing steps: 12035 steps
Cky conversion steps: 23470 steps
Chart START items len: 1934
Chart keys len: 2003
Chart items len: 8603

Parsing sen 4155
Parsing steps: 56846 steps
Cky conversion steps: 8468 steps
Chart START items len: 606
Chart keys len: 663
Chart items len: 2808

Parsing sen 4156
Parsing steps: 1845 steps
Cky conversion steps: 3190 steps
Chart START items len: 97
Chart keys len: 103
Chart items len: 376

Parsing sen 4157
Parsing steps: 1532 steps
Cky conversion steps: 220 steps
Chart START items len: 27
Chart keys len: 38
Chart items len: 82

Parsing sen 4158
Parsing steps: 106839 steps
Cky conversion steps: 3796043 steps
Chart START items len: 32073
Chart keys len: 32145
Chart items len: 193619

Parsing sen 4159
Parsing steps: 27074 steps
Cky conversion steps: 110527 steps
Chart START items len: 2992
Chart keys len: 3124
Chart items len: 19607

Parsing sen 4161
Parsing steps: 836984 steps
Cky conversion steps: 8872470 steps
Chart START items len: 529034
Chart keys len: 529480
Chart items len: 2733755

Parsing sen 4162
Parse did not finish:
- steps: 192923
- queue len: 51330
- attempted len: 20000007

Parsing sen 4166
Parse did not finish:
- steps: 67289
- queue len: 91161
- attempted len: 20000302

Parsing sen 4167
Parsing steps: 21105 steps
Cky conversion steps: 83877 steps
Chart START items len: 3321
Chart keys len: 3369
Chart items len: 18078

Parsing sen 4168
Parsing steps: 22118 steps
Cky conversion steps: 29468 steps
Chart START items len: 1948
Chart keys len: 1991
Chart items len: 8968

Parsing sen 4170
Parse did not finish:
- steps: 100272
- queue len: 59195
- attempted len: 20000156

Parsing sen 4173
Parse did not finish:
- steps: 58963
- queue len: 55939
- attempted len: 20000945

Parsing sen 4175
Parsing steps: 19798 steps
Cky conversion steps: 11535 steps
Chart START items len: 954
Chart keys len: 1228
Chart items len: 4665

Parsing sen 4176
Parsing steps: 2911 steps
Cky conversion steps: 13526 steps
Chart START items len: 371
Chart keys len: 386
Chart items len: 1811

Parsing sen 4178
Parsing steps: 4872 steps
Cky conversion steps: 11675 steps
Chart START items len: 569
Chart keys len: 593
Chart items len: 2793

Parsing sen 4179
Parsing steps: 112839 steps
Cky conversion steps: 1109439 steps
Chart START items len: 14975
Chart keys len: 15120
Chart items len: 73112

Parsing sen 4181
Parsing steps: 123458 steps
Cky conversion steps: 784001 steps
Chart START items len: 16015
Chart keys len: 16510
Chart items len: 88427

Parsing sen 4186
Parse did not finish:
- steps: 112083
- queue len: 537743
- attempted len: 20000204

Parsing sen 4194
Parse did not finish:
- steps: 271336
- queue len: 458779
- attempted len: 20000207

Parsing sen 4197
Parsing steps: 25901 steps
Cky conversion steps: 209173 steps
Chart START items len: 4123
Chart keys len: 4185
Chart items len: 20775

Parsing sen 4198
Parse did not finish:
- steps: 67716
- queue len: 115412
- attempted len: 20000129

Parsing sen 4204
Parsing steps: 73197 steps
Cky conversion steps: 57709 steps
Chart START items len: 4375
Chart keys len: 5140
Chart items len: 19422

Parsing sen 4205
Parse did not finish:
- steps: 70461
- queue len: 38600
- attempted len: 20001170

Parsing sen 4207
Parse did not finish:
- steps: 249985
- queue len: 220039
- attempted len: 20000169

Parsing sen 4213
Parse did not finish:
- steps: 148332
- queue len: 191556
- attempted len: 20000103

Parsing sen 4218
Parse did not finish:
- steps: 92130
- queue len: 43239
- attempted len: 20000169

Parsing sen 4219
Parse did not finish:
- steps: 76413
- queue len: 221160
- attempted len: 20001248

Parsing sen 4221
Parse did not finish:
- steps: 76292
- queue len: 271367
- attempted len: 20000704

Parsing sen 4224
Parsing steps: 240974 steps
Cky conversion steps: 3593575 steps
Chart START items len: 63505
Chart keys len: 63678
Chart items len: 455541

Parsing sen 4226
Parsing steps: 64966 steps
Cky conversion steps: 581781 steps
Chart START items len: 10096
Chart keys len: 10302
Chart items len: 68104

Parsing sen 4227
Parsing steps: 14689 steps
Cky conversion steps: 8709 steps
Chart START items len: 655
Chart keys len: 685
Chart items len: 2750

Parsing sen 4229
Parsing steps: 36565 steps
Cky conversion steps: 32948 steps
Chart START items len: 3308
Chart keys len: 3456
Chart items len: 14639

Parsing sen 4233
Parsing steps: 10739 steps
Cky conversion steps: 1574 steps
Chart START items len: 218
Chart keys len: 270
Chart items len: 760

Parsing sen 4234
Parse did not finish:
- steps: 103552
- queue len: 66216
- attempted len: 20000244

Parsing sen 4237
Parse did not finish:
- steps: 122123
- queue len: 329402
- attempted len: 20000569

Parsing sen 4240
Parsing steps: 2049 steps
Cky conversion steps: 300 steps
Chart START items len: 39
Chart keys len: 47
Chart items len: 127

Parsing sen 4241
Parse did not finish:
- steps: 100113
- queue len: 77280
- attempted len: 20000890

Parsing sen 4244
Parsing steps: 226208 steps
Cky conversion steps: 4646506 steps
Chart START items len: 54879
Chart keys len: 55509
Chart items len: 305068

Parsing sen 4249
Parse did not finish:
- steps: 577814
- queue len: 303572
- attempted len: 20000096

Parsing sen 4250
Parse did not finish:
- steps: 73851
- queue len: 86874
- attempted len: 20000353

Parsing sen 4253
Parsing steps: 27155 steps
Cky conversion steps: 74107 steps
Chart START items len: 3450
Chart keys len: 3613
Chart items len: 24119

Parsing sen 4256
Parsing steps: 23999 steps
Cky conversion steps: 66493 steps
Chart START items len: 3503
Chart keys len: 3656
Chart items len: 20106

Parsing sen 4259
Parsing steps: 61034 steps
Cky conversion steps: 66694 steps
Chart START items len: 8739
Chart keys len: 8999
Chart items len: 33180

Parsing sen 4261
Parse did not finish:
- steps: 68654
- queue len: 48509
- attempted len: 20000638

Parsing sen 4264
Parse did not finish:
- steps: 98416
- queue len: 154473
- attempted len: 20000016

Parsing sen 4266
Parse did not finish:
- steps: 62483
- queue len: 87717
- attempted len: 20002075

Parsing sen 4267
Parse did not finish:
- steps: 359749
- queue len: 54662
- attempted len: 20000184

Parsing sen 4270
Parsing steps: 42352 steps
Cky conversion steps: 71997 steps
Chart START items len: 3991
Chart keys len: 4337
Chart items len: 21271

Parsing sen 4273
Parsing steps: 128112 steps
Cky conversion steps: 192819 steps
Chart START items len: 19542
Chart keys len: 20031
Chart items len: 80559

Parsing sen 4274
Parse did not finish:
- steps: 56368
- queue len: 42781
- attempted len: 20000241

Parsing sen 4276
Parsing steps: 11423 steps
Cky conversion steps: 10592 steps
Chart START items len: 663
Chart keys len: 792
Chart items len: 3241

Parsing sen 4279
Parsing steps: 6073 steps
Cky conversion steps: 67786 steps
Chart START items len: 1034
Chart keys len: 1053
Chart items len: 5184

Parsing sen 4280
Parsing steps: 5787 steps
Cky conversion steps: 23893 steps
Chart START items len: 801
Chart keys len: 833
Chart items len: 3783

Parsing sen 4282
Parse did not finish:
- steps: 408595
- queue len: 283394
- attempted len: 20000011

Parsing sen 4283
Parsing steps: 23392 steps
Cky conversion steps: 21388 steps
Chart START items len: 1346
Chart keys len: 1492
Chart items len: 7241

Parsing sen 4284
Parse did not finish:
- steps: 82491
- queue len: 34659
- attempted len: 20000124

Parsing sen 4285
Parsing steps: 1443 steps
Cky conversion steps: 881 steps
Chart START items len: 68
Chart keys len: 76
Chart items len: 256

Parsing sen 4286
Parsing steps: 350112 steps
Cky conversion steps: 5786909 steps
Chart START items len: 80325
Chart keys len: 80521
Chart items len: 530163

Parsing sen 4287
Parse did not finish:
- steps: 63041
- queue len: 55091
- attempted len: 20001253

Parsing sen 4291
Parse did not finish:
- steps: 99542
- queue len: 153665
- attempted len: 20000746

Parsing sen 4294
Parse did not finish:
- steps: 273480
- queue len: 198532
- attempted len: 20000266

Parsing sen 4296
Parse did not finish:
- steps: 140074
- queue len: 137834
- attempted len: 20000127

Parsing sen 4302
Parse did not finish:
- steps: 90857
- queue len: 213908
- attempted len: 20000270

Parsing sen 4303
Parsing steps: 58743 steps
Cky conversion steps: 94337 steps
Chart START items len: 6154
Chart keys len: 6466
Chart items len: 30165

Parsing sen 4304
Parse did not finish:
- steps: 72759
- queue len: 33648
- attempted len: 20000921

Parsing sen 4309
Parse did not finish:
- steps: 75782
- queue len: 56893
- attempted len: 20000298

Parsing sen 4313
Parsing steps: 10147 steps
Cky conversion steps: 921 steps
Chart START items len: 115
Chart keys len: 147
Chart items len: 396

Parsing sen 4314
Parsing steps: 51505 steps
Cky conversion steps: 43488 steps
Chart START items len: 2800
Chart keys len: 3045
Chart items len: 12235

Parsing sen 4316
Parse did not finish:
- steps: 206058
- queue len: 458212
- attempted len: 20000722

Parsing sen 4319
Parsing steps: 37631 steps
Cky conversion steps: 165506 steps
Chart START items len: 8068
Chart keys len: 8178
Chart items len: 45533

Parsing sen 4322
Parse did not finish:
- steps: 160960
- queue len: 164779
- attempted len: 20000362

Parsing sen 4324
Parse did not finish:
- steps: 117990
- queue len: 54148
- attempted len: 20000273

Parsing sen 4327
Parse did not finish:
- steps: 179793
- queue len: 269741
- attempted len: 20000083

Parsing sen 4331
Parsing steps: 8016 steps
Cky conversion steps: 42240 steps
Chart START items len: 1086
Chart keys len: 1117
Chart items len: 5826

Parsing sen 4332
Parsing steps: 129763 steps
Cky conversion steps: 186047 steps
Chart START items len: 9686
Chart keys len: 10858
Chart items len: 43771

Parsing sen 4334
Parsing steps: 31520 steps
Cky conversion steps: 40843 steps
Chart START items len: 3071
Chart keys len: 3487
Chart items len: 13596

Parsing sen 4335
Parsing steps: 113367 steps
Cky conversion steps: 6126 steps
Chart START items len: 1150
Chart keys len: 1321
Chart items len: 3726

Parsing sen 4337
Parsing steps: 4542 steps
Cky conversion steps: 6237 steps
Chart START items len: 311
Chart keys len: 327
Chart items len: 1221

Parsing sen 4338
Parse did not finish:
- steps: 210909
- queue len: 326723
- attempted len: 20000128

Parsing sen 4339
Parse did not finish:
- steps: 63043
- queue len: 59676
- attempted len: 20000336

Parsing sen 4340
Parsing steps: 28963 steps
Cky conversion steps: 360538 steps
Chart START items len: 5908
Chart keys len: 5962
Chart items len: 32076

Parsing sen 4341
Parse did not finish:
- steps: 123794
- queue len: 1010210
- attempted len: 20000004

Parsing sen 4345
Parse did not finish:
- steps: 95146
- queue len: 171433
- attempted len: 20000568

Parsing sen 4349
Parse did not finish:
- steps: 174102
- queue len: 186673
- attempted len: 20000013

Parsing sen 4351
Parse did not finish:
- steps: 214943
- queue len: 588237
- attempted len: 20000126

Parsing sen 4355
Parsing steps: 99463 steps
Cky conversion steps: 2369411 steps
Chart START items len: 31704
Chart keys len: 31821
Chart items len: 198416

Parsing sen 4356
Parsing steps: 6974 steps
Cky conversion steps: 76669 steps
Chart START items len: 1275
Chart keys len: 1293
Chart items len: 6841

Parsing sen 4357
Parse did not finish:
- steps: 324264
- queue len: 265678
- attempted len: 20000112

Parsing sen 4359
Parsing steps: 341370 steps
Cky conversion steps: 12977102 steps
Chart START items len: 114956
Chart keys len: 115089
Chart items len: 654763

Parsing sen 4360
Parse did not finish:
- steps: 125026
- queue len: 255401
- attempted len: 20000477

Parsing sen 4362
Parsing steps: 27630 steps
Cky conversion steps: 162588 steps
Chart START items len: 5283
Chart keys len: 5372
Chart items len: 26916

Parsing sen 4364
Parsing steps: 5565 steps
Cky conversion steps: 32833 steps
Chart START items len: 655
Chart keys len: 676
Chart items len: 3726

Parsing sen 4365
Parsing steps: 2277 steps
Cky conversion steps: 475 steps
Chart START items len: 51
Chart keys len: 70
Chart items len: 189

Parsing sen 4366
Parsing steps: 314370 steps
Cky conversion steps: 13325568 steps
Chart START items len: 123754
Chart keys len: 123884
Chart items len: 853114

Parsing sen 4370
Parse did not finish:
- steps: 111135
- queue len: 140614
- attempted len: 20000184

Parsing sen 4372
Parsing steps: 39116 steps
Cky conversion steps: 28454 steps
Chart START items len: 3104
Chart keys len: 3851
Chart items len: 11867

Parsing sen 4374
Parsing steps: 43377 steps
Cky conversion steps: 221520 steps
Chart START items len: 16935
Chart keys len: 17090
Chart items len: 78541

Parsing sen 4376
Parse did not finish:
- steps: 113518
- queue len: 335321
- attempted len: 20000013

Parsing sen 4379
Parsing steps: 45703 steps
Cky conversion steps: 1051610 steps
Chart START items len: 12627
Chart keys len: 12688
Chart items len: 72766

Parsing sen 4380
Parse did not finish:
- steps: 132079
- queue len: 101858
- attempted len: 20000495

Parsing sen 4382
Parse did not finish:
- steps: 151849
- queue len: 152359
- attempted len: 20000111

Parsing sen 4385
Parse did not finish:
- steps: 142765
- queue len: 716066
- attempted len: 20000410

Parsing sen 4391
Parse did not finish:
- steps: 258891
- queue len: 431400
- attempted len: 20000072

Parsing sen 4392
Parse did not finish:
- steps: 77416
- queue len: 78173
- attempted len: 20000727

Parsing sen 4395
Parse did not finish:
- steps: 109209
- queue len: 537756
- attempted len: 20000049

Parsing sen 4397
Parsing steps: 36394 steps
Cky conversion steps: 66718 steps
Chart START items len: 3917
Chart keys len: 3970
Chart items len: 16987

Parsing sen 4398
Parse did not finish:
- steps: 400456
- queue len: 371245
- attempted len: 20000195

Parsing sen 4400
Parsing steps: 97892 steps
Cky conversion steps: 242730 steps
Chart START items len: 14747
Chart keys len: 14859
Chart items len: 74240

Parsing sen 4402
Parse did not finish:
- steps: 89937
- queue len: 175038
- attempted len: 20000831

Parsing sen 4405
Parse did not finish:
- steps: 173166
- queue len: 657561
- attempted len: 20000112

Parsing sen 4406
Parsing steps: 2337863 steps
Cky conversion did not finish:
- steps: 9453679

Parsing sen 4407
Parse did not finish:
- steps: 377987
- queue len: 1733070
- attempted len: 20000045

Parsing sen 4408
Parse did not finish:
- steps: 97701
- queue len: 75596
- attempted len: 20000139

Parsing sen 4413
Parse did not finish:
- steps: 62192
- queue len: 28292
- attempted len: 20001092

Parsing sen 4416
Parse did not finish:
- steps: 103767
- queue len: 105989
- attempted len: 20000283

Parsing sen 4418
Parse did not finish:
- steps: 99184
- queue len: 207631
- attempted len: 20000088

Parsing sen 4422
Parse did not finish:
- steps: 77551
- queue len: 123903
- attempted len: 20000454

Parsing sen 4423
Parsing steps: 2674752 steps
Cky conversion did not finish:
- steps: 8736139

Parsing sen 4425
Parse did not finish:
- steps: 116053
- queue len: 74019
- attempted len: 20000310

Parsing sen 4427
Parsing steps: 24052 steps
Cky conversion steps: 23317 steps
Chart START items len: 1548
Chart keys len: 1672
Chart items len: 6294

Parsing sen 4429
Parse did not finish:
- steps: 384877
- queue len: 1165228
- attempted len: 20000226

Parsing sen 4433
Parse did not finish:
- steps: 409818
- queue len: 91046
- attempted len: 20000186

Parsing sen 4434
Parsing steps: 32348 steps
Cky conversion steps: 157146 steps
Chart START items len: 8864
Chart keys len: 9286
Chart items len: 38057

Parsing sen 4438
Parse did not finish:
- steps: 143468
- queue len: 1344527
- attempted len: 20000483

Parsing sen 4440
Parsing steps: 123432 steps
Cky conversion steps: 76233 steps
Chart START items len: 6886
Chart keys len: 7636
Chart items len: 27434

Parsing sen 4443
Parsing steps: 8995 steps
Cky conversion steps: 50682 steps
Chart START items len: 1404
Chart keys len: 1437
Chart items len: 8507

Parsing sen 4445
Parsing steps: 171576 steps
Cky conversion steps: 7480720 steps
Chart START items len: 59438
Chart keys len: 59525
Chart items len: 376811

Parsing sen 4446
Parse did not finish:
- steps: 83350
- queue len: 206879
- attempted len: 20000785

Parsing sen 4452
Parse did not finish:
- steps: 120119
- queue len: 286700
- attempted len: 20000979

Parsing sen 4454
Parse did not finish:
- steps: 327679
- queue len: 418960
- attempted len: 20000221

Parsing sen 4456
Parsing steps: 125635 steps
Cky conversion steps: 592770 steps
Chart START items len: 26822
Chart keys len: 27351
Chart items len: 159653

Parsing sen 4459
Parse did not finish:
- steps: 88886
- queue len: 78081
- attempted len: 20000747

Parsing sen 4464
Parse did not finish:
- steps: 116453
- queue len: 578665
- attempted len: 20000147

Parsing sen 4467
Parse did not finish:
- steps: 82565
- queue len: 82528
- attempted len: 20000327

Parsing sen 4469
Parse did not finish:
- steps: 83168
- queue len: 371686
- attempted len: 20000627

Parsing sen 4476
Parsing steps: 494842 steps
Cky conversion did not finish:
- steps: 14361768

Parsing sen 4478
Parsing steps: 40370 steps
Cky conversion steps: 363271 steps
Chart START items len: 5143
Chart keys len: 5239
Chart items len: 23432

Parsing sen 4479
Parse did not finish:
- steps: 69855
- queue len: 90127
- attempted len: 20000240

Parsing sen 4481
Parsing steps: 295316 steps
Cky conversion steps: 2035339 steps
Chart START items len: 63635
Chart keys len: 63789
Chart items len: 423842

Parsing sen 4482
Parse did not finish:
- steps: 84807
- queue len: 60372
- attempted len: 20000059

Parsing sen 4484
Parse did not finish:
- steps: 83988
- queue len: 22719
- attempted len: 20000073

Parsing sen 4486
Parsing steps: 126217 steps
Cky conversion steps: 188201 steps
Chart START items len: 10807
Chart keys len: 11903
Chart items len: 54187

Parsing sen 4487
Parsing steps: 135928 steps
Cky conversion steps: 1202651 steps
Chart START items len: 81202
Chart keys len: 81557
Chart items len: 391133

Parsing sen 4489
Parsing steps: 58085 steps
Cky conversion steps: 1108582 steps
Chart START items len: 14022
Chart keys len: 14169
Chart items len: 90513

Parsing sen 4491
Parse did not finish:
- steps: 62935
- queue len: 78643
- attempted len: 20000257

Parsing sen 4495
Parsing steps: 7082 steps
Cky conversion steps: 5352 steps
Chart START items len: 352
Chart keys len: 392
Chart items len: 1693

Parsing sen 4497
Parse did not finish:
- steps: 83875
- queue len: 46862
- attempted len: 20000856

Parsing sen 4498
Parsing steps: 180541 steps
Cky conversion steps: 846204 steps
Chart START items len: 23071
Chart keys len: 23936
Chart items len: 136568

Parsing sen 4499
Parsing steps: 193002 steps
Cky conversion steps: 289251 steps
Chart START items len: 19287
Chart keys len: 20289
Chart items len: 96187

Parsing sen 4501
Parse did not finish:
- steps: 58746
- queue len: 31986
- attempted len: 20000195

Parsing sen 4502
Parse did not finish:
- steps: 86720
- queue len: 225879
- attempted len: 20000014

Parsing sen 4505
Parse did not finish:
- steps: 138636
- queue len: 69586
- attempted len: 20000616

Parsing sen 4507
Parsing steps: 52963 steps
Cky conversion steps: 196439 steps
Chart START items len: 7120
Chart keys len: 7283
Chart items len: 50122

Parsing sen 4509
Parsing steps: 68313 steps
Cky conversion steps: 2055434 steps
Chart START items len: 21364
Chart keys len: 21435
Chart items len: 120183

Parsing sen 4511
Parsing steps: 243772 steps
Cky conversion steps: 380532 steps
Chart START items len: 20174
Chart keys len: 20356
Chart items len: 120613

Parsing sen 4512
Parse did not finish:
- steps: 139186
- queue len: 904982
- attempted len: 20000403

Parsing sen 4514
Parse did not finish:
- steps: 107331
- queue len: 55541
- attempted len: 20000403

Parsing sen 4519
Parse did not finish:
- steps: 63615
- queue len: 90448
- attempted len: 20000723

Parsing sen 4520
Parse did not finish:
- steps: 160759
- queue len: 286676
- attempted len: 20000350

Parsing sen 4522
Parse did not finish:
- steps: 167585
- queue len: 575783
- attempted len: 20000310

Parsing sen 4526
Parsing steps: 15931 steps
Cky conversion steps: 240794 steps
Chart START items len: 2718
Chart keys len: 2742
Chart items len: 13568

Parsing sen 4527
Parse did not finish:
- steps: 171825
- queue len: 192676
- attempted len: 20000044

Parsing sen 4530
Parse did not finish:
- steps: 83424
- queue len: 54147
- attempted len: 20000052

Parsing sen 4535
Parse did not finish:
- steps: 250023
- queue len: 355263
- attempted len: 20000320

Parsing sen 4536
Parsing steps: 105672 steps
Cky conversion steps: 100112 steps
Chart START items len: 9974
Chart keys len: 10204
Chart items len: 42809

Parsing sen 4537
Parse did not finish:
- steps: 174391
- queue len: 265994
- attempted len: 20000003

Parsing sen 4538
Parse did not finish:
- steps: 500288
- queue len: 576857
- attempted len: 20000138

Parsing sen 4543
Parse did not finish:
- steps: 119634
- queue len: 31148
- attempted len: 20000046

Parsing sen 4547
Parse did not finish:
- steps: 337923
- queue len: 375647
- attempted len: 20000110

Parsing sen 4548
Parse did not finish:
- steps: 73838
- queue len: 521338
- attempted len: 20000340

Parsing sen 4553
Parse did not finish:
- steps: 73189
- queue len: 39317
- attempted len: 20000143

Parsing sen 4554
Parse did not finish:
- steps: 85249
- queue len: 81811
- attempted len: 20000540

Parsing sen 4557
Parse did not finish:
- steps: 97647
- queue len: 405352
- attempted len: 20000033

Parsing sen 4561
Parse did not finish:
- steps: 224681
- queue len: 524082
- attempted len: 20000283

Parsing sen 4563
Parse did not finish:
- steps: 327496
- queue len: 293947
- attempted len: 20000038

Parsing sen 4564
Parse did not finish:
- steps: 61145
- queue len: 35845
- attempted len: 20000088

Parsing sen 4566
Parse did not finish:
- steps: 118456
- queue len: 232041
- attempted len: 20000066

Parsing sen 4568
Parse did not finish:
- steps: 130612
- queue len: 66954
- attempted len: 20001278

Parsing sen 4569
Parsing steps: 18677 steps
Cky conversion steps: 6823 steps
Chart START items len: 209
Chart keys len: 219
Chart items len: 922

Parsing sen 4570
Parsing steps: 13430 steps
Cky conversion steps: 278911 steps
Chart START items len: 2919
Chart keys len: 2942
Chart items len: 15798

Parsing sen 4571
Parse did not finish:
- steps: 61961
- queue len: 156742
- attempted len: 20001039

Parsing sen 4572
Parse did not finish:
- steps: 136941
- queue len: 524057
- attempted len: 20000186

Parsing sen 4580
Parse did not finish:
- steps: 197197
- queue len: 188135
- attempted len: 20000168

Parsing sen 4582
Parsing steps: 5318 steps
Cky conversion steps: 6627 steps
Chart START items len: 507
Chart keys len: 544
Chart items len: 2322

Parsing sen 4583
Parse did not finish:
- steps: 115171
- queue len: 427590
- attempted len: 20000234

Parsing sen 4589
Parse did not finish:
- steps: 65560
- queue len: 23061
- attempted len: 20000344

Parsing sen 4594
Parse did not finish:
- steps: 108232
- queue len: 399173
- attempted len: 20002179

Parsing sen 4600
Parse did not finish:
- steps: 152510
- queue len: 42699
- attempted len: 20000780

Parsing sen 4604
Parsing steps: 2904 steps
Cky conversion steps: 6031 steps
Chart START items len: 307
Chart keys len: 323
Chart items len: 1569

Parsing sen 4605
Parse did not finish:
- steps: 169709
- queue len: 919638
- attempted len: 20000496

Parsing sen 4608
Parse did not finish:
- steps: 76916
- queue len: 113526
- attempted len: 20000261

Parsing sen 4611
Parsing steps: 98861 steps
Cky conversion steps: 4136784 steps
Chart START items len: 27377
Chart keys len: 27421
Chart items len: 142023

Parsing sen 4612
Parsing steps: 125482 steps
Cky conversion steps: 1487621 steps
Chart START items len: 27056
Chart keys len: 27198
Chart items len: 151939

Parsing sen 4613
Parse did not finish:
- steps: 455503
- queue len: 1501048
- attempted len: 20000048

Parsing sen 4617
Parsing steps: 185098 steps
Cky conversion steps: 1424732 steps
Chart START items len: 38977
Chart keys len: 39872
Chart items len: 206477

Parsing sen 4618
Parsing steps: 160920 steps
Cky conversion steps: 2241638 steps
Chart START items len: 36168
Chart keys len: 36317
Chart items len: 240108

Parsing sen 4619
Parse did not finish:
- steps: 148815
- queue len: 1659349
- attempted len: 20000233

Parsing sen 4623
Parse did not finish:
- steps: 64465
- queue len: 66933
- attempted len: 20001247

Parsing sen 4626
Parse did not finish:
- steps: 692408
- queue len: 1014686
- attempted len: 20000068

Parsing sen 4627
Parse did not finish:
- steps: 111004
- queue len: 46184
- attempted len: 20000645

Parsing sen 4629
Parse did not finish:
- steps: 269842
- queue len: 142075
- attempted len: 20000388

Parsing sen 4630
Parsing steps: 4543 steps
Cky conversion steps: 6981 steps
Chart START items len: 473
Chart keys len: 507
Chart items len: 2285

Parsing sen 4632
Parse did not finish:
- steps: 248250
- queue len: 381160
- attempted len: 20000024

Parsing sen 4636
Parse did not finish:
- steps: 77936
- queue len: 73291
- attempted len: 20000634

Parsing sen 4638
Parse did not finish:
- steps: 266217
- queue len: 748715
- attempted len: 20000001

Parsing sen 4641
Parse did not finish:
- steps: 111943
- queue len: 184659
- attempted len: 20000405

Parsing sen 4645
Parsing steps: 4746 steps
Cky conversion steps: 44104 steps
Chart START items len: 835
Chart keys len: 853
Chart items len: 4666

Parsing sen 4646
Parse did not finish:
- steps: 276512
- queue len: 120150
- attempted len: 20000248

Parsing sen 4648
Parsing steps: 244064 steps
Cky conversion steps: 3775343 steps
Chart START items len: 73520
Chart keys len: 73636
Chart items len: 414994

Parsing sen 4651
Parse did not finish:
- steps: 67523
- queue len: 35117
- attempted len: 20000971

Parsing sen 4653
Parsing steps: 197398 steps
Cky conversion steps: 4057622 steps
Chart START items len: 59809
Chart keys len: 59947
Chart items len: 430104

Parsing sen 4655
Parse did not finish:
- steps: 89755
- queue len: 250998
- attempted len: 20000034

Parsing sen 4658
Parsing steps: 16852 steps
Cky conversion steps: 231697 steps
Chart START items len: 3446
Chart keys len: 3483
Chart items len: 18479

Parsing sen 4659
Parsing steps: 297822 steps
Cky conversion steps: 343013 steps
Chart START items len: 40541
Chart keys len: 40939
Chart items len: 163946

Parsing sen 4661
Parse did not finish:
- steps: 114228
- queue len: 620171
- attempted len: 20000843

Parsing sen 4662
Parse did not finish:
- steps: 100799
- queue len: 1129811
- attempted len: 20000684

Parsing sen 4666
Parse did not finish:
- steps: 297606
- queue len: 405064
- attempted len: 20000329

Parsing sen 4668
Parsing steps: 128425 steps
Cky conversion steps: 1789348 steps
Chart START items len: 30694
Chart keys len: 30828
Chart items len: 198862

Parsing sen 4669
Parsing steps: 140119 steps
Cky conversion steps: 164529 steps
Chart START items len: 9410
Chart keys len: 10184
Chart items len: 39150

Parsing sen 4671
Parse did not finish:
- steps: 76925
- queue len: 40286
- attempted len: 20000637

Parsing sen 4675
Parse did not finish:
- steps: 70405
- queue len: 39423
- attempted len: 20000152

Parsing sen 4680
Parse did not finish:
- steps: 383687
- queue len: 1490841
- attempted len: 20000138

Parsing sen 4682
Parsing steps: 15612 steps
Cky conversion steps: 61605 steps
Chart START items len: 2108
Chart keys len: 2161
Chart items len: 15243

Parsing sen 4683
Parse did not finish:
- steps: 275232
- queue len: 139109
- attempted len: 20000158

Parsing sen 4684
Parse did not finish:
- steps: 79129
- queue len: 25109
- attempted len: 20000026

Parsing sen 4686
Parse did not finish:
- steps: 215877
- queue len: 94143
- attempted len: 20000235

Parsing sen 4690
Parsing steps: 268187 steps
Cky conversion steps: 8206856 steps
Chart START items len: 67638
Chart keys len: 67805
Chart items len: 558412

Parsing sen 4692
Parsing steps: 80578 steps
Cky conversion steps: 4500 steps
Chart START items len: 414
Chart keys len: 485
Chart items len: 1606

Parsing sen 4694
Parsing steps: 25177 steps
Cky conversion steps: 47233 steps
Chart START items len: 3427
Chart keys len: 3553
Chart items len: 15839

Parsing sen 4695
Parsing steps: 43765 steps
Cky conversion steps: 40237 steps
Chart START items len: 3204
Chart keys len: 3299
Chart items len: 11993

Parsing sen 4697
Parse did not finish:
- steps: 77260
- queue len: 270303
- attempted len: 20001025

Parsing sen 4701
Parse did not finish:
- steps: 231477
- queue len: 229445
- attempted len: 20000132

Parsing sen 4703
Parsing steps: 3956 steps
Cky conversion steps: 2124 steps
Chart START items len: 231
Chart keys len: 261
Chart items len: 907

Parsing sen 4705
Parse did not finish:
- steps: 87257
- queue len: 63493
- attempted len: 20000496

Parsing sen 4708
Parsing steps: 33309 steps
Cky conversion steps: 12995 steps
Chart START items len: 1382
Chart keys len: 1546
Chart items len: 6346

Parsing sen 4710
Parsing steps: 16414 steps
Cky conversion steps: 15657 steps
Chart START items len: 1277
Chart keys len: 1398
Chart items len: 4939

Parsing sen 4712
Parse did not finish:
- steps: 64251
- queue len: 46578
- attempted len: 20000002

Parsing sen 4714
Parsing steps: 32035 steps
Cky conversion steps: 18333 steps
Chart START items len: 815
Chart keys len: 1011
Chart items len: 3720

Parsing sen 4718
Parse did not finish:
- steps: 517054
- queue len: 205092
- attempted len: 20000065

Parsing sen 4720
Parse did not finish:
- steps: 216366
- queue len: 284159
- attempted len: 20000071

Parsing sen 4724
Parse did not finish:
- steps: 106423
- queue len: 479951
- attempted len: 20000103

Parsing sen 4726
Parse did not finish:
- steps: 76494
- queue len: 74206
- attempted len: 20000670

Parsing sen 4732
Parse did not finish:
- steps: 80752
- queue len: 150728
- attempted len: 20000591

Parsing sen 4735
Parse did not finish:
- steps: 88994
- queue len: 55873
- attempted len: 20000307

Parsing sen 4740
Parse did not finish:
- steps: 138862
- queue len: 537261
- attempted len: 20000034

Parsing sen 4741
Parsing steps: 227115 steps
Cky conversion steps: 34081 steps
Chart START items len: 1495
Chart keys len: 1768
Chart items len: 5775

Parsing sen 4742
Parse did not finish:
- steps: 214084
- queue len: 288521
- attempted len: 20000093

Parsing sen 4746
Parsing steps: 76065 steps
Cky conversion steps: 39748 steps
Chart START items len: 3792
Chart keys len: 4907
Chart items len: 15268

Parsing sen 4747
Parsing steps: 15297 steps
Cky conversion steps: 39118 steps
Chart START items len: 1616
Chart keys len: 1655
Chart items len: 9043

Parsing sen 4750
Parsing steps: 12283 steps
Cky conversion steps: 2338 steps
Chart START items len: 243
Chart keys len: 314
Chart items len: 988

Parsing sen 4751
Parsing steps: 26995 steps
Cky conversion steps: 36338 steps
Chart START items len: 2147
Chart keys len: 2379
Chart items len: 10480

Parsing sen 4752
Parse did not finish:
- steps: 140125
- queue len: 627814
- attempted len: 20000162

Parsing sen 4759
Parse did not finish:
- steps: 82434
- queue len: 217226
- attempted len: 20000892

Parsing sen 4764
Parse did not finish:
- steps: 409327
- queue len: 552501
- attempted len: 20000091

Parsing sen 4765
Parse did not finish:
- steps: 63090
- queue len: 45452
- attempted len: 20000763

Parsing sen 4768
Parse did not finish:
- steps: 69626
- queue len: 29049
- attempted len: 20000192

Parsing sen 4771
Parse did not finish:
- steps: 73732
- queue len: 61569
- attempted len: 20000523

Parsing sen 4774
Parse did not finish:
- steps: 184156
- queue len: 944408
- attempted len: 20000212

Parsing sen 4780
Parse did not finish:
- steps: 107542
- queue len: 1251655
- attempted len: 20000286

Parsing sen 4787
Parse did not finish:
- steps: 82087
- queue len: 145369
- attempted len: 20000234

Parsing sen 4794
Parsing steps: 9636 steps
Cky conversion steps: 6091 steps
Chart START items len: 616
Chart keys len: 748
Chart items len: 2487

Parsing sen 4796
Parse did not finish:
- steps: 77594
- queue len: 105764
- attempted len: 20000794

Parsing sen 4798
Parse did not finish:
- steps: 136746
- queue len: 85482
- attempted len: 20000571

Parsing sen 4800
Parse did not finish:
- steps: 124551
- queue len: 54604
- attempted len: 20000716

Parsing sen 4802
Parse did not finish:
- steps: 65811
- queue len: 125668
- attempted len: 20000357

Parsing sen 4803
Parsing steps: 19471 steps
Cky conversion steps: 73176 steps
Chart START items len: 3148
Chart keys len: 3190
Chart items len: 15288

Parsing sen 4804
Parse did not finish:
- steps: 139975
- queue len: 98199
- attempted len: 20000386

Parsing sen 4806
Parse did not finish:
- steps: 106593
- queue len: 372509
- attempted len: 20000619

Parsing sen 4808
Parse did not finish:
- steps: 88021
- queue len: 219024
- attempted len: 20001110

Parsing sen 4812
Parse did not finish:
- steps: 77777
- queue len: 57781
- attempted len: 20001183

Parsing sen 4813
Parse did not finish:
- steps: 102799
- queue len: 419185
- attempted len: 20000336

Parsing sen 4818
Parsing steps: 28012 steps
Cky conversion steps: 466763 steps
Chart START items len: 6537
Chart keys len: 6581
Chart items len: 34308

Parsing sen 4819
Parse did not finish:
- steps: 80407
- queue len: 290198
- attempted len: 20000605

Parsing sen 4823
Parse did not finish:
- steps: 73956
- queue len: 273920
- attempted len: 20000200

Parsing sen 4824
Parsing steps: 1429 steps
Cky conversion steps: 6337 steps
Chart START items len: 129
Chart keys len: 131
Chart items len: 540

Parsing sen 4825
Parse did not finish:
- steps: 93866
- queue len: 120479
- attempted len: 20000627

Parsing sen 4827
Parse did not finish:
- steps: 76959
- queue len: 140618
- attempted len: 20000543

Parsing sen 4831
Parse did not finish:
- steps: 60027
- queue len: 82488
- attempted len: 20001217

Parsing sen 4837
Parse did not finish:
- steps: 211810
- queue len: 433671
- attempted len: 20000065

Parsing sen 4839
Parsing steps: 6086 steps
Cky conversion steps: 50595 steps
Chart START items len: 1057
Chart keys len: 1080
Chart items len: 5805

Parsing sen 4841
Parse did not finish:
- steps: 499514
- queue len: 793417
- attempted len: 20000077

Parsing sen 4845
Parsing steps: 83444 steps
Cky conversion steps: 112520 steps
Chart START items len: 10134
Chart keys len: 10529
Chart items len: 45233

Parsing sen 4847
Parse did not finish:
- steps: 83952
- queue len: 172499
- attempted len: 20000405

Parsing sen 4851
Parse did not finish:
- steps: 88310
- queue len: 57716
- attempted len: 20000074

Parsing sen 4854
Parse did not finish:
- steps: 88526
- queue len: 102470
- attempted len: 20000065

Parsing sen 4856
Parsing steps: 10350 steps
Cky conversion steps: 1617 steps
Chart START items len: 189
Chart keys len: 239
Chart items len: 651

Parsing sen 4857
Parse did not finish:
- steps: 78657
- queue len: 65822
- attempted len: 20000301

Parsing sen 4863
Parsing steps: 73404 steps
Cky conversion steps: 634295 steps
Chart START items len: 13992
Chart keys len: 14310
Chart items len: 107948

Parsing sen 4867
Parse did not finish:
- steps: 101536
- queue len: 268655
- attempted len: 20000037

Parsing sen 4869
Parsing steps: 5620 steps
Cky conversion steps: 1906 steps
Chart START items len: 217
Chart keys len: 260
Chart items len: 844

Parsing sen 4870
Parse did not finish:
- steps: 87945
- queue len: 193377
- attempted len: 20001359

Parsing sen 4873
Parsing steps: 38243 steps
Cky conversion steps: 77266 steps
Chart START items len: 4112
Chart keys len: 4249
Chart items len: 19565

Parsing sen 4874
Parse did not finish:
- steps: 92009
- queue len: 79698
- attempted len: 20000180

Parsing sen 4877
Parse did not finish:
- steps: 147838
- queue len: 52014
- attempted len: 20000426

Parsing sen 4879
Parse did not finish:
- steps: 145665
- queue len: 54231
- attempted len: 20000230

Parsing sen 4880
Parsing steps: 28478 steps
Cky conversion steps: 482165 steps
Chart START items len: 7615
Chart keys len: 7672
Chart items len: 48995

Parsing sen 4886
Parsing steps: 8266 steps
Cky conversion steps: 53228 steps
Chart START items len: 1717
Chart keys len: 1754
Chart items len: 8949

Parsing sen 4888
Parsing steps: 9107 steps
Cky conversion steps: 1247 steps
Chart START items len: 178
Chart keys len: 214
Chart items len: 614

Parsing sen 4891
Parse did not finish:
- steps: 138586
- queue len: 12970
- attempted len: 20000374

Parsing sen 4893
Parsing steps: 29879 steps
Cky conversion steps: 420403 steps
Chart START items len: 6372
Chart keys len: 6444
Chart items len: 44504

Parsing sen 4894
Parsing steps: 199568 steps
Cky conversion steps: 6132084 steps
Chart START items len: 66522
Chart keys len: 66672
Chart items len: 419337

Parsing sen 4896
Parsing steps: 9487 steps
Cky conversion steps: 10555 steps
Chart START items len: 760
Chart keys len: 866
Chart items len: 3496

Parsing sen 4898
Parsing steps: 2470 steps
Cky conversion steps: 2462 steps
Chart START items len: 166
Chart keys len: 181
Chart items len: 693

Parsing sen 4899
Parsing steps: 24903 steps
Cky conversion steps: 37577 steps
Chart START items len: 2490
Chart keys len: 2640
Chart items len: 12266

Parsing sen 4901
Parsing steps: 71594 steps
Cky conversion steps: 83368 steps
Chart START items len: 5127
Chart keys len: 5574
Chart items len: 28362

Parsing sen 4902
Parsing steps: 17015 steps
Cky conversion steps: 30223 steps
Chart START items len: 1711
Chart keys len: 1815
Chart items len: 7360

Parsing sen 4904
Parsing steps: 29100 steps
Cky conversion steps: 536884 steps
Chart START items len: 6799
Chart keys len: 6858
Chart items len: 42634

Parsing sen 4905
Parsing steps: 21482 steps
Cky conversion steps: 37795 steps
Chart START items len: 2547
Chart keys len: 2821
Chart items len: 12533

Parsing sen 4908
Parsing steps: 38757 steps
Cky conversion steps: 636620 steps
Chart START items len: 9318
Chart keys len: 9413
Chart items len: 54355

Parsing sen 4909
Parse did not finish:
- steps: 133654
- queue len: 39864
- attempted len: 20000182

Parsing sen 4911
Parse did not finish:
- steps: 404833
- queue len: 1415928
- attempted len: 20000080

Parsing sen 4917
Parse did not finish:
- steps: 76099
- queue len: 37713
- attempted len: 20000502

Parsing sen 4920
Parse did not finish:
- steps: 73514
- queue len: 57756
- attempted len: 20000420

Parsing sen 4927
Parse did not finish:
- steps: 78144
- queue len: 82636
- attempted len: 20000968

Parsing sen 4930
Parse did not finish:
- steps: 209202
- queue len: 223792
- attempted len: 20000109

Parsing sen 4932
Parse did not finish:
- steps: 180361
- queue len: 86205
- attempted len: 20000014

Parsing sen 4934
Parse did not finish:
- steps: 137259
- queue len: 171512
- attempted len: 20000171

Parsing sen 4935
Parsing steps: 94363 steps
Cky conversion steps: 92940 steps
Chart START items len: 7899
Chart keys len: 9294
Chart items len: 42537

Parsing sen 4938
Parse did not finish:
- steps: 115746
- queue len: 117209
- attempted len: 20000739

Parsing sen 4940
Parsing steps: 151730 steps
Cky conversion steps: 366279 steps
Chart START items len: 53909
Chart keys len: 56938
Chart items len: 203374

Parsing sen 4945
Parse did not finish:
- steps: 199294
- queue len: 317377
- attempted len: 20000926

Parsing sen 4947
Parsing steps: 52382 steps
Cky conversion steps: 339352 steps
Chart START items len: 7125
Chart keys len: 7375
Chart items len: 34637

Parsing sen 4948
Parsing steps: 24727 steps
Cky conversion steps: 15559 steps
Chart START items len: 599
Chart keys len: 627
Chart items len: 2652

Parsing sen 4949
Parse did not finish:
- steps: 143202
- queue len: 220013
- attempted len: 20000392

Parsing sen 4952
Parse did not finish:
- steps: 100933
- queue len: 419293
- attempted len: 20001786

Parsing sen 4955
Parse did not finish:
- steps: 80988
- queue len: 73021
- attempted len: 20000201

Parsing sen 4956
Parse did not finish:
- steps: 251576
- queue len: 369589
- attempted len: 20000204

Parsing sen 4957
Parse did not finish:
- steps: 277114
- queue len: 114553
- attempted len: 20000263

Parsing sen 4960
Parsing steps: 75884 steps
Cky conversion steps: 966876 steps
Chart START items len: 15083
Chart keys len: 15167
Chart items len: 95527

Parsing sen 4961
Parse did not finish:
- steps: 196000
- queue len: 72644
- attempted len: 20000092

Parsing sen 4967
Parse did not finish:
- steps: 137744
- queue len: 22641
- attempted len: 20000025

Parsing sen 4974
Parse did not finish:
- steps: 83614
- queue len: 49687
- attempted len: 20001084

Parsing sen 4976
Parse did not finish:
- steps: 195094
- queue len: 639607
- attempted len: 20000363

Parsing sen 4979
Parse did not finish:
- steps: 143466
- queue len: 78101
- attempted len: 20000046

Parsing sen 4983
Parse did not finish:
- steps: 194195
- queue len: 483559
- attempted len: 20000054

Parsing sen 4986
Parsing steps: 2897 steps
Cky conversion steps: 11884 steps
Chart START items len: 303
Chart keys len: 313
Chart items len: 1424

Parsing sen 4987
Parse did not finish:
- steps: 75900
- queue len: 107368
- attempted len: 20001379

Parsing sen 4992
Parse did not finish:
- steps: 63360
- queue len: 53364
- attempted len: 20000376

Parsing sen 4994
Parse did not finish:
- steps: 69874
- queue len: 29082
- attempted len: 20000350

Parsing sen 4997
Parsing steps: 8762 steps
Cky conversion steps: 5822 steps
Chart START items len: 530
Chart keys len: 627
Chart items len: 2433

Parsing sen 4999
Parse did not finish:
- steps: 321398
- queue len: 413164
- attempted len: 20000124

Parsing sen 5006
Parse did not finish:
- steps: 94971
- queue len: 156924
- attempted len: 20000915

Parsing sen 5008
Parse did not finish:
- steps: 94221
- queue len: 35200
- attempted len: 20000202

Parsing sen 5012
Parse did not finish:
- steps: 200825
- queue len: 236319
- attempted len: 20000166

Parsing sen 5016
Parse did not finish:
- steps: 326650
- queue len: 241040
- attempted len: 20000210

Parsing sen 5021
Parse did not finish:
- steps: 99788
- queue len: 52654
- attempted len: 20000180

Parsing sen 5023
Parse did not finish:
- steps: 232160
- queue len: 139760
- attempted len: 20000048

Parsing sen 5026
Parse did not finish:
- steps: 175986
- queue len: 900320
- attempted len: 20000165

Parsing sen 5027
Parse did not finish:
- steps: 203891
- queue len: 174006
- attempted len: 20000318

Parsing sen 5028
Parsing steps: 6692 steps
Cky conversion steps: 1850 steps
Chart START items len: 188
Chart keys len: 219
Chart items len: 781

Parsing sen 5029
Parse did not finish:
- steps: 65453
- queue len: 61733
- attempted len: 20001086

Parsing sen 5030
Parse did not finish:
- steps: 58821
- queue len: 29002
- attempted len: 20001074

Parsing sen 5031
Parse did not finish:
- steps: 228724
- queue len: 628661
- attempted len: 20000116

Parsing sen 5035
Parse did not finish:
- steps: 102672
- queue len: 603579
- attempted len: 20003141

Parsing sen 5039
Parsing steps: 103253 steps
Cky conversion steps: 117593 steps
Chart START items len: 12432
Chart keys len: 12837
Chart items len: 56716

Parsing sen 5040
Parse did not finish:
- steps: 141643
- queue len: 320843
- attempted len: 20000485

Parsing sen 5045
Parsing steps: 55236 steps
Cky conversion steps: 111148 steps
Chart START items len: 6877
Chart keys len: 7304
Chart items len: 35162

Parsing sen 5047
Parsing steps: 14516 steps
Cky conversion steps: 257986 steps
Chart START items len: 3253
Chart keys len: 3283
Chart items len: 17807

Parsing sen 5048
Parse did not finish:
- steps: 317110
- queue len: 245311
- attempted len: 20000179

Parsing sen 5049
Parsing steps: 17470 steps
Cky conversion steps: 11249 steps
Chart START items len: 1193
Chart keys len: 1265
Chart items len: 4626

Parsing sen 5050
Parse did not finish:
- steps: 333261
- queue len: 316451
- attempted len: 20000013

Parsing sen 5052
Parsing steps: 47362 steps
Cky conversion steps: 27224 steps
Chart START items len: 1764
Chart keys len: 1908
Chart items len: 7400

Parsing sen 5053
Parse did not finish:
- steps: 93067
- queue len: 759746
- attempted len: 20000004

Parsing sen 5056
Parse did not finish:
- steps: 78232
- queue len: 59573
- attempted len: 20000466

Parsing sen 5058
Parse did not finish:
- steps: 76487
- queue len: 70124
- attempted len: 20000631

Parsing sen 5059
Parse did not finish:
- steps: 116714
- queue len: 70554
- attempted len: 20000306

Parsing sen 5061
Parsing steps: 18172 steps
Cky conversion steps: 1586 steps
Chart START items len: 202
Chart keys len: 256
Chart items len: 747

Parsing sen 5062
Parse did not finish:
- steps: 90489
- queue len: 89644
- attempted len: 20000637

Parsing sen 5063
Parse did not finish:
- steps: 99524
- queue len: 64951
- attempted len: 20000567

Parsing sen 5065
Parse did not finish:
- steps: 117762
- queue len: 52933
- attempted len: 20000043

Parsing sen 5068
Parsing steps: 4492 steps
Cky conversion steps: 2535 steps
Chart START items len: 257
Chart keys len: 290
Chart items len: 1124

Parsing sen 5069
Parsing steps: 58575 steps
Cky conversion steps: 1793 steps
Chart START items len: 176
Chart keys len: 203
Chart items len: 616

Parsing sen 5071
Parsing steps: 2067 steps
Cky conversion steps: 169 steps
Chart START items len: 25
Chart keys len: 30
Chart items len: 75

Parsing sen 5072
Parse did not finish:
- steps: 500986
- queue len: 140307
- attempted len: 20000092

Parsing sen 5074
Parsing steps: 37000 steps
Cky conversion steps: 893870 steps
Chart START items len: 8787
Chart keys len: 8836
Chart items len: 58704

Parsing sen 5075
Parse did not finish:
- steps: 58372
- queue len: 134993
- attempted len: 20000758

Parsing sen 5076
Parsing steps: 223686 steps
Cky conversion steps: 804724 steps
Chart START items len: 29150
Chart keys len: 29500
Chart items len: 127230

Parsing sen 5077
Parse did not finish:
- steps: 134476
- queue len: 199610
- attempted len: 20000091

Parsing sen 5083
Parse did not finish:
- steps: 115123
- queue len: 292407
- attempted len: 20000479

Parsing sen 5086
Parse did not finish:
- steps: 87557
- queue len: 99842
- attempted len: 20000542

Parsing sen 5088
Parse did not finish:
- steps: 69129
- queue len: 25518
- attempted len: 20000794

Parsing sen 5089
Parsing steps: 26780 steps
Cky conversion steps: 7179 steps
Chart START items len: 722
Chart keys len: 861
Chart items len: 2661

Parsing sen 5091
Parsing steps: 6355 steps
Cky conversion steps: 1395 steps
Chart START items len: 153
Chart keys len: 182
Chart items len: 600

Parsing sen 5093
Parsing steps: 55017 steps
Cky conversion steps: 24173 steps
Chart START items len: 1714
Chart keys len: 2099
Chart items len: 6542

Parsing sen 5095
Parse did not finish:
- steps: 160108
- queue len: 219676
- attempted len: 20000108

Parsing sen 5100
Parsing steps: 69012 steps
Cky conversion steps: 197262 steps
Chart START items len: 11373
Chart keys len: 11537
Chart items len: 60598

Parsing sen 5102
Parsing steps: 2670 steps
Cky conversion steps: 5402 steps
Chart START items len: 370
Chart keys len: 387
Chart items len: 1596

Parsing sen 5104
Parse did not finish:
- steps: 137088
- queue len: 491022
- attempted len: 20000463

Parsing sen 5109
Parsing steps: 21368 steps
Cky conversion steps: 62362 steps
Chart START items len: 2497
Chart keys len: 2580
Chart items len: 14737

Parsing sen 5110
Parse did not finish:
- steps: 218449
- queue len: 873655
- attempted len: 20000004

Parsing sen 5115
Parsing steps: 363145 steps
Cky conversion steps: 1218553 steps
Chart START items len: 51401
Chart keys len: 51821
Chart items len: 279395

Parsing sen 5116
Parsing steps: 2185 steps
Cky conversion steps: 6382 steps
Chart START items len: 188
Chart keys len: 196
Chart items len: 801

Parsing sen 5117
Parse did not finish:
- steps: 95563
- queue len: 105579
- attempted len: 20000341

Parsing sen 5119
Parse did not finish:
- steps: 84293
- queue len: 209454
- attempted len: 20000362

Parsing sen 5120
Parse did not finish:
- steps: 190711
- queue len: 132143
- attempted len: 20000536

Parsing sen 5122
Parse did not finish:
- steps: 287358
- queue len: 784122
- attempted len: 20000138

Parsing sen 5125
Parse did not finish:
- steps: 65760
- queue len: 57781
- attempted len: 20001661

Parsing sen 5128
Parsing steps: 48107 steps
Cky conversion steps: 63484 steps
Chart START items len: 3430
Chart keys len: 3726
Chart items len: 15303

Parsing sen 5129
Parse did not finish:
- steps: 70204
- queue len: 41271
- attempted len: 20001051

Parsing sen 5131
Parsing steps: 48955 steps
Cky conversion steps: 2591 steps
Chart START items len: 219
Chart keys len: 292
Chart items len: 818

Parsing sen 5132
Parsing steps: 5012 steps
Cky conversion steps: 13113 steps
Chart START items len: 572
Chart keys len: 598
Chart items len: 3467

Parsing sen 5133
Parse did not finish:
- steps: 127870
- queue len: 377752
- attempted len: 20000016

Parsing sen 5138
Parsing steps: 3472 steps
Cky conversion steps: 6588 steps
Chart START items len: 268
Chart keys len: 289
Chart items len: 1054

Parsing sen 5139
Parse did not finish:
- steps: 314310
- queue len: 227679
- attempted len: 20000266

Parsing sen 5141
Parse did not finish:
- steps: 65038
- queue len: 48718
- attempted len: 20000507

Parsing sen 5144
Parsing steps: 72541 steps
Cky conversion steps: 112197 steps
Chart START items len: 7512
Chart keys len: 7900
Chart items len: 36654

Parsing sen 5147
Parse did not finish:
- steps: 117651
- queue len: 87989
- attempted len: 20000019

Parsing sen 5149
Parsing steps: 6257 steps
Cky conversion steps: 3780 steps
Chart START items len: 396
Chart keys len: 461
Chart items len: 1542

Parsing sen 5150
Parsing steps: 112294 steps
Cky conversion steps: 305352 steps
Chart START items len: 14134
Chart keys len: 14301
Chart items len: 58267

Parsing sen 5151
Parse did not finish:
- steps: 56600
- queue len: 55917
- attempted len: 20000458

Parsing sen 5152
Parse did not finish:
- steps: 116504
- queue len: 364454
- attempted len: 20000351

Parsing sen 5154
Parsing steps: 8666 steps
Cky conversion steps: 42570 steps
Chart START items len: 1009
Chart keys len: 1058
Chart items len: 6853

Parsing sen 5156
Parsing steps: 31136 steps
Cky conversion steps: 216916 steps
Chart START items len: 11834
Chart keys len: 11910
Chart items len: 57378

Parsing sen 5158
Parsing steps: 2920 steps
Cky conversion steps: 1605 steps
Chart START items len: 213
Chart keys len: 250
Chart items len: 777

Parsing sen 5159
Parse did not finish:
- steps: 81255
- queue len: 87064
- attempted len: 20000297

Parsing sen 5160
Parse did not finish:
- steps: 225192
- queue len: 615356
- attempted len: 20000143

Parsing sen 5162
Parse did not finish:
- steps: 112941
- queue len: 149833
- attempted len: 20000175

Parsing sen 5164
Parsing steps: 24521 steps
Cky conversion steps: 84660 steps
Chart START items len: 3822
Chart keys len: 3878
Chart items len: 18597

Parsing sen 5166
Parse did not finish:
- steps: 72065
- queue len: 70523
- attempted len: 20000528

Parsing sen 5167
Parse did not finish:
- steps: 244692
- queue len: 19172
- attempted len: 20000271

Parsing sen 5169
Parse did not finish:
- steps: 82686
- queue len: 119863
- attempted len: 20000170

Parsing sen 5170
Parsing steps: 154555 steps
Cky conversion steps: 4990293 steps
Chart START items len: 42519
Chart keys len: 42686
Chart items len: 235733

Parsing sen 5171
Parsing steps: 20520 steps
Cky conversion steps: 33581 steps
Chart START items len: 1447
Chart keys len: 1615
Chart items len: 5787

Parsing sen 5172
Parsing steps: 17205 steps
Cky conversion steps: 6024 steps
Chart START items len: 595
Chart keys len: 883
Chart items len: 2526

Parsing sen 5174
Parse did not finish:
- steps: 94773
- queue len: 65811
- attempted len: 20000109

Parsing sen 5176
Parse did not finish:
- steps: 132336
- queue len: 153190
- attempted len: 20000464

Parsing sen 5177
Parsing steps: 10456 steps
Cky conversion steps: 71346 steps
Chart START items len: 1644
Chart keys len: 1692
Chart items len: 7197

Parsing sen 5179
Parsing steps: 58353 steps
Cky conversion steps: 39752 steps
Chart START items len: 4368
Chart keys len: 5372
Chart items len: 16657

Parsing sen 5181
Parsing steps: 10815 steps
Cky conversion steps: 36684 steps
Chart START items len: 1570
Chart keys len: 1604
Chart items len: 7942

Parsing sen 5183
Parse did not finish:
- steps: 407334
- queue len: 1063114
- attempted len: 20000057

Parsing sen 5185
Parse did not finish:
- steps: 467892
- queue len: 203851
- attempted len: 20000207

Parsing sen 5186
Parse did not finish:
- steps: 270988
- queue len: 298705
- attempted len: 20000034

Parsing sen 5187
Parsing steps: 25320 steps
Cky conversion steps: 18168 steps
Chart START items len: 1174
Chart keys len: 1406
Chart items len: 4942

Parsing sen 5188
Parse did not finish:
- steps: 66101
- queue len: 62495
- attempted len: 20000011

Parsing sen 5190
Parse did not finish:
- steps: 98761
- queue len: 20666
- attempted len: 20000043

Parsing sen 5192
Parse did not finish:
- steps: 163084
- queue len: 213378
- attempted len: 20000142

Parsing sen 5193
Parse did not finish:
- steps: 205779
- queue len: 80413
- attempted len: 20000127

Parsing sen 5197
Parsing steps: 24405 steps
Cky conversion steps: 36696 steps
Chart START items len: 1988
Chart keys len: 2089
Chart items len: 9828

Parsing sen 5198
Parsing steps: 18366 steps
Cky conversion steps: 9698 steps
Chart START items len: 1037
Chart keys len: 1207
Chart items len: 3948

Parsing sen 5199
Parsing steps: 90008 steps
Cky conversion steps: 621346 steps
Chart START items len: 18149
Chart keys len: 18275
Chart items len: 141193

Parsing sen 5201
Parsing steps: 414 steps
Cky conversion steps: 19 steps
Chart START items len: 3
Chart keys len: 4
Chart items len: 7

Parsing sen 5202
Parsing steps: 456433 steps
Cky conversion steps: 10398442 steps
Chart START items len: 130756
Chart keys len: 131286
Chart items len: 857089

Parsing sen 5204
Parse did not finish:
- steps: 67811
- queue len: 30714
- attempted len: 20000301

Parsing sen 5207
Parsing steps: 152124 steps
Cky conversion steps: 259287 steps
Chart START items len: 14026
Chart keys len: 14372
Chart items len: 78060

Parsing sen 5209
Parse did not finish:
- steps: 151994
- queue len: 106301
- attempted len: 20000475

Parsing sen 5212
Parsing steps: 70847 steps
Cky conversion steps: 123638 steps
Chart START items len: 8009
Chart keys len: 8216
Chart items len: 40639

Parsing sen 5216
Parse did not finish:
- steps: 128531
- queue len: 141452
- attempted len: 20000173

Parsing sen 5217
Parse did not finish:
- steps: 107907
- queue len: 157948
- attempted len: 20000529

Parsing sen 5218
Parse did not finish:
- steps: 113109
- queue len: 1037814
- attempted len: 20000021

Parsing sen 5219
Parse did not finish:
- steps: 476772
- queue len: 435070
- attempted len: 20000127

Parsing sen 5221
Parsing steps: 11721 steps
Cky conversion steps: 74797 steps
Chart START items len: 1828
Chart keys len: 1870
Chart items len: 9877

Parsing sen 5222
Parse did not finish:
- steps: 78623
- queue len: 96472
- attempted len: 20000548

Parsing sen 5224
Parse did not finish:
- steps: 200238
- queue len: 1228408
- attempted len: 20000223

Parsing sen 5227
Parse did not finish:
- steps: 98205
- queue len: 410000
- attempted len: 20002557

Parsing sen 5229
Parse did not finish:
- steps: 76752
- queue len: 43216
- attempted len: 20000089

Parsing sen 5231
Parse did not finish:
- steps: 112518
- queue len: 147208
- attempted len: 20000103

Parsing sen 5232
Parsing steps: 10959 steps
Cky conversion steps: 23927 steps
Chart START items len: 915
Chart keys len: 1044
Chart items len: 5048

Parsing sen 5234
Parsing steps: 19465 steps
Cky conversion steps: 19378 steps
Chart START items len: 1138
Chart keys len: 1296
Chart items len: 5887

Parsing sen 5236
Parse did not finish:
- steps: 778068
- queue len: 291644
- attempted len: 20000119

Parsing sen 5238
Parse did not finish:
- steps: 191365
- queue len: 1829394
- attempted len: 20000398

Parsing sen 5241
Parsing steps: 89517 steps
Cky conversion steps: 2463269 steps
Chart START items len: 24719
Chart keys len: 24809
Chart items len: 145677

Parsing sen 5242
Parsing steps: 88802 steps
Cky conversion steps: 209605 steps
Chart START items len: 13224
Chart keys len: 13348
Chart items len: 66408

Parsing sen 5243
Parsing steps: 18129 steps
Cky conversion steps: 18940 steps
Chart START items len: 1289
Chart keys len: 1449
Chart items len: 4940

Parsing sen 5244
Parsing steps: 14206 steps
Cky conversion steps: 128279 steps
Chart START items len: 2609
Chart keys len: 2648
Chart items len: 13852

Parsing sen 5245
Parse did not finish:
- steps: 310117
- queue len: 331381
- attempted len: 20000030

Parsing sen 5249
Parsing steps: 3781259 steps
Cky conversion did not finish:
- steps: 2392218

Parsing sen 5253
Parse did not finish:
- steps: 93982
- queue len: 172609
- attempted len: 20000295

Parsing sen 5256
Parsing steps: 28345 steps
Cky conversion steps: 319370 steps
Chart START items len: 6045
Chart keys len: 6125
Chart items len: 35179

Parsing sen 5258
Parsing steps: 873 steps
Cky conversion steps: 457 steps
Chart START items len: 33
Chart keys len: 37
Chart items len: 130

Parsing sen 5259
Parsing steps: 37272 steps
Cky conversion steps: 22033 steps
Chart START items len: 2386
Chart keys len: 2722
Chart items len: 10831

Parsing sen 5262
Parsing steps: 4784 steps
Cky conversion steps: 3059 steps
Chart START items len: 216
Chart keys len: 235
Chart items len: 821

Parsing sen 5263
Parsing steps: 54790 steps
Cky conversion steps: 123309 steps
Chart START items len: 6696
Chart keys len: 6823
Chart items len: 36693

Parsing sen 5264
Parsing steps: 5655 steps
Cky conversion steps: 15904 steps
Chart START items len: 633
Chart keys len: 667
Chart items len: 3902

Parsing sen 5266
Parse did not finish:
- steps: 92334
- queue len: 99990
- attempted len: 20000857

Parsing sen 5267
Parse did not finish:
- steps: 75360
- queue len: 72436
- attempted len: 20001229


Number of parse did not finish: 1182
[0, 4, 6, 8, 20, 24, 33, 37, 46, 48, 51, 53, 55, 64, 67, 69, 72, 77, 81, 84, 86, 90, 91, 94, 107, 123, 127, 128, 131, 151, 159, 163, 167, 170, 177, 183, 186, 199, 205, 209, 210, 214, 220, 227, 233, 238, 240, 242, 249, 250, 261, 269, 275, 285, 289, 293, 297, 299, 308, 315, 319, 321, 323, 328, 329, 333, 336, 340, 348, 350, 357, 361, 368, 371, 373, 376, 380, 386, 390, 396, 399, 402, 412, 416, 419, 425, 429, 436, 442, 448, 452, 453, 457, 463, 472, 476, 479, 485, 487, 488, 490, 495, 502, 508, 511, 512, 516, 520, 524, 535, 538, 549, 551, 553, 558, 561, 566, 569, 578, 592, 607, 615, 617, 621, 630, 649, 653, 657, 661, 663, 664, 677, 706, 711, 714, 717, 722, 725, 745, 748, 750, 752, 759, 767, 780, 782, 786, 797, 800, 801, 805, 814, 822, 824, 831, 845, 851, 854, 862, 871, 876, 882, 896, 901, 912, 924, 937, 940, 947, 951, 958, 963, 964, 966, 968, 975, 980, 985, 997, 1000, 1005, 1006, 1014, 1018, 1022, 1026, 1035, 1037, 1041, 1044, 1051, 1059, 1063, 1076, 1078, 1080, 1085, 1092, 1095, 1100, 1104, 1108, 1113, 1116, 1131, 1135, 1149, 1156, 1157, 1169, 1178, 1187, 1191, 1194, 1196, 1210, 1214, 1218, 1226, 1234, 1237, 1241, 1245, 1250, 1257, 1268, 1272, 1284, 1287, 1289, 1296, 1298, 1300, 1305, 1308, 1315, 1317, 1320, 1322, 1330, 1332, 1337, 1344, 1347, 1353, 1357, 1359, 1365, 1366, 1372, 1375, 1377, 1381, 1384, 1388, 1395, 1402, 1409, 1411, 1415, 1420, 1422, 1424, 1428, 1431, 1432, 1436, 1439, 1447, 1451, 1453, 1457, 1460, 1462, 1467, 1472, 1476, 1480, 1483, 1486, 1489, 1496, 1501, 1508, 1510, 1514, 1522, 1523, 1526, 1527, 1529, 1534, 1539, 1542, 1545, 1550, 1553, 1558, 1568, 1572, 1575, 1578, 1583, 1590, 1594, 1599, 1608, 1610, 1613, 1616, 1620, 1627, 1629, 1638, 1649, 1654, 1658, 1668, 1672, 1676, 1681, 1683, 1685, 1688, 1694, 1698, 1702, 1705, 1708, 1714, 1718, 1724, 1727, 1729, 1730, 1731, 1737, 1740, 1750, 1756, 1764, 1769, 1770, 1771, 1775, 1778, 1780, 1787, 1790, 1796, 1799, 1801, 1806, 1808, 1816, 1820, 1832, 1833, 1839, 1844, 1845, 1850, 1852, 1860, 1863, 1867, 1869, 1871, 1875, 1877, 1880, 1881, 1888, 1893, 1898, 1901, 1904, 1906, 1912, 1923, 1939, 1943, 1945, 1951, 1960, 1963, 1965, 1968, 1971, 1972, 1977, 1979, 1982, 1984, 1987, 1996, 1999, 2004, 2009, 2010, 2016, 2033, 2047, 2049, 2050, 2051, 2053, 2056, 2060, 2062, 2065, 2075, 2081, 2086, 2093, 2095, 2105, 2106, 2112, 2114, 2116, 2124, 2127, 2133, 2139, 2142, 2154, 2160, 2163, 2170, 2177, 2180, 2181, 2184, 2190, 2198, 2200, 2205, 2212, 2217, 2221, 2226, 2240, 2243, 2246, 2248, 2258, 2261, 2269, 2277, 2279, 2282, 2287, 2291, 2295, 2298, 2302, 2310, 2312, 2315, 2318, 2319, 2324, 2325, 2329, 2330, 2333, 2337, 2339, 2340, 2343, 2345, 2347, 2351, 2357, 2360, 2362, 2371, 2374, 2380, 2383, 2387, 2388, 2392, 2394, 2401, 2405, 2406, 2413, 2422, 2425, 2432, 2435, 2439, 2451, 2456, 2466, 2467, 2468, 2469, 2473, 2478, 2483, 2495, 2501, 2507, 2514, 2516, 2518, 2525, 2529, 2531, 2533, 2536, 2545, 2554, 2559, 2565, 2571, 2572, 2575, 2577, 2590, 2597, 2601, 2605, 2610, 2612, 2613, 2614, 2619, 2622, 2626, 2630, 2632, 2638, 2640, 2644, 2645, 2651, 2653, 2660, 2671, 2675, 2677, 2681, 2684, 2685, 2687, 2690, 2693, 2697, 2700, 2703, 2704, 2707, 2711, 2713, 2714, 2715, 2717, 2721, 2722, 2728, 2730, 2734, 2739, 2742, 2743, 2751, 2752, 2758, 2783, 2790, 2792, 2808, 2810, 2814, 2819, 2823, 2829, 2832, 2836, 2844, 2848, 2850, 2856, 2862, 2871, 2875, 2879, 2881, 2885, 2888, 2892, 2895, 2899, 2903, 2905, 2906, 2911, 2913, 2915, 2920, 2922, 2925, 2930, 2932, 2933, 2938, 2944, 2945, 2950, 2952, 2959, 2963, 2968, 2969, 2972, 2977, 2978, 2981, 2988, 2990, 2995, 3011, 3015, 3016, 3021, 3022, 3025, 3028, 3032, 3043, 3046, 3048, 3049, 3051, 3053, 3055, 3058, 3059, 3062, 3064, 3066, 3070, 3072, 3082, 3086, 3087, 3089, 3094, 3101, 3104, 3112, 3117, 3125, 3128, 3132, 3134, 3139, 3140, 3147, 3154, 3158, 3159, 3171, 3175, 3180, 3186, 3189, 3191, 3194, 3200, 3204, 3210, 3214, 3217, 3219, 3220, 3223, 3230, 3235, 3240, 3244, 3252, 3261, 3263, 3264, 3268, 3273, 3276, 3280, 3282, 3288, 3291, 3294, 3296, 3304, 3309, 3314, 3317, 3319, 3326, 3331, 3334, 3342, 3346, 3353, 3357, 3360, 3366, 3374, 3378, 3383, 3388, 3389, 3392, 3393, 3399, 3400, 3404, 3416, 3427, 3428, 3432, 3435, 3437, 3443, 3446, 3447, 3452, 3454, 3455, 3461, 3463, 3466, 3471, 3475, 3478, 3479, 3491, 3497, 3500, 3503, 3507, 3509, 3521, 3525, 3527, 3531, 3539, 3547, 3551, 3562, 3567, 3570, 3574, 3584, 3587, 3591, 3595, 3600, 3608, 3610, 3613, 3620, 3622, 3626, 3628, 3632, 3636, 3641, 3644, 3646, 3650, 3653, 3664, 3671, 3675, 3679, 3683, 3686, 3687, 3688, 3690, 3692, 3696, 3699, 3702, 3705, 3708, 3712, 3714, 3715, 3718, 3720, 3726, 3729, 3735, 3745, 3749, 3754, 3756, 3758, 3763, 3764, 3766, 3774, 3777, 3778, 3779, 3784, 3786, 3788, 3792, 3796, 3803, 3806, 3809, 3812, 3813, 3814, 3823, 3825, 3831, 3837, 3841, 3845, 3849, 3854, 3859, 3861, 3863, 3872, 3874, 3880, 3887, 3889, 3894, 3897, 3900, 3902, 3903, 3911, 3913, 3917, 3919, 3924, 3925, 3927, 3932, 3933, 3934, 3936, 3938, 3942, 3945, 3948, 3952, 3953, 3956, 3957, 3960, 3963, 3967, 3971, 3977, 3979, 3982, 3988, 3996, 3997, 4010, 4013, 4016, 4019, 4023, 4029, 4032, 4037, 4043, 4046, 4050, 4057, 4058, 4062, 4068, 4075, 4080, 4085, 4089, 4094, 4101, 4107, 4111, 4112, 4118, 4122, 4127, 4132, 4139, 4146, 4162, 4166, 4170, 4173, 4186, 4194, 4198, 4205, 4207, 4213, 4218, 4219, 4221, 4234, 4237, 4241, 4249, 4250, 4261, 4264, 4266, 4267, 4274, 4282, 4284, 4287, 4291, 4294, 4296, 4302, 4304, 4309, 4316, 4322, 4324, 4327, 4338, 4339, 4341, 4345, 4349, 4351, 4357, 4360, 4370, 4376, 4380, 4382, 4385, 4391, 4392, 4395, 4398, 4402, 4405, 4407, 4408, 4413, 4416, 4418, 4422, 4425, 4429, 4433, 4438, 4446, 4452, 4454, 4459, 4464, 4467, 4469, 4479, 4482, 4484, 4491, 4497, 4501, 4502, 4505, 4512, 4514, 4519, 4520, 4522, 4527, 4530, 4535, 4537, 4538, 4543, 4547, 4548, 4553, 4554, 4557, 4561, 4563, 4564, 4566, 4568, 4571, 4572, 4580, 4583, 4589, 4594, 4600, 4605, 4608, 4613, 4619, 4623, 4626, 4627, 4629, 4632, 4636, 4638, 4641, 4646, 4651, 4655, 4661, 4662, 4666, 4671, 4675, 4680, 4683, 4684, 4686, 4697, 4701, 4705, 4712, 4718, 4720, 4724, 4726, 4732, 4735, 4740, 4742, 4752, 4759, 4764, 4765, 4768, 4771, 4774, 4780, 4787, 4796, 4798, 4800, 4802, 4804, 4806, 4808, 4812, 4813, 4819, 4823, 4825, 4827, 4831, 4837, 4841, 4847, 4851, 4854, 4857, 4867, 4870, 4874, 4877, 4879, 4891, 4909, 4911, 4917, 4920, 4927, 4930, 4932, 4934, 4938, 4945, 4949, 4952, 4955, 4956, 4957, 4961, 4967, 4974, 4976, 4979, 4983, 4987, 4992, 4994, 4999, 5006, 5008, 5012, 5016, 5021, 5023, 5026, 5027, 5029, 5030, 5031, 5035, 5040, 5048, 5050, 5053, 5056, 5058, 5059, 5062, 5063, 5065, 5072, 5075, 5077, 5083, 5086, 5088, 5095, 5104, 5110, 5117, 5119, 5120, 5122, 5125, 5129, 5133, 5139, 5141, 5147, 5151, 5152, 5159, 5160, 5162, 5166, 5167, 5169, 5174, 5176, 5183, 5185, 5186, 5188, 5190, 5192, 5193, 5204, 5209, 5216, 5217, 5218, 5219, 5222, 5224, 5227, 5229, 5231, 5236, 5238, 5245, 5253, 5266, 5267]
Number of cky conversion did not finish: 18
[223, 460, 1361, 1464, 2169, 2322, 2493, 3041, 3100, 3430, 3543, 3556, 3558, 3614, 4406, 4423, 4476, 5249]
Number of parse finished: 1066

All sentences: 2266
Finished: 0.47
DNF: 1.04

First sentence to process: 0
Last sentence to process: 5267

Execution finish: 2025-02-20 22:00:45.606692
Elapsed time: 2189 min 20 sec

