Execution start: 2025-02-26 08:10:23.836827
{
    "in_file": "lsoie_data/lsoie_wiki_train.conll",
    "out_dir": "train_contracted_preproc",
    "folder_per_sen": true
}

Script name: preproc_contracted

Unconnected arg: 5:{'A0'}
Unconnected arg: 14:{'A1'}
Unconnected arg: 17:{'A1'}
Unconnected arg: 26:{'A1'}
Unconnected arg: 27:{'A1'}
Unconnected arg: 33:{'A1'}
Unconnected arg: 36:{'A0', 'A2'}
Unconnected arg: 48:{'A1'}
Unconnected arg: 54:{'A1'}
Unconnected arg: 58:{'A1', 'A0'}
Unconnected arg: 65:{'A1'}
Unconnected arg: 68:{'A1'}
Unconnected arg: 72:{'A1'}
Unconnected arg: 76:{'A0'}
Unconnected arg: 80:{'A1'}
Unconnected arg: 86:{'A0'}
Unconnected arg: 92:{'A1'}
Unconnected arg: 97:{'A0'}
Unconnected arg: 115:{'A1'}
Unconnected arg: 116:{'A1', 'A0'}
Unconnected arg: 119:{'A1'}
Unconnected arg: 128:{'A1'}
Unconnected arg: 140:{'A1'}
Unconnected arg: 150:{'A1'}
Unconnected arg: 157:{'A1'}
Unconnected arg: 159:{'A2'}
Unconnected arg: 160:{'A1'}
Unconnected arg: 168:{'A1'}
Unconnected arg: 169:{'A1'}
Unconnected arg: 170:{'A2'}
Unconnected arg: 181:{'A1'}
Unconnected arg: 182:{'A0'}
Unconnected arg: 183:{'A0'}
Unconnected arg: 184:{'A0', 'A2'}
Unconnected arg: 188:{'A1'}
Unconnected arg: 190:{'A1'}
Unconnected arg: 191:{'A1'}
Unconnected arg: 193:{'A1'}
Unconnected arg: 196:{'A1'}
Unconnected arg: 202:{'A0'}
Unconnected arg: 212:{'A1'}
Unconnected arg: 213:{'A1'}
Unconnected arg: 217:{'A2'}
Unconnected arg: 218:{'A2'}
Unconnected arg: 227:{'A0'}
Unconnected arg: 239:{'A1'}
Unconnected arg: 243:{'A0'}
Unconnected arg: 245:{'A1'}
Unconnected arg: 246:{'A0', 'A2'}
Unconnected arg: 250:{'A1'}
Unconnected arg: 263:{'A1'}
Unconnected arg: 269:{'A2'}
Unconnected arg: 270:{'A2'}
Unconnected arg: 277:{'A1'}
Unconnected arg: 280:{'A1'}
Unconnected arg: 281:{'A0'}
Unconnected arg: 282:{'A1'}
Unconnected arg: 286:{'A0'}
Unconnected arg: 289:{'A1'}
Unconnected arg: 290:{'A1'}
Unconnected arg: 294:{'A1'}
Unconnected arg: 300:{'A1'}
Unconnected arg: 304:{'A1'}
Unconnected arg: 308:{'A2'}
Unconnected arg: 310:{'A1'}
Unconnected arg: 315:{'A1'}
Unconnected arg: 316:{'A1'}
Unconnected arg: 321:{'A1'}
Unconnected arg: 330:{'A1'}
Unconnected arg: 347:{'A0'}
Unconnected arg: 361:{'A1'}
Unconnected arg: 372:{'A1'}
Unconnected arg: 387:{'A1'}
Unconnected arg: 388:{'A1', 'A2'}
Unconnected arg: 389:{'A1'}
Unconnected arg: 395:{'A1'}
Unconnected arg: 401:{'A1', 'A0'}
Unconnected arg: 402:{'A0'}
Unconnected arg: 404:{'A1'}
Unconnected arg: 405:{'A1'}
Unconnected arg: 411:{'A1'}
Unconnected arg: 412:{'A2'}
Unconnected arg: 413:{'A1'}
Unconnected arg: 414:{'A1'}
Unconnected arg: 415:{'A1'}
Unconnected arg: 429:{'A1'}
Unconnected arg: 430:{'A1'}
Unconnected arg: 435:{'A1'}
Unconnected arg: 437:{'A1', 'A0'}
Unconnected arg: 438:{'A2'}
Unconnected arg: 439:{'A1', 'A0'}
Unconnected arg: 440:{'A1', 'A0'}
Unconnected arg: 442:{'A1'}
Unconnected arg: 448:{'A1'}
Unconnected arg: 450:{'A1'}
Unconnected arg: 451:{'A1'}
Unconnected arg: 456:{'A0'}
Unconnected arg: 457:{'A0'}
Unconnected arg: 460:{'A1'}
Unconnected arg: 461:{'A0'}
Unconnected arg: 462:{'A0'}
Unconnected arg: 466:{'A2'}
Unconnected arg: 468:{'A1'}
Unconnected arg: 470:{'A2'}
Unconnected arg: 471:{'A1'}
Unconnected arg: 474:{'A1'}
Unconnected arg: 483:{'A1'}
Unconnected arg: 487:{'A0'}
Unconnected arg: 488:{'A0'}
Unconnected arg: 490:{'A1', 'A2'}
Unconnected arg: 491:{'A2'}
Unconnected arg: 492:{'A2'}
Unconnected arg: 504:{'A0'}
Unconnected arg: 512:{'A2'}
Unconnected arg: 520:{'A2'}
Unconnected arg: 528:{'A1'}
Unconnected arg: 529:{'A1'}
Unconnected arg: 536:{'A1'}
Unconnected arg: 537:{'A1'}
Unconnected arg: 545:{'A1'}
Unconnected arg: 550:{'A1'}
Unconnected arg: 552:{'A0'}
Unconnected arg: 565:{'A1'}
Unconnected arg: 567:{'A1'}
Unconnected arg: 582:{'A1'}
Unconnected arg: 585:{'A1'}
Unconnected arg: 588:{'A1'}
Unconnected arg: 596:{'A2'}
Unconnected arg: 598:{'A1'}
Unconnected arg: 602:{'A1'}
Unconnected arg: 629:{'A1'}
Unconnected arg: 635:{'A2'}
Unconnected arg: 638:{'A1'}
Unconnected arg: 641:{'A3'}
Unconnected arg: 647:{'A1'}
Unconnected arg: 653:{'A1'}
Unconnected arg: 657:{'A2'}
Unconnected arg: 659:{'A0'}
Unconnected arg: 661:{'A1'}
Unconnected arg: 662:{'A2'}
Unconnected arg: 668:{'A1'}
Unconnected arg: 669:{'A1'}
Unconnected arg: 680:{'A1'}
Unconnected arg: 686:{'A1'}
Unconnected arg: 689:{'A1'}
Unconnected arg: 690:{'A1'}
Unconnected arg: 692:{'A0'}
Unconnected arg: 693:{'A1'}
Unconnected arg: 694:{'A1'}
Unconnected arg: 696:{'A2'}
Unconnected arg: 698:{'A2'}
Unconnected arg: 700:{'A0'}
Unconnected arg: 701:{'A0'}
Unconnected arg: 702:{'A0'}
Unconnected arg: 703:{'A1', 'A0'}
Unconnected arg: 708:{'A1', 'A0'}
Unconnected arg: 721:{'A1'}
Unconnected arg: 722:{'A1'}
Unconnected arg: 725:{'A1'}
Unconnected arg: 733:{'A1'}
Unconnected arg: 734:{'A0'}
Unconnected arg: 744:{'A1'}
Unconnected arg: 751:{'A1'}
Unconnected arg: 756:{'A1'}
Unconnected arg: 757:{'A1'}
Unconnected arg: 761:{'A0'}
Unconnected arg: 772:{'A1'}
Unconnected arg: 774:{'A0'}
Unconnected arg: 776:{'A0'}
Unconnected arg: 778:{'A0'}
Unconnected arg: 779:{'A0'}
Unconnected arg: 780:{'A0'}
Unconnected arg: 781:{'A0'}
Unconnected arg: 782:{'A0'}
Unconnected arg: 786:{'A0'}
Unconnected arg: 787:{'A0'}
Unconnected arg: 788:{'A0'}
Unconnected arg: 789:{'A1'}
Unconnected arg: 812:{'A1'}
Unconnected arg: 813:{'A0'}
Unconnected arg: 817:{'A1'}
Unconnected arg: 826:{'A1'}
Unconnected arg: 828:{'A2'}
Unconnected arg: 832:{'A1'}
Unconnected arg: 838:{'A2'}
Unconnected arg: 842:{'A1'}
Unconnected arg: 848:{'A2'}
Unconnected arg: 851:{'A1'}
Unconnected arg: 854:{'A1'}
Unconnected arg: 858:{'A2'}
Unconnected arg: 867:{'A1'}
Unconnected arg: 868:{'A0'}
Unconnected arg: 871:{'A1'}
Unconnected arg: 879:{'A1'}
Unconnected arg: 883:{'A2'}
Unconnected arg: 890:{'A1'}
Unconnected arg: 891:{'A1'}
Unconnected arg: 898:{'A1'}
Unconnected arg: 905:{'A1'}
Unconnected arg: 912:{'A2'}
Unconnected arg: 913:{'A2'}
Unconnected arg: 915:{'A1'}
Unconnected arg: 919:{'A1'}
Unconnected arg: 925:{'A1'}
Unconnected arg: 935:{'A2'}
Unconnected arg: 937:{'A1'}
Unconnected arg: 944:{'A1'}
Unconnected arg: 954:{'A1'}
Unconnected arg: 957:{'A1'}
Unconnected arg: 958:{'A1'}
Unconnected arg: 961:{'A1'}
Unconnected arg: 963:{'A2'}
Unconnected arg: 964:{'A1'}
Unconnected arg: 965:{'A1'}
Unconnected arg: 966:{'A1'}
Unconnected arg: 977:{'A2'}
Unconnected arg: 995:{'A1'}
Unconnected arg: 999:{'A1'}
Unconnected arg: 1005:{'A1'}
Unconnected arg: 1007:{'A1'}
Unconnected arg: 1010:{'A1'}
Unconnected arg: 1051:{'A1'}
Unconnected arg: 1052:{'A0'}
Unconnected arg: 1060:{'A1'}
Unconnected arg: 1065:{'A1'}
Unconnected arg: 1067:{'A1'}
Unconnected arg: 1068:{'A1', 'A0'}
Unconnected arg: 1070:{'A0'}
Unconnected arg: 1076:{'A1'}
Unconnected arg: 1078:{'A1'}
Unconnected arg: 1080:{'A1'}
Unconnected arg: 1082:{'A1'}
Unconnected arg: 1087:{'A3'}
Unconnected arg: 1089:{'A1'}
Unconnected arg: 1090:{'A1'}
Unconnected arg: 1096:{'A1'}
Unconnected arg: 1105:{'A0'}
Unconnected arg: 1109:{'A1'}
Unconnected arg: 1115:{'A1'}
Unconnected arg: 1116:{'A1'}
Unconnected arg: 1124:{'A1'}
Unconnected arg: 1127:{'A0'}
Unconnected arg: 1128:{'A0'}
Unconnected arg: 1140:{'A1'}
Unconnected arg: 1148:{'A0'}
Unconnected arg: 1154:{'A0'}
Unconnected arg: 1156:{'A1'}
Unconnected arg: 1179:{'A0'}
Unconnected arg: 1180:{'A1'}
Unconnected arg: 1198:{'A1'}
Unconnected arg: 1199:{'A2'}
Unconnected arg: 1200:{'A1'}
Unconnected arg: 1202:{'A2'}
Unconnected arg: 1215:{'A1'}
Unconnected arg: 1216:{'A1'}
Unconnected arg: 1227:{'A1'}
Unconnected arg: 1228:{'A0'}
Unconnected arg: 1231:{'A0'}
Unconnected arg: 1239:{'A2'}
Unconnected arg: 1241:{'A1'}
Unconnected arg: 1261:{'A1'}
Unconnected arg: 1271:{'A0'}
Unconnected arg: 1274:{'A0'}
Unconnected arg: 1276:{'A0'}
Unconnected arg: 1278:{'A1'}
Unconnected arg: 1280:{'A0'}
Unconnected arg: 1282:{'A2'}
Unconnected arg: 1284:{'A2'}
Unconnected arg: 1298:{'A1'}
Unconnected arg: 1310:{'A1'}
Unconnected arg: 1323:{'A1'}
Unconnected arg: 1326:{'A2'}
Unconnected arg: 1336:{'A1'}
Unconnected arg: 1349:{'A0'}
Unconnected arg: 1353:{'A1'}
Unconnected arg: 1366:{'A3'}
Unconnected arg: 1368:{'A2'}
Unconnected arg: 1372:{'A1'}
Unconnected arg: 1381:{'A2'}
Unconnected arg: 1392:{'A1'}
Unconnected arg: 1398:{'A1'}
Unconnected arg: 1419:{'A2'}
Unconnected arg: 1420:{'A2'}
Unconnected arg: 1435:{'A1'}
Unconnected arg: 1443:{'A1'}
Unconnected arg: 1449:{'A1'}
Unconnected arg: 1456:{'A1'}
Unconnected arg: 1459:{'A1'}
Unconnected arg: 1466:{'A1'}
Unconnected arg: 1474:{'A1'}
Unconnected arg: 1475:{'A1'}
Unconnected arg: 1478:{'A0'}
Unconnected arg: 1482:{'A1'}
Unconnected arg: 1483:{'A1'}
Unconnected arg: 1484:{'A0'}
Unconnected arg: 1487:{'A2'}
Unconnected arg: 1492:{'A1'}
Unconnected arg: 1495:{'A2'}
Unconnected arg: 1502:{'A1'}
Unconnected arg: 1513:{'A1'}
Unconnected arg: 1515:{'A0'}
Unconnected arg: 1519:{'A0'}
Unconnected arg: 1529:{'A1', 'A2'}
Unconnected arg: 1531:{'A1'}
Unconnected arg: 1533:{'A0'}
Unconnected arg: 1545:{'A1'}
Unconnected arg: 1547:{'A0'}
Unconnected arg: 1561:{'A0'}
Unconnected arg: 1566:{'A0'}
Unconnected arg: 1571:{'A1'}
Unconnected arg: 1573:{'A1'}
Unconnected arg: 1575:{'A1'}
Unconnected arg: 1580:{'A2'}
Unconnected arg: 1583:{'A1'}
Unconnected arg: 1584:{'A1'}
Unconnected arg: 1587:{'A0'}
Unconnected arg: 1594:{'A1'}
Unconnected arg: 1596:{'A2'}
Unconnected arg: 1601:{'A1'}
Unconnected arg: 1610:{'A1'}
Unconnected arg: 1615:{'A1'}
Unconnected arg: 1617:{'A2'}
Unconnected arg: 1619:{'A1'}
Unconnected arg: 1631:{'A0'}
Unconnected arg: 1632:{'A0'}
Unconnected arg: 1633:{'A1'}
Unconnected arg: 1635:{'A1'}
Unconnected arg: 1636:{'A1'}
Unconnected arg: 1639:{'A0'}
Unconnected arg: 1645:{'A2'}
Unconnected arg: 1650:{'A3'}
Unconnected arg: 1653:{'A1'}
Unconnected arg: 1656:{'A0'}
Unconnected arg: 1691:{'A1'}
Unconnected arg: 1693:{'A4', 'A3'}
Unconnected arg: 1694:{'A3', 'A2'}
Unconnected arg: 1695:{'A1', 'A2'}
Unconnected arg: 1696:{'A2'}
Unconnected arg: 1698:{'A1'}
Unconnected arg: 1703:{'A1'}
Unconnected arg: 1704:{'A1'}
Unconnected arg: 1707:{'A1'}
Unconnected arg: 1711:{'A1'}
Unconnected arg: 1712:{'A1'}
Unconnected arg: 1715:{'A1'}
Unconnected arg: 1716:{'A2'}
Unconnected arg: 1722:{'A1'}
Unconnected arg: 1724:{'A2'}
Unconnected arg: 1727:{'A2'}
Unconnected arg: 1729:{'A1'}
Unconnected arg: 1732:{'A1'}
Unconnected arg: 1733:{'A1'}
Unconnected arg: 1741:{'A2'}
Unconnected arg: 1742:{'A1'}
Unconnected arg: 1764:{'A0'}
Unconnected arg: 1770:{'A1'}
Unconnected arg: 1771:{'A1', 'A2'}
Unconnected arg: 1778:{'A1'}
Unconnected arg: 1788:{'A2'}
Unconnected arg: 1789:{'A2'}
Unconnected arg: 1791:{'A0'}
Unconnected arg: 1793:{'A2'}
Unconnected arg: 1798:{'A1'}
Unconnected arg: 1810:{'A3'}
Unconnected arg: 1815:{'A1'}
Unconnected arg: 1817:{'A3'}
Unconnected arg: 1819:{'A1', 'A0'}
Unconnected arg: 1824:{'A1'}
Unconnected arg: 1829:{'A1', 'A2'}
Unconnected arg: 1831:{'A1'}
Unconnected arg: 1832:{'A2'}
Unconnected arg: 1837:{'A1'}
Unconnected arg: 1838:{'A1'}
Unconnected arg: 1860:{'A1'}
Unconnected arg: 1861:{'A1'}
Unconnected arg: 1862:{'A1', 'A2'}
Unconnected arg: 1863:{'A1'}
Unconnected arg: 1864:{'A1'}
Unconnected arg: 1872:{'A2'}
Unconnected arg: 1876:{'A2'}
Unconnected arg: 1893:{'A1'}
Unconnected arg: 1894:{'A1'}
Unconnected arg: 1903:{'A1'}
Unconnected arg: 1917:{'A2'}
Unconnected arg: 1936:{'A1'}
Unconnected arg: 1938:{'A0'}
Unconnected arg: 1944:{'A0'}
Unconnected arg: 1957:{'A1'}
Unconnected arg: 1977:{'A0'}
Unconnected arg: 1987:{'A0'}
Unconnected arg: 1988:{'A1'}
Unconnected arg: 1999:{'A0'}
Unconnected arg: 2000:{'A0'}
Unconnected arg: 2020:{'A1'}
Unconnected arg: 2022:{'A1'}
Unconnected arg: 2024:{'A1'}
Unconnected arg: 2030:{'A1'}
Unconnected arg: 2032:{'A2'}
Unconnected arg: 2038:{'A2'}
Unconnected arg: 2040:{'A1'}
Unconnected arg: 2046:{'A0'}
Unconnected arg: 2049:{'A1'}
Unconnected arg: 2053:{'A1'}
Unconnected arg: 2054:{'A1'}
Unconnected arg: 2056:{'A1'}
Unconnected arg: 2068:{'A1', 'A2'}
Unconnected arg: 2069:{'A1'}
Unconnected arg: 2074:{'A1'}
Unconnected arg: 2083:{'A1'}
Unconnected arg: 2085:{'A0'}
Unconnected arg: 2086:{'A1'}
Unconnected arg: 2087:{'A0'}
Unconnected arg: 2089:{'A1'}
Unconnected arg: 2092:{'A0'}
Unconnected arg: 2097:{'A1'}
Unconnected arg: 2100:{'A2'}
Unconnected arg: 2106:{'A1'}
Unconnected arg: 2109:{'A0'}
Unconnected arg: 2110:{'A1'}
Unconnected arg: 2120:{'A1'}
Unconnected arg: 2128:{'A0'}
Unconnected arg: 2132:{'A1'}
Unconnected arg: 2141:{'A1'}
Unconnected arg: 2142:{'A1'}
Unconnected arg: 2151:{'A1'}
Unconnected arg: 2159:{'A1', 'A3'}
Unconnected arg: 2162:{'A1'}
Unconnected arg: 2175:{'A1'}
Unconnected arg: 2178:{'A1'}
Unconnected arg: 2181:{'A0'}
Unconnected arg: 2182:{'A1'}
Unconnected arg: 2192:{'A3'}
Unconnected arg: 2193:{'A1'}
Unconnected arg: 2199:{'A1'}
Unconnected arg: 2206:{'A2'}
Unconnected arg: 2218:{'A0', 'A2'}
Unconnected arg: 2227:{'A2'}
Unconnected arg: 2233:{'A1'}
Unconnected arg: 2246:{'A1'}
Unconnected arg: 2248:{'A1'}
Unconnected arg: 2252:{'A1'}
Unconnected arg: 2262:{'A1'}
Unconnected arg: 2271:{'A0'}
Unconnected arg: 2272:{'A0'}
Unconnected arg: 2275:{'A0'}
Unconnected arg: 2278:{'A1'}
Unconnected arg: 2280:{'A1'}
Unconnected arg: 2283:{'A1'}
Unconnected arg: 2286:{'A1'}
Unconnected arg: 2291:{'A1'}
Unconnected arg: 2293:{'A1'}
Unconnected arg: 2294:{'A1'}
Unconnected arg: 2315:{'A0'}
Unconnected arg: 2318:{'A0'}
Unconnected arg: 2320:{'A1'}
Unconnected arg: 2322:{'A0'}
Unconnected arg: 2331:{'A0'}
Unconnected arg: 2341:{'A1'}
Unconnected arg: 2347:{'A1'}
Unconnected arg: 2354:{'A1'}
Unconnected arg: 2355:{'A1'}
Unconnected arg: 2365:{'A1'}
Unconnected arg: 2376:{'A1'}
Unconnected arg: 2377:{'A1'}
Unconnected arg: 2383:{'A1'}
Unconnected arg: 2384:{'A1'}
Unconnected arg: 2388:{'A2'}
Unconnected arg: 2391:{'A1'}
Unconnected arg: 2393:{'A1'}
Unconnected arg: 2397:{'A1', 'A2'}
Unconnected arg: 2398:{'A0'}
Unconnected arg: 2402:{'A1'}
Unconnected arg: 2403:{'A1'}
Unconnected arg: 2404:{'A0'}
Unconnected arg: 2405:{'A1'}
Unconnected arg: 2414:{'A0'}
Unconnected arg: 2415:{'A1'}
Unconnected arg: 2418:{'A1'}
Unconnected arg: 2420:{'A1'}
Unconnected arg: 2423:{'A0'}
Unconnected arg: 2424:{'A1', 'A0'}
Unconnected arg: 2425:{'A1', 'A0'}
Unconnected arg: 2452:{'A1'}
Unconnected arg: 2453:{'A1'}
Unconnected arg: 2454:{'A0'}
Unconnected arg: 2455:{'A1'}
Unconnected arg: 2456:{'A1'}
Unconnected arg: 2460:{'A0'}
Unconnected arg: 2462:{'A1'}
Unconnected arg: 2466:{'A1'}
Unconnected arg: 2468:{'A1', 'A0'}
Unconnected arg: 2485:{'A0'}
Unconnected arg: 2486:{'A0'}
Unconnected arg: 2492:{'A1'}
Unconnected arg: 2494:{'A1'}
Unconnected arg: 2508:{'A1'}
Unconnected arg: 2518:{'A1'}
Unconnected arg: 2524:{'A0'}
Unconnected arg: 2527:{'A1'}
Unconnected arg: 2531:{'A2'}
Unconnected arg: 2535:{'A2'}
Unconnected arg: 2536:{'A3'}
Unconnected arg: 2538:{'A2'}
Unconnected arg: 2546:{'A0'}
Unconnected arg: 2553:{'A1'}
Unconnected arg: 2555:{'A2'}
Unconnected arg: 2558:{'A0'}
Unconnected arg: 2564:{'A0'}
Unconnected arg: 2565:{'A1', 'A0'}
Unconnected arg: 2566:{'A0'}
Unconnected arg: 2569:{'A0'}
Unconnected arg: 2588:{'A2'}
Unconnected arg: 2593:{'A1'}
Unconnected arg: 2594:{'A2'}
Unconnected arg: 2595:{'A1'}
Unconnected arg: 2608:{'A1'}
Unconnected arg: 2611:{'A0'}
Unconnected arg: 2616:{'A0'}
Unconnected arg: 2628:{'A1'}
Unconnected arg: 2630:{'A1'}
Unconnected arg: 2631:{'A1'}
Unconnected arg: 2651:{'A0'}
Unconnected arg: 2653:{'A0'}
Unconnected arg: 2656:{'A1'}
Unconnected arg: 2657:{'A1', 'A0'}
Unconnected arg: 2670:{'A1'}
Unconnected arg: 2678:{'A1'}
Unconnected arg: 2685:{'A0'}
Unconnected arg: 2696:{'A0'}
Unconnected arg: 2697:{'A0'}
Unconnected arg: 2698:{'A0'}
Unconnected arg: 2699:{'A0'}
Unconnected arg: 2705:{'A0'}
Unconnected arg: 2715:{'A0'}
Unconnected arg: 2716:{'A0'}
Unconnected arg: 2721:{'A0'}
Unconnected arg: 2723:{'A1'}
Unconnected arg: 2724:{'A0'}
Unconnected arg: 2727:{'A1'}
Unconnected arg: 2736:{'A1'}
Unconnected arg: 2742:{'A0'}
Unconnected arg: 2745:{'A0'}
Unconnected arg: 2746:{'A1'}
Unconnected arg: 2749:{'A1'}
Unconnected arg: 2750:{'A1', 'A0'}
Unconnected arg: 2753:{'A3'}
Unconnected arg: 2760:{'A0'}
Unconnected arg: 2766:{'A0'}
Unconnected arg: 2771:{'A1'}
Unconnected arg: 2779:{'A0'}
Unconnected arg: 2780:{'A0'}
Unconnected arg: 2782:{'A1', 'A0'}
Unconnected arg: 2783:{'A1'}
Unconnected arg: 2784:{'A0'}
Unconnected arg: 2785:{'A0'}
Unconnected arg: 2788:{'A0'}
Unconnected arg: 2790:{'A1', 'A0'}
Unconnected arg: 2791:{'A1', 'A0'}
Unconnected arg: 2792:{'A0'}
Unconnected arg: 2793:{'A0'}
Unconnected arg: 2794:{'A0'}
Unconnected arg: 2806:{'A1'}
Unconnected arg: 2812:{'A1'}
Unconnected arg: 2813:{'A2'}
Unconnected arg: 2819:{'A0'}
Unconnected arg: 2820:{'A0'}
Unconnected arg: 2832:{'A0'}
Unconnected arg: 2838:{'A0'}
Unconnected arg: 2839:{'A0'}
Unconnected arg: 2841:{'A0'}
Unconnected arg: 2842:{'A0'}
Unconnected arg: 2846:{'A1'}
Unconnected arg: 2847:{'A1', 'A0'}
Unconnected arg: 2852:{'A2'}
Unconnected arg: 2863:{'A0'}
Unconnected arg: 2868:{'A1'}
Unconnected arg: 2870:{'A0'}
Unconnected arg: 2874:{'A1'}
Unconnected arg: 2876:{'A1'}
Unconnected arg: 2882:{'A0'}
Unconnected arg: 2886:{'A1'}
Unconnected arg: 2887:{'A1', 'A0'}
Unconnected arg: 2894:{'A1'}
Unconnected arg: 2898:{'A1'}
Unconnected arg: 2899:{'A1'}
Unconnected arg: 2907:{'A1'}
Unconnected arg: 2928:{'A0'}
Unconnected arg: 2933:{'A1'}
Unconnected arg: 2934:{'A2'}
Unconnected arg: 2937:{'A1'}
Unconnected arg: 2941:{'A1'}
Unconnected arg: 2942:{'A1', 'A2'}
Unconnected arg: 2950:{'A1'}
Unconnected arg: 2971:{'A1'}
Unconnected arg: 2972:{'A1'}
Unconnected arg: 2974:{'A2'}
Unconnected arg: 2976:{'A2'}
Unconnected arg: 2985:{'A2'}
Unconnected arg: 2986:{'A2'}
Unconnected arg: 2991:{'A2'}
Unconnected arg: 2994:{'A1'}
Unconnected arg: 2995:{'A0'}
Unconnected arg: 3003:{'A1'}
Unconnected arg: 3006:{'A1'}
Unconnected arg: 3012:{'A1'}
Unconnected arg: 3020:{'A1'}
Unconnected arg: 3026:{'A0'}
Unconnected arg: 3027:{'A0'}
Unconnected arg: 3029:{'A1'}
Unconnected arg: 3032:{'A1'}
Unconnected arg: 3044:{'A0'}
Unconnected arg: 3057:{'A2'}
Unconnected arg: 3061:{'A2'}
Unconnected arg: 3067:{'A1'}
Unconnected arg: 3074:{'A1'}
Unconnected arg: 3076:{'A2'}
Unconnected arg: 3084:{'A2'}
Unconnected arg: 3085:{'A0'}
Unconnected arg: 3091:{'A1'}
Unconnected arg: 3095:{'A0'}
Unconnected arg: 3096:{'A1'}
Unconnected arg: 3099:{'A1'}
Unconnected arg: 3102:{'A2'}
Unconnected arg: 3104:{'A1', 'A0'}
Unconnected arg: 3112:{'A1'}
Unconnected arg: 3124:{'A1'}
Unconnected arg: 3131:{'A1'}
Unconnected arg: 3142:{'A1'}
Unconnected arg: 3144:{'A0'}
Unconnected arg: 3147:{'A1'}
Unconnected arg: 3151:{'A1'}
Unconnected arg: 3154:{'A1'}
Unconnected arg: 3161:{'A1'}
Unconnected arg: 3183:{'A0'}
Unconnected arg: 3195:{'A2'}
Unconnected arg: 3196:{'A1'}
Unconnected arg: 3201:{'A1'}
Unconnected arg: 3215:{'A1'}
Unconnected arg: 3217:{'A1'}
Unconnected arg: 3218:{'A0'}
Unconnected arg: 3229:{'A1'}
Unconnected arg: 3231:{'A1'}
Unconnected arg: 3233:{'A0'}
Unconnected arg: 3246:{'A1'}
Unconnected arg: 3247:{'A0'}
Unconnected arg: 3255:{'A3'}
Unconnected arg: 3259:{'A2'}
Unconnected arg: 3262:{'A1'}
Unconnected arg: 3264:{'A0'}
Unconnected arg: 3267:{'A1'}
Unconnected arg: 3268:{'A0'}
Unconnected arg: 3279:{'A0'}
Unconnected arg: 3284:{'A1', 'A0'}
Unconnected arg: 3291:{'A1'}
Unconnected arg: 3292:{'A1'}
Unconnected arg: 3296:{'A1'}
Unconnected arg: 3297:{'A2'}
Unconnected arg: 3299:{'A0'}
Unconnected arg: 3300:{'A0'}
Unconnected arg: 3305:{'A0'}
Unconnected arg: 3307:{'A0'}
Unconnected arg: 3313:{'A1'}
Unconnected arg: 3318:{'A1'}
Unconnected arg: 3324:{'A1'}
Unconnected arg: 3336:{'A1'}
Unconnected arg: 3337:{'A2'}
Unconnected arg: 3338:{'A1'}
Unconnected arg: 3340:{'A1'}
Unconnected arg: 3350:{'A1'}
Unconnected arg: 3351:{'A0'}
Unconnected arg: 3352:{'A0'}
Unconnected arg: 3355:{'A1'}
Unconnected arg: 3356:{'A1'}
Unconnected arg: 3357:{'A3', 'A2'}
Unconnected arg: 3358:{'A1'}
Unconnected arg: 3367:{'A1'}
Unconnected arg: 3368:{'A1'}
Unconnected arg: 3375:{'A1'}
Unconnected arg: 3376:{'A0'}
Unconnected arg: 3384:{'A2'}
Unconnected arg: 3393:{'A1'}
Unconnected arg: 3395:{'A1'}
Unconnected arg: 3405:{'A0'}
Unconnected arg: 3413:{'A1'}
Unconnected arg: 3416:{'A0'}
Unconnected arg: 3422:{'A0'}
Unconnected arg: 3423:{'A0'}
Unconnected arg: 3424:{'A1'}
Unconnected arg: 3435:{'A0'}
Unconnected arg: 3438:{'A1'}
Unconnected arg: 3439:{'A2'}
Unconnected arg: 3441:{'A1'}
Unconnected arg: 3447:{'A1'}
Unconnected arg: 3449:{'A0'}
Unconnected arg: 3456:{'A1'}
Unconnected arg: 3466:{'A1', 'A0', 'A2'}
Unconnected arg: 3470:{'A0'}
Unconnected arg: 3471:{'A1'}
Unconnected arg: 3473:{'A1'}
Unconnected arg: 3481:{'A1'}
Unconnected arg: 3482:{'A0'}
Unconnected arg: 3491:{'A1'}
Unconnected arg: 3492:{'A2'}
Unconnected arg: 3493:{'A1'}
Unconnected arg: 3494:{'A0'}
Unconnected arg: 3495:{'A0'}
Unconnected arg: 3503:{'A1', 'A0'}
Unconnected arg: 3511:{'A1'}
Unconnected arg: 3521:{'A1'}
Unconnected arg: 3523:{'A1'}
Unconnected arg: 3525:{'A1'}
Unconnected arg: 3528:{'A0'}
Unconnected arg: 3530:{'A1'}
Unconnected arg: 3531:{'A1', 'A3'}
Unconnected arg: 3540:{'A0'}
Unconnected arg: 3546:{'A0'}
Unconnected arg: 3548:{'A0'}
Unconnected arg: 3554:{'A0'}
Unconnected arg: 3557:{'A1'}
Unconnected arg: 3560:{'A0'}
Unconnected arg: 3564:{'A1'}
Unconnected arg: 3570:{'A1'}
Unconnected arg: 3593:{'A1'}
Unconnected arg: 3594:{'A2'}
Unconnected arg: 3597:{'A1'}
Unconnected arg: 3598:{'A1'}
Unconnected arg: 3603:{'A1'}
Unconnected arg: 3612:{'A0'}
Unconnected arg: 3613:{'A0'}
Unconnected arg: 3614:{'A1'}
Unconnected arg: 3620:{'A1'}
Unconnected arg: 3621:{'A1'}
Unconnected arg: 3624:{'A1'}
Unconnected arg: 3625:{'A1'}
Unconnected arg: 3639:{'A1'}
Unconnected arg: 3641:{'A0'}
Unconnected arg: 3642:{'A1'}
Unconnected arg: 3643:{'A0'}
Unconnected arg: 3645:{'A1'}
Unconnected arg: 3649:{'A1'}
Unconnected arg: 3654:{'A1'}
Unconnected arg: 3656:{'A1'}
Unconnected arg: 3663:{'A1'}
Unconnected arg: 3669:{'A2'}
Unconnected arg: 3674:{'A0'}
Unconnected arg: 3683:{'A1'}
Unconnected arg: 3684:{'A1'}
Unconnected arg: 3685:{'A1', 'A2'}
Unconnected arg: 3686:{'A1'}
Unconnected arg: 3687:{'A3'}
Unconnected arg: 3688:{'A3'}
Unconnected arg: 3704:{'A1'}
Unconnected arg: 3705:{'A1'}
Unconnected arg: 3708:{'A1'}
Unconnected arg: 3709:{'A0'}
Unconnected arg: 3713:{'A2'}
Unconnected arg: 3717:{'A1'}
Unconnected arg: 3721:{'A1'}
Unconnected arg: 3725:{'A1'}
Unconnected arg: 3728:{'A1'}
Unconnected arg: 3732:{'A1'}
Unconnected arg: 3733:{'A1'}
Unconnected arg: 3734:{'A1', 'A0'}
Unconnected arg: 3759:{'A2'}
Unconnected arg: 3760:{'A0'}
Unconnected arg: 3767:{'A1'}
Unconnected arg: 3775:{'A1'}
Unconnected arg: 3783:{'A1'}
Unconnected arg: 3789:{'A0'}
Unconnected arg: 3808:{'A1'}
Unconnected arg: 3811:{'A1'}
Unconnected arg: 3820:{'A2'}
Unconnected arg: 3821:{'A0'}
Unconnected arg: 3828:{'A1'}
Unconnected arg: 3830:{'A1'}
Unconnected arg: 3831:{'A0'}
Unconnected arg: 3836:{'A1'}
Unconnected arg: 3837:{'A1'}
Unconnected arg: 3850:{'A1'}
Unconnected arg: 3853:{'A1'}
Unconnected arg: 3859:{'A1'}
Unconnected arg: 3867:{'A0'}
Unconnected arg: 3868:{'A0'}
Unconnected arg: 3869:{'A0'}
Unconnected arg: 3873:{'A0'}
Unconnected arg: 3879:{'A1'}
Unconnected arg: 3890:{'A1'}
Unconnected arg: 3895:{'A0'}
Unconnected arg: 3896:{'A0'}
Unconnected arg: 3903:{'A0'}
Unconnected arg: 3904:{'A1'}
Unconnected arg: 3910:{'A1'}
Unconnected arg: 3912:{'A0'}
Unconnected arg: 3913:{'A1'}
Unconnected arg: 3922:{'A1'}
Unconnected arg: 3926:{'A1'}
Unconnected arg: 3927:{'A1'}
Unconnected arg: 3931:{'A0'}
Unconnected arg: 3933:{'A0'}
Unconnected arg: 3937:{'A1'}
Unconnected arg: 3943:{'A1'}
Unconnected arg: 3945:{'A1'}
Unconnected arg: 3948:{'A0'}
Unconnected arg: 3950:{'A0', 'A2'}
Unconnected arg: 3955:{'A1'}
Unconnected arg: 3956:{'A1'}
Unconnected arg: 3959:{'A2'}
Unconnected arg: 3963:{'A0'}
Unconnected arg: 3969:{'A1'}
Unconnected arg: 3970:{'A1'}
Unconnected arg: 3975:{'A1'}
Unconnected arg: 3978:{'A1'}
Unconnected arg: 3990:{'A2'}
Unconnected arg: 3991:{'A2'}
Unconnected arg: 3992:{'A1'}
Unconnected arg: 4007:{'A1', 'A2'}
Unconnected arg: 4008:{'A1'}
Unconnected arg: 4016:{'A1'}
Unconnected arg: 4017:{'A1'}
Unconnected arg: 4020:{'A1'}
Unconnected arg: 4021:{'A1'}
Unconnected arg: 4049:{'A0'}
Unconnected arg: 4050:{'A1'}
Unconnected arg: 4057:{'A1'}
Unconnected arg: 4058:{'A1'}
Unconnected arg: 4059:{'A1'}
Unconnected arg: 4064:{'A1'}
Unconnected arg: 4073:{'A0'}
Unconnected arg: 4075:{'A1'}
Unconnected arg: 4078:{'A1'}
Unconnected arg: 4079:{'A1'}
Unconnected arg: 4081:{'A1'}
Unconnected arg: 4089:{'A0', 'A2'}
Unconnected arg: 4090:{'A0'}
Unconnected arg: 4092:{'A1'}
Unconnected arg: 4094:{'A1'}
Unconnected arg: 4095:{'A3'}
Unconnected arg: 4101:{'A1'}
Unconnected arg: 4104:{'A1'}
Unconnected arg: 4106:{'A0'}
Unconnected arg: 4124:{'A0'}
Unconnected arg: 4125:{'A0'}
Unconnected arg: 4127:{'A3'}
Unconnected arg: 4131:{'A2'}
Unconnected arg: 4137:{'A2'}
Unconnected arg: 4139:{'A1'}
Unconnected arg: 4140:{'A1'}
Unconnected arg: 4148:{'A0'}
Unconnected arg: 4159:{'A0'}
Unconnected arg: 4161:{'A0'}
Unconnected arg: 4162:{'A0'}
Unconnected arg: 4169:{'A1', 'A0'}
Unconnected arg: 4171:{'A1'}
Unconnected arg: 4178:{'A0'}
Unconnected arg: 4184:{'A1'}
Unconnected arg: 4190:{'A1'}
Unconnected arg: 4199:{'A1'}
Unconnected arg: 4200:{'A1'}
Unconnected arg: 4208:{'A1'}
Unconnected arg: 4212:{'A2'}
Unconnected arg: 4220:{'A1'}
Unconnected arg: 4225:{'A2'}
Unconnected arg: 4235:{'A1'}
Unconnected arg: 4236:{'A1'}
Unconnected arg: 4239:{'A1'}
Unconnected arg: 4242:{'A1'}
Unconnected arg: 4245:{'A1'}
Unconnected arg: 4246:{'A1'}
Unconnected arg: 4251:{'A1'}
Unconnected arg: 4275:{'A2'}
Unconnected arg: 4279:{'A2'}
Unconnected arg: 4285:{'A1'}
Unconnected arg: 4301:{'A0'}
Unconnected arg: 4304:{'A3'}
Unconnected arg: 4309:{'A1'}
Unconnected arg: 4310:{'A0', 'A2'}
Unconnected arg: 4315:{'A0'}
Unconnected arg: 4322:{'A1'}
Unconnected arg: 4327:{'A1'}
Unconnected arg: 4332:{'A1'}
Unconnected arg: 4334:{'A1'}
Unconnected arg: 4337:{'A1'}
Unconnected arg: 4338:{'A1'}
Unconnected arg: 4346:{'A1'}
Unconnected arg: 4352:{'A1'}
Unconnected arg: 4356:{'A1'}
Unconnected arg: 4360:{'A1'}
Unconnected arg: 4362:{'A1'}
Unconnected arg: 4372:{'A1'}
Unconnected arg: 4375:{'A1'}
Unconnected arg: 4376:{'A0'}
Unconnected arg: 4379:{'A1'}
Unconnected arg: 4380:{'A1'}
Unconnected arg: 4381:{'A1'}
Unconnected arg: 4382:{'A1'}
Unconnected arg: 4388:{'A1'}
Unconnected arg: 4394:{'A1'}
Unconnected arg: 4412:{'A1'}
Unconnected arg: 4437:{'A1'}
Unconnected arg: 4438:{'A2'}
Unconnected arg: 4439:{'A1'}
Unconnected arg: 4444:{'A1'}
Unconnected arg: 4445:{'A1'}
Unconnected arg: 4448:{'A1', 'A0'}
Unconnected arg: 4454:{'A1'}
Unconnected arg: 4458:{'A1'}
Unconnected arg: 4465:{'A1'}
Unconnected arg: 4466:{'A1'}
Unconnected arg: 4467:{'A1'}
Unconnected arg: 4468:{'A0'}
Unconnected arg: 4470:{'A1'}
Unconnected arg: 4475:{'A1'}
Unconnected arg: 4477:{'A1'}
Unconnected arg: 4478:{'A1'}
Unconnected arg: 4482:{'A2'}
Unconnected arg: 4484:{'A1'}
Unconnected arg: 4489:{'A1'}
Unconnected arg: 4490:{'A1'}
Unconnected arg: 4495:{'A0'}
Unconnected arg: 4496:{'A2'}
Unconnected arg: 4497:{'A1'}
Unconnected arg: 4511:{'A1', 'A0'}
Unconnected arg: 4512:{'A0'}
Unconnected arg: 4520:{'A1'}
Unconnected arg: 4522:{'A0'}
Unconnected arg: 4523:{'A1'}
Unconnected arg: 4525:{'A0'}
Unconnected arg: 4533:{'A1'}
Unconnected arg: 4534:{'A1'}
Unconnected arg: 4545:{'A1'}
Unconnected arg: 4546:{'A0'}
Unconnected arg: 4551:{'A0'}
Unconnected arg: 4553:{'A1'}
Unconnected arg: 4566:{'A1'}
Unconnected arg: 4569:{'A1'}
Unconnected arg: 4571:{'A1'}
Unconnected arg: 4575:{'A0'}
Unconnected arg: 4584:{'A1'}
Unconnected arg: 4586:{'A3'}
Unconnected arg: 4588:{'A1'}
Unconnected arg: 4591:{'A1'}
Unconnected arg: 4592:{'A1'}
Unconnected arg: 4597:{'A0'}
Unconnected arg: 4598:{'A1'}
Unconnected arg: 4609:{'A1'}
Unconnected arg: 4610:{'A0'}
Unconnected arg: 4637:{'A0', 'A2'}
Unconnected arg: 4645:{'A1'}
Unconnected arg: 4647:{'A1'}
Unconnected arg: 4648:{'A1'}
Unconnected arg: 4657:{'A1'}
Unconnected arg: 4658:{'A1'}
Unconnected arg: 4661:{'A1'}
Unconnected arg: 4662:{'A0'}
Unconnected arg: 4665:{'A2'}
Unconnected arg: 4668:{'A1'}
Unconnected arg: 4673:{'A1'}
Unconnected arg: 4699:{'A1'}
Unconnected arg: 4704:{'A1'}
Unconnected arg: 4713:{'A1', 'A0'}
Unconnected arg: 4721:{'A2'}
Unconnected arg: 4723:{'A0'}
Unconnected arg: 4729:{'A1'}
Unconnected arg: 4741:{'A1'}
Unconnected arg: 4745:{'A0'}
Unconnected arg: 4746:{'A0'}
Unconnected arg: 4758:{'A1'}
Unconnected arg: 4761:{'A2'}
Unconnected arg: 4766:{'A1', 'A0'}
Unconnected arg: 4773:{'A0'}
Unconnected arg: 4778:{'A0'}
Unconnected arg: 4781:{'A0'}
Unconnected arg: 4790:{'A1'}
Unconnected arg: 4802:{'A1'}
Unconnected arg: 4803:{'A1'}
Unconnected arg: 4818:{'A1', 'A0'}
Unconnected arg: 4820:{'A1'}
Unconnected arg: 4822:{'A1'}
Unconnected arg: 4823:{'A1'}
Unconnected arg: 4828:{'A1'}
Unconnected arg: 4829:{'A1'}
Unconnected arg: 4832:{'A0'}
Unconnected arg: 4834:{'A2'}
Unconnected arg: 4839:{'A1'}
Unconnected arg: 4844:{'A0'}
Unconnected arg: 4851:{'A2'}
Unconnected arg: 4861:{'A0'}
Unconnected arg: 4872:{'A0'}
Unconnected arg: 4874:{'A0', 'A2'}
Unconnected arg: 4875:{'A0'}
Unconnected arg: 4877:{'A1'}
Unconnected arg: 4878:{'A0'}
Unconnected arg: 4879:{'A0'}
Unconnected arg: 4881:{'A1'}
Unconnected arg: 4882:{'A1'}
Unconnected arg: 4883:{'A0'}
Unconnected arg: 4885:{'A1'}
Unconnected arg: 4887:{'A2'}
Unconnected arg: 4888:{'A1'}
Unconnected arg: 4890:{'A1'}
Unconnected arg: 4892:{'A1'}
Unconnected arg: 4893:{'A2'}
Unconnected arg: 4905:{'A1'}
Unconnected arg: 4908:{'A2'}
Unconnected arg: 4910:{'A1'}
Unconnected arg: 4920:{'A1'}
Unconnected arg: 4921:{'A1'}
Unconnected arg: 4924:{'A2'}
Unconnected arg: 4926:{'A1'}
Unconnected arg: 4929:{'A1'}
Unconnected arg: 4932:{'A1'}
Unconnected arg: 4936:{'A2'}
Unconnected arg: 4937:{'A0', 'A2'}
Unconnected arg: 4941:{'A1'}
Unconnected arg: 4945:{'A3'}
Unconnected arg: 4956:{'A1'}
Unconnected arg: 4961:{'A1'}
Unconnected arg: 4964:{'A2'}
Unconnected arg: 4966:{'A1'}
Unconnected arg: 4969:{'A1'}
Unconnected arg: 4971:{'A2'}
Unconnected arg: 4975:{'A0'}
Unconnected arg: 4976:{'A1', 'A2'}
Unconnected arg: 4980:{'A1'}
Unconnected arg: 4982:{'A2'}
Unconnected arg: 4984:{'A2'}
Unconnected arg: 4987:{'A2'}
Unconnected arg: 4991:{'A0'}
Unconnected arg: 4997:{'A1'}
Unconnected arg: 4998:{'A1'}
Unconnected arg: 5009:{'A2'}
Unconnected arg: 5011:{'A0'}
Unconnected arg: 5017:{'A3'}
Unconnected arg: 5024:{'A2'}
Unconnected arg: 5029:{'A2'}
Unconnected arg: 5030:{'A2'}
Unconnected arg: 5037:{'A1'}
Unconnected arg: 5041:{'A0'}
Unconnected arg: 5042:{'A0', 'A4'}
Unconnected arg: 5047:{'A1'}
Unconnected arg: 5060:{'A3'}
Unconnected arg: 5064:{'A1'}
Unconnected arg: 5067:{'A0'}
Unconnected arg: 5076:{'A0'}
Unconnected arg: 5082:{'A0'}
Unconnected arg: 5083:{'A1'}
Unconnected arg: 5084:{'A0'}
Unconnected arg: 5088:{'A2'}
Unconnected arg: 5090:{'A0', 'A2'}
Unconnected arg: 5091:{'A0'}
Unconnected arg: 5092:{'A1'}
Unconnected arg: 5095:{'A2'}
Unconnected arg: 5096:{'A1'}
Unconnected arg: 5099:{'A1'}
Unconnected arg: 5100:{'A0'}
Unconnected arg: 5104:{'A0'}
Unconnected arg: 5105:{'A0'}
Unconnected arg: 5109:{'A1'}
Unconnected arg: 5110:{'A0'}
Unconnected arg: 5112:{'A0'}
Unconnected arg: 5128:{'A1'}
Unconnected arg: 5129:{'A0'}
Unconnected arg: 5130:{'A0'}
Unconnected arg: 5132:{'A0'}
Unconnected arg: 5134:{'A0'}
Unconnected arg: 5135:{'A1', 'A0'}
Unconnected arg: 5136:{'A0'}
Unconnected arg: 5145:{'A0'}
Unconnected arg: 5149:{'A0'}
Unconnected arg: 5150:{'A1'}
Unconnected arg: 5154:{'A0'}
Unconnected arg: 5155:{'A1'}
Unconnected arg: 5158:{'A1'}
Unconnected arg: 5160:{'A0'}
Unconnected arg: 5168:{'A0'}
Unconnected arg: 5169:{'A0'}
Unconnected arg: 5170:{'A0'}
Unconnected arg: 5177:{'A1', 'A0'}
Unconnected arg: 5178:{'A0'}
Unconnected arg: 5180:{'A0'}
Unconnected arg: 5182:{'A0'}
Unconnected arg: 5184:{'A0'}
Unconnected arg: 5185:{'A1', 'A0'}
Unconnected arg: 5186:{'A0'}
Unconnected arg: 5188:{'A0'}
Unconnected arg: 5189:{'A0'}
Unconnected arg: 5190:{'A0'}
Unconnected arg: 5204:{'A1'}
Unconnected arg: 5213:{'A1'}
Unconnected arg: 5219:{'A0'}
Unconnected arg: 5227:{'A1'}
Unconnected arg: 5229:{'A0'}
Unconnected arg: 5232:{'A0'}
Unconnected arg: 5237:{'A1'}
Unconnected arg: 5241:{'A0'}
Unconnected arg: 5247:{'A2'}
Unconnected arg: 5248:{'A1'}
Unconnected arg: 5249:{'A1'}
Unconnected arg: 5250:{'A0'}
Unconnected arg: 5251:{'A2'}
Unconnected arg: 5252:{'A1'}
Unconnected arg: 5259:{'A2'}
Unconnected arg: 5260:{'A1'}
Unconnected arg: 5261:{'A1'}
Unconnected arg: 5266:{'A0', 'A3'}
Unconnected arg: 5275:{'A0'}
Unconnected arg: 5278:{'A2'}
Unconnected arg: 5282:{'A1'}
Unconnected arg: 5285:{'A1'}
Unconnected arg: 5286:{'A1'}
Unconnected arg: 5294:{'A0'}
Unconnected arg: 5305:{'A1'}
Unconnected arg: 5307:{'A1'}
Unconnected arg: 5308:{'A0'}
Unconnected arg: 5309:{'A0'}
Unconnected arg: 5310:{'A1'}
Unconnected arg: 5311:{'A2'}
Unconnected arg: 5312:{'A1'}
Unconnected arg: 5317:{'A1'}
Unconnected arg: 5346:{'A1'}
Unconnected arg: 5348:{'A1'}
Unconnected arg: 5350:{'A0'}
Unconnected arg: 5370:{'A1'}
Unconnected arg: 5371:{'A1'}
Unconnected arg: 5377:{'A1'}
Unconnected arg: 5381:{'A2'}
Unconnected arg: 5383:{'A1'}
Unconnected arg: 5402:{'A1'}
Unconnected arg: 5412:{'A1'}
Unconnected arg: 5413:{'A1'}
Unconnected arg: 5422:{'A2'}
Unconnected arg: 5435:{'A3'}
Unconnected arg: 5437:{'A1'}
Unconnected arg: 5441:{'A1', 'A0'}
Unconnected arg: 5444:{'A2'}
Unconnected arg: 5445:{'A1'}
Unconnected arg: 5459:{'A1'}
Unconnected arg: 5464:{'A1'}
Unconnected arg: 5477:{'A1'}
Unconnected arg: 5490:{'A1'}
Unconnected arg: 5495:{'A2'}
Unconnected arg: 5510:{'A1'}
Unconnected arg: 5512:{'A1'}
Unconnected arg: 5519:{'A1', 'A3'}
Unconnected arg: 5520:{'A1', 'A3'}
Unconnected arg: 5521:{'A2'}
Unconnected arg: 5522:{'A2'}
Unconnected arg: 5536:{'A1'}
Unconnected arg: 5539:{'A2'}
Unconnected arg: 5540:{'A1'}
Unconnected arg: 5542:{'A1'}
Unconnected arg: 5552:{'A1'}
Unconnected arg: 5553:{'A2'}
Unconnected arg: 5566:{'A1'}
Unconnected arg: 5569:{'A1'}
Unconnected arg: 5575:{'A1'}
Unconnected arg: 5596:{'A2'}
Unconnected arg: 5601:{'A1'}
Unconnected arg: 5609:{'A1'}
Unconnected arg: 5628:{'A2'}
Unconnected arg: 5639:{'A1'}
Unconnected arg: 5644:{'A1'}
Unconnected arg: 5658:{'A1'}
Unconnected arg: 5659:{'A1'}
Unconnected arg: 5660:{'A1'}
Unconnected arg: 5663:{'A0'}
Unconnected arg: 5676:{'A0'}
Unconnected arg: 5677:{'A0'}
Unconnected arg: 5678:{'A1'}
Unconnected arg: 5679:{'A1'}
Unconnected arg: 5681:{'A1'}
Unconnected arg: 5682:{'A1'}
Unconnected arg: 5691:{'A1', 'A0'}
Unconnected arg: 5700:{'A0'}
Unconnected arg: 5701:{'A1'}
Unconnected arg: 5706:{'A1'}
Unconnected arg: 5716:{'A1'}
Unconnected arg: 5717:{'A1'}
Unconnected arg: 5719:{'A0'}
Unconnected arg: 5724:{'A0', 'A2'}
Unconnected arg: 5729:{'A1'}
Unconnected arg: 5734:{'A1'}
Unconnected arg: 5735:{'A1'}
Unconnected arg: 5736:{'A1'}
Unconnected arg: 5742:{'A1'}
Unconnected arg: 5743:{'A1'}
Unconnected arg: 5748:{'A2'}
Unconnected arg: 5750:{'A3'}
Unconnected arg: 5752:{'A1'}
Unconnected arg: 5780:{'A3'}
Unconnected arg: 5788:{'A1'}
Unconnected arg: 5790:{'A1'}
Unconnected arg: 5791:{'A0'}
Unconnected arg: 5793:{'A1'}
Unconnected arg: 5794:{'A1'}
Unconnected arg: 5800:{'A1'}
Unconnected arg: 5813:{'A2'}
Unconnected arg: 5818:{'A1'}
Unconnected arg: 5823:{'A1', 'A0'}
Unconnected arg: 5825:{'A1', 'A0'}
Unconnected arg: 5841:{'A1'}
Unconnected arg: 5861:{'A1'}
Unconnected arg: 5863:{'A1'}
Unconnected arg: 5874:{'A0'}
Unconnected arg: 5879:{'A1'}
Unconnected arg: 5880:{'A1'}
Unconnected arg: 5893:{'A1'}
Unconnected arg: 5895:{'A2'}
Unconnected arg: 5898:{'A4'}
Unconnected arg: 5906:{'A0'}
Unconnected arg: 5911:{'A1'}
Unconnected arg: 5913:{'A1'}
Unconnected arg: 5914:{'A0'}
Unconnected arg: 5916:{'A1', 'A0'}
Unconnected arg: 5918:{'A1'}
Unconnected arg: 5927:{'A1'}
Unconnected arg: 5930:{'A1'}
Unconnected arg: 5931:{'A2'}
Unconnected arg: 5940:{'A1'}
Unconnected arg: 5944:{'A2'}
Unconnected arg: 5959:{'A1'}
Unconnected arg: 5964:{'A1'}
Unconnected arg: 5971:{'A1'}
Unconnected arg: 5975:{'A1'}
Unconnected arg: 5976:{'A1'}
Unconnected arg: 5982:{'A1'}
Unconnected arg: 5985:{'A1'}
Unconnected arg: 5986:{'A0'}
Unconnected arg: 5988:{'A1'}
Unconnected arg: 5993:{'A1'}
Unconnected arg: 6003:{'A2'}
Unconnected arg: 6007:{'A2'}
Unconnected arg: 6008:{'A2'}
Unconnected arg: 6012:{'A0'}
Unconnected arg: 6020:{'A1'}
Unconnected arg: 6026:{'A2'}
Unconnected arg: 6027:{'A1'}
Unconnected arg: 6028:{'A3'}
Unconnected arg: 6038:{'A0'}
Unconnected arg: 6040:{'A0'}
Unconnected arg: 6043:{'A0'}
Unconnected arg: 6045:{'A3'}
Unconnected arg: 6046:{'A2'}
Unconnected arg: 6047:{'A0'}
Unconnected arg: 6048:{'A1'}
Unconnected arg: 6052:{'A1'}
Unconnected arg: 6053:{'A2'}
Unconnected arg: 6057:{'A0'}
Unconnected arg: 6058:{'A0'}
Unconnected arg: 6061:{'A2'}
Unconnected arg: 6062:{'A1'}
Unconnected arg: 6077:{'A2'}
Unconnected arg: 6087:{'A1'}
Unconnected arg: 6094:{'A1'}
Unconnected arg: 6105:{'A0'}
Unconnected arg: 6111:{'A1', 'A3'}
Unconnected arg: 6120:{'A0'}
Unconnected arg: 6129:{'A1'}
Unconnected arg: 6130:{'A1'}
Unconnected arg: 6139:{'A1'}
Unconnected arg: 6144:{'A1'}
Unconnected arg: 6150:{'A0'}
Unconnected arg: 6159:{'A1', 'A2'}
Unconnected arg: 6164:{'A1'}
Unconnected arg: 6168:{'A2'}
Unconnected arg: 6177:{'A0'}
Unconnected arg: 6179:{'A1'}
Unconnected arg: 6180:{'A0'}
Unconnected arg: 6190:{'A0'}
Unconnected arg: 6191:{'A0'}
Unconnected arg: 6198:{'A1'}
Unconnected arg: 6199:{'A1'}
Unconnected arg: 6202:{'A1'}
Unconnected arg: 6211:{'A1'}
Unconnected arg: 6216:{'A1'}
Unconnected arg: 6217:{'A0'}
Unconnected arg: 6219:{'A1', 'A0'}
Unconnected arg: 6221:{'A1'}
Unconnected arg: 6222:{'A2'}
Unconnected arg: 6230:{'A1'}
Unconnected arg: 6238:{'A1'}
Unconnected arg: 6239:{'A1'}
Unconnected arg: 6242:{'A1'}
Unconnected arg: 6261:{'A0'}
Unconnected arg: 6274:{'A1'}
Unconnected arg: 6286:{'A1'}
Unconnected arg: 6287:{'A1'}
Unconnected arg: 6290:{'A1'}
Unconnected arg: 6297:{'A1'}
Unconnected arg: 6309:{'A2'}
Unconnected arg: 6314:{'A0'}
Unconnected arg: 6316:{'A0'}
Unconnected arg: 6318:{'A0'}
Unconnected arg: 6321:{'A0'}
Unconnected arg: 6323:{'A0'}
Unconnected arg: 6329:{'A1'}
Unconnected arg: 6340:{'A0'}
Unconnected arg: 6355:{'A0'}
Unconnected arg: 6359:{'A2'}
Unconnected arg: 6362:{'A0'}
Unconnected arg: 6371:{'A0'}
Unconnected arg: 6376:{'A0'}
Unconnected arg: 6378:{'A0'}
Unconnected arg: 6382:{'A2'}
Unconnected arg: 6388:{'A1'}
Unconnected arg: 6397:{'A1'}
Unconnected arg: 6399:{'A1'}
Unconnected arg: 6410:{'A2'}
Unconnected arg: 6419:{'A1'}
Unconnected arg: 6423:{'A2'}
Unconnected arg: 6424:{'A1', 'A2'}
Unconnected arg: 6447:{'A1'}
Unconnected arg: 6453:{'A1'}
Unconnected arg: 6454:{'A1'}
Unconnected arg: 6462:{'A1'}
Unconnected arg: 6467:{'A1'}
Unconnected arg: 6468:{'A1'}
Unconnected arg: 6470:{'A0'}
Unconnected arg: 6471:{'A0'}
Unconnected arg: 6478:{'A0'}
Unconnected arg: 6482:{'A1'}
Unconnected arg: 6485:{'A0'}
Unconnected arg: 6488:{'A1'}
Unconnected arg: 6489:{'A1'}
Unconnected arg: 6495:{'A2'}
Unconnected arg: 6497:{'A1'}
Unconnected arg: 6498:{'A0'}
Unconnected arg: 6499:{'A1'}
Unconnected arg: 6500:{'A0'}
Unconnected arg: 6503:{'A1'}
Unconnected arg: 6510:{'A0'}
Unconnected arg: 6523:{'A1'}
Unconnected arg: 6526:{'A1'}
Unconnected arg: 6530:{'A1'}
Unconnected arg: 6535:{'A1'}
Unconnected arg: 6543:{'A1'}
Unconnected arg: 6544:{'A1'}
Unconnected arg: 6545:{'A0'}
Unconnected arg: 6556:{'A1'}
Unconnected arg: 6557:{'A1'}
Unconnected arg: 6572:{'A0'}
Unconnected arg: 6591:{'A0'}
Unconnected arg: 6594:{'A0'}
Unconnected arg: 6597:{'A1'}
Unconnected arg: 6602:{'A2'}
Unconnected arg: 6603:{'A2'}
Unconnected arg: 6612:{'A1'}
Unconnected arg: 6613:{'A1'}
Unconnected arg: 6615:{'A0'}
Unconnected arg: 6616:{'A0'}
Unconnected arg: 6618:{'A1', 'A3'}
Unconnected arg: 6626:{'A2'}
Unconnected arg: 6627:{'A1'}
Unconnected arg: 6629:{'A1'}
Unconnected arg: 6630:{'A0'}
Unconnected arg: 6635:{'A1'}
Unconnected arg: 6636:{'A1'}
Unconnected arg: 6637:{'A1'}
Unconnected arg: 6642:{'A0'}
Unconnected arg: 6646:{'A1'}
Unconnected arg: 6647:{'A1'}
Unconnected arg: 6648:{'A1'}
Unconnected arg: 6652:{'A2'}
Unconnected arg: 6658:{'A1'}
Unconnected arg: 6666:{'A0'}
Unconnected arg: 6672:{'A2'}
Unconnected arg: 6678:{'A0'}
Unconnected arg: 6685:{'A1'}
Unconnected arg: 6691:{'A1', 'A2'}
Unconnected arg: 6694:{'A1'}
Unconnected arg: 6698:{'A1'}
Unconnected arg: 6700:{'A1'}
Unconnected arg: 6703:{'A1'}
Unconnected arg: 6710:{'A0'}
Unconnected arg: 6711:{'A0'}
Unconnected arg: 6712:{'A0'}
Unconnected arg: 6725:{'A1'}
Unconnected arg: 6729:{'A1'}
Unconnected arg: 6736:{'A1'}
Unconnected arg: 6737:{'A1', 'A0'}
Unconnected arg: 6738:{'A1'}
Unconnected arg: 6739:{'A0'}
Unconnected arg: 6746:{'A1'}
Unconnected arg: 6751:{'A1'}
Unconnected arg: 6753:{'A0'}
Unconnected arg: 6761:{'A0'}
Unconnected arg: 6765:{'A0'}
Unconnected arg: 6766:{'A0'}
Unconnected arg: 6768:{'A0'}
Unconnected arg: 6770:{'A1'}
Unconnected arg: 6774:{'A1'}
Unconnected arg: 6775:{'A1'}
Unconnected arg: 6779:{'A1'}
Unconnected arg: 6787:{'A1'}
Unconnected arg: 6788:{'A1'}
Unconnected arg: 6795:{'A1', 'A0'}
Unconnected arg: 6796:{'A1', 'A0'}
Unconnected arg: 6798:{'A0'}
Unconnected arg: 6799:{'A1'}
Unconnected arg: 6803:{'A0'}
Unconnected arg: 6804:{'A1'}
Unconnected arg: 6806:{'A0'}
Unconnected arg: 6809:{'A1'}
Unconnected arg: 6819:{'A0'}
Unconnected arg: 6825:{'A0'}
Unconnected arg: 6827:{'A1'}
Unconnected arg: 6830:{'A1'}
Unconnected arg: 6831:{'A1'}
Unconnected arg: 6835:{'A0'}
Unconnected arg: 6836:{'A0'}
Unconnected arg: 6837:{'A0'}
Unconnected arg: 6849:{'A1'}
Unconnected arg: 6854:{'A0'}
Unconnected arg: 6858:{'A0'}
Unconnected arg: 6860:{'A1'}
Unconnected arg: 6862:{'A0'}
Unconnected arg: 6866:{'A0'}
Unconnected arg: 6867:{'A0'}
Unconnected arg: 6868:{'A0'}
Unconnected arg: 6871:{'A0'}
Unconnected arg: 6874:{'A0'}
Unconnected arg: 6877:{'A1'}
Unconnected arg: 6879:{'A0'}
Unconnected arg: 6885:{'A2'}
Unconnected arg: 6891:{'A0'}
Unconnected arg: 6893:{'A0'}
Unconnected arg: 6896:{'A1'}
Unconnected arg: 6900:{'A0'}
Unconnected arg: 6903:{'A1'}
Unconnected arg: 6904:{'A0'}
Unconnected arg: 6905:{'A1'}
Unconnected arg: 6910:{'A1', 'A0'}
Unconnected arg: 6916:{'A0'}
Unconnected arg: 6919:{'A2'}
Unconnected arg: 6920:{'A1'}
Unconnected arg: 6929:{'A1'}
Unconnected arg: 6946:{'A1'}
Unconnected arg: 6948:{'A1'}
Unconnected arg: 6953:{'A1'}
Unconnected arg: 6960:{'A0'}
Unconnected arg: 6977:{'A0'}
Unconnected arg: 6983:{'A3'}
Unconnected arg: 6990:{'A1'}
Unconnected arg: 6994:{'A1'}
Unconnected arg: 6995:{'A1'}
Unconnected arg: 6997:{'A1'}
Unconnected arg: 6998:{'A1', 'A0'}
Unconnected arg: 7001:{'A1'}
Unconnected arg: 7007:{'A1'}
Unconnected arg: 7009:{'A1'}
Unconnected arg: 7020:{'A0'}
Unconnected arg: 7038:{'A1'}
Unconnected arg: 7050:{'A1'}
Unconnected arg: 7055:{'A1'}
Unconnected arg: 7058:{'A2'}
Unconnected arg: 7062:{'A2'}
Unconnected arg: 7070:{'A2'}
Unconnected arg: 7071:{'A1'}
Unconnected arg: 7080:{'A3'}
Unconnected arg: 7081:{'A2'}
Unconnected arg: 7082:{'A1'}
Unconnected arg: 7083:{'A1'}
Unconnected arg: 7094:{'A1'}
Unconnected arg: 7097:{'A2'}
Unconnected arg: 7100:{'A0'}
Unconnected arg: 7107:{'A1'}
Unconnected arg: 7110:{'A2'}
Unconnected arg: 7118:{'A1'}
Unconnected arg: 7126:{'A1'}
Unconnected arg: 7128:{'A1'}
Unconnected arg: 7132:{'A2'}
Unconnected arg: 7140:{'A1'}
Unconnected arg: 7143:{'A1'}
Unconnected arg: 7151:{'A2'}
Unconnected arg: 7152:{'A2'}
Unconnected arg: 7154:{'A1'}
Unconnected arg: 7155:{'A1'}
Unconnected arg: 7160:{'A1'}
Unconnected arg: 7165:{'A0'}
Unconnected arg: 7169:{'A1'}
Unconnected arg: 7172:{'A1'}
Unconnected arg: 7174:{'A1'}
Unconnected arg: 7180:{'A2'}
Unconnected arg: 7192:{'A1'}
Unconnected arg: 7193:{'A2'}
Unconnected arg: 7230:{'A1'}
Unconnected arg: 7231:{'A1'}
Unconnected arg: 7232:{'A1'}
Unconnected arg: 7234:{'A0'}
Unconnected arg: 7237:{'A2'}
Unconnected arg: 7239:{'A1'}
Unconnected arg: 7240:{'A1', 'A0'}
Unconnected arg: 7263:{'A1'}
Unconnected arg: 7264:{'A2'}
Unconnected arg: 7266:{'A1'}
Unconnected arg: 7267:{'A1'}
Unconnected arg: 7284:{'A1'}
Unconnected arg: 7286:{'A1'}
Unconnected arg: 7287:{'A1'}
Unconnected arg: 7290:{'A2'}
Unconnected arg: 7292:{'A1'}
Unconnected arg: 7293:{'A1'}
Unconnected arg: 7305:{'A1'}
Unconnected arg: 7307:{'A1'}
Unconnected arg: 7315:{'A0'}
Unconnected arg: 7335:{'A1'}
Unconnected arg: 7353:{'A2'}
Unconnected arg: 7364:{'A3'}
Unconnected arg: 7384:{'A1'}
Unconnected arg: 7387:{'A1'}
Unconnected arg: 7413:{'A1'}
Unconnected arg: 7420:{'A2'}
Unconnected arg: 7422:{'A1', 'A0'}
Unconnected arg: 7425:{'A0'}
Unconnected arg: 7426:{'A1', 'A0'}
Unconnected arg: 7431:{'A0'}
Unconnected arg: 7432:{'A1'}
Unconnected arg: 7433:{'A1'}
Unconnected arg: 7439:{'A1'}
Unconnected arg: 7441:{'A2'}
Unconnected arg: 7443:{'A1'}
Unconnected arg: 7446:{'A0'}
Unconnected arg: 7451:{'A1'}
Unconnected arg: 7466:{'A1'}
Unconnected arg: 7468:{'A4'}
Unconnected arg: 7469:{'A4'}
Unconnected arg: 7485:{'A1'}
Unconnected arg: 7492:{'A1'}
Unconnected arg: 7496:{'A2'}
Unconnected arg: 7497:{'A1'}
Unconnected arg: 7498:{'A2'}
Unconnected arg: 7502:{'A0'}
Unconnected arg: 7504:{'A2'}
Unconnected arg: 7506:{'A1'}
Unconnected arg: 7514:{'A0'}
Unconnected arg: 7515:{'A0'}
Unconnected arg: 7517:{'A1'}
Unconnected arg: 7529:{'A2'}
Unconnected arg: 7534:{'A2'}
Unconnected arg: 7539:{'A1'}
Unconnected arg: 7541:{'A2'}
Unconnected arg: 7547:{'A1'}
Unconnected arg: 7550:{'A1'}
Unconnected arg: 7561:{'A1'}
Unconnected arg: 7569:{'A0'}
Unconnected arg: 7574:{'A0'}
Unconnected arg: 7575:{'A0'}
Unconnected arg: 7576:{'A0'}
Unconnected arg: 7581:{'A1'}
Unconnected arg: 7584:{'A0'}
Unconnected arg: 7590:{'A0'}
Unconnected arg: 7592:{'A2'}
Unconnected arg: 7596:{'A1'}
Unconnected arg: 7609:{'A1'}
Unconnected arg: 7613:{'A0'}
Unconnected arg: 7631:{'A0'}
Unconnected arg: 7636:{'A1'}
Unconnected arg: 7637:{'A0'}
Unconnected arg: 7647:{'A1'}
Unconnected arg: 7662:{'A0'}
Unconnected arg: 7673:{'A0'}
Unconnected arg: 7676:{'A1'}
Unconnected arg: 7677:{'A1'}
Unconnected arg: 7688:{'A1'}
Unconnected arg: 7689:{'A1'}
Unconnected arg: 7690:{'A1'}
Unconnected arg: 7697:{'A1'}
Unconnected arg: 7699:{'A1'}
Unconnected arg: 7702:{'A1'}
Unconnected arg: 7710:{'A1'}
Unconnected arg: 7714:{'A1'}
Unconnected arg: 7715:{'A1'}
Unconnected arg: 7720:{'A1'}
Unconnected arg: 7735:{'A2'}
Unconnected arg: 7743:{'A1'}
Unconnected arg: 7753:{'A1'}
Unconnected arg: 7755:{'A1'}
Unconnected arg: 7756:{'A0', 'A2'}
Unconnected arg: 7762:{'A1'}
Unconnected arg: 7765:{'A0'}
Unconnected arg: 7769:{'A1'}
Unconnected arg: 7773:{'A1'}
Unconnected arg: 7775:{'A1'}
Unconnected arg: 7779:{'A0'}
Unconnected arg: 7786:{'A0'}
Unconnected arg: 7787:{'A0'}
Unconnected arg: 7790:{'A0'}
Unconnected arg: 7792:{'A0'}
Unconnected arg: 7800:{'A0'}
Unconnected arg: 7804:{'A1'}
Unconnected arg: 7808:{'A0'}
Unconnected arg: 7809:{'A1'}
Unconnected arg: 7812:{'A0', 'A2'}
Unconnected arg: 7815:{'A0'}
Unconnected arg: 7818:{'A0'}
Unconnected arg: 7819:{'A1'}
Unconnected arg: 7821:{'A0'}
Unconnected arg: 7823:{'A2'}
Unconnected arg: 7825:{'A1'}
Unconnected arg: 7828:{'A1'}
Unconnected arg: 7829:{'A2'}
Unconnected arg: 7833:{'A2'}
Unconnected arg: 7834:{'A2'}
Unconnected arg: 7835:{'A2'}
Unconnected arg: 7840:{'A1', 'A3'}
Unconnected arg: 7841:{'A1', 'A2'}
Unconnected arg: 7848:{'A0'}
Unconnected arg: 7853:{'A1'}
Unconnected arg: 7854:{'A3', 'A2'}
Unconnected arg: 7860:{'A1'}
Unconnected arg: 7862:{'A0'}
Unconnected arg: 7868:{'A1'}
Unconnected arg: 7869:{'A0'}
Unconnected arg: 7873:{'A1'}
Unconnected arg: 7875:{'A1'}
Unconnected arg: 7877:{'A1'}
Unconnected arg: 7885:{'A2'}
Unconnected arg: 7886:{'A2'}
Unconnected arg: 7889:{'A4', 'A3'}
Unconnected arg: 7900:{'A1'}
Unconnected arg: 7903:{'A1'}
Unconnected arg: 7905:{'A0'}
Unconnected arg: 7907:{'A1'}
Unconnected arg: 7909:{'A1'}
Unconnected arg: 7924:{'A2'}
Unconnected arg: 7926:{'A2'}
Unconnected arg: 7938:{'A1'}
Unconnected arg: 7939:{'A2'}
Unconnected arg: 7950:{'A0'}
Unconnected arg: 7953:{'A0'}
Unconnected arg: 7962:{'A0'}
Unconnected arg: 7985:{'A0'}
Unconnected arg: 7987:{'A3'}
Unconnected arg: 7988:{'A1', 'A3'}
Unconnected arg: 7990:{'A1'}
Unconnected arg: 7996:{'A1', 'A2'}
Unconnected arg: 7999:{'A1'}
Unconnected arg: 8000:{'A1'}
Unconnected arg: 8007:{'A0'}
Unconnected arg: 8008:{'A0'}
Unconnected arg: 8019:{'A1'}
Unconnected arg: 8020:{'A1'}
Unconnected arg: 8021:{'A1', 'A3'}
Unconnected arg: 8022:{'A1'}
Unconnected arg: 8026:{'A2'}
Unconnected arg: 8027:{'A1'}
Unconnected arg: 8030:{'A0'}
Unconnected arg: 8036:{'A1'}
Unconnected arg: 8039:{'A1'}
Unconnected arg: 8046:{'A2'}
Unconnected arg: 8047:{'A1'}
Unconnected arg: 8050:{'A1'}
Unconnected arg: 8052:{'A1'}
Unconnected arg: 8054:{'A1'}
Unconnected arg: 8063:{'A1'}
Unconnected arg: 8065:{'A1'}
Unconnected arg: 8066:{'A1'}
Unconnected arg: 8069:{'A1'}
Unconnected arg: 8070:{'A1'}
Unconnected arg: 8081:{'A1'}
Unconnected arg: 8082:{'A1', 'A2'}
Unconnected arg: 8083:{'A1'}
Unconnected arg: 8084:{'A1'}
Unconnected arg: 8086:{'A0'}
Unconnected arg: 8101:{'A0'}
Unconnected arg: 8108:{'A1'}
Unconnected arg: 8113:{'A1'}
Unconnected arg: 8116:{'A1'}
Unconnected arg: 8122:{'A1'}
Unconnected arg: 8123:{'A2'}
Unconnected arg: 8127:{'A0'}
Unconnected arg: 8131:{'A0'}
Unconnected arg: 8134:{'A1', 'A2'}
Unconnected arg: 8135:{'A1'}
Unconnected arg: 8136:{'A1'}
Unconnected arg: 8140:{'A2'}
Unconnected arg: 8142:{'A2'}
Unconnected arg: 8156:{'A2'}
Unconnected arg: 8160:{'A1'}
Unconnected arg: 8172:{'A1'}
Unconnected arg: 8174:{'A1', 'A0'}
Unconnected arg: 8180:{'A1'}
Unconnected arg: 8182:{'A1'}
Unconnected arg: 8192:{'A1'}
Unconnected arg: 8203:{'A0'}
Unconnected arg: 8204:{'A1'}
Unconnected arg: 8212:{'A0'}
Unconnected arg: 8236:{'A0'}
Unconnected arg: 8237:{'A0'}
Unconnected arg: 8246:{'A1'}
Unconnected arg: 8251:{'A0'}
Unconnected arg: 8252:{'A1'}
Unconnected arg: 8255:{'A1'}
Unconnected arg: 8260:{'A1', 'A3'}
Unconnected arg: 8261:{'A1'}
Unconnected arg: 8263:{'A1'}
Unconnected arg: 8264:{'A1'}
Unconnected arg: 8273:{'A2'}
Unconnected arg: 8277:{'A1'}
Unconnected arg: 8283:{'A2'}
Unconnected arg: 8288:{'A2'}
Unconnected arg: 8297:{'A1'}
Unconnected arg: 8302:{'A1'}
Unconnected arg: 8306:{'A2'}
Unconnected arg: 8307:{'A0'}
Unconnected arg: 8309:{'A1'}
Unconnected arg: 8313:{'A1'}
Unconnected arg: 8315:{'A1'}
Unconnected arg: 8321:{'A1'}
Unconnected arg: 8333:{'A1'}
Unconnected arg: 8334:{'A2'}
Unconnected arg: 8338:{'A0'}
Unconnected arg: 8339:{'A1'}
Unconnected arg: 8341:{'A1'}
Unconnected arg: 8345:{'A1'}
Unconnected arg: 8347:{'A1'}
Unconnected arg: 8367:{'A1'}
Unconnected arg: 8383:{'A0'}
Unconnected arg: 8385:{'A1', 'A0'}
Unconnected arg: 8391:{'A1'}
Unconnected arg: 8405:{'A0', 'A4'}
Unconnected arg: 8419:{'A1'}
Unconnected arg: 8423:{'A1', 'A0'}
Unconnected arg: 8427:{'A2'}
Unconnected arg: 8428:{'A1'}
Unconnected arg: 8437:{'A3'}
Unconnected arg: 8438:{'A1', 'A0'}
Unconnected arg: 8452:{'A2'}
Unconnected arg: 8459:{'A2'}
Unconnected arg: 8461:{'A2'}
Unconnected arg: 8467:{'A0'}
Unconnected arg: 8469:{'A1'}
Unconnected arg: 8474:{'A1'}
Unconnected arg: 8476:{'A1'}
Unconnected arg: 8486:{'A1'}
Unconnected arg: 8489:{'A1'}
Unconnected arg: 8499:{'A1'}
Unconnected arg: 8501:{'A1'}
Unconnected arg: 8503:{'A1'}
Unconnected arg: 8504:{'A1'}
Unconnected arg: 8516:{'A1'}
Unconnected arg: 8518:{'A1'}
Unconnected arg: 8521:{'A1'}
Unconnected arg: 8527:{'A1'}
Unconnected arg: 8561:{'A1'}
Unconnected arg: 8562:{'A1'}
Unconnected arg: 8568:{'A0'}
Unconnected arg: 8578:{'A0'}
Unconnected arg: 8581:{'A0'}
Unconnected arg: 8584:{'A1'}
Unconnected arg: 8585:{'A1'}
Unconnected arg: 8588:{'A0'}
Unconnected arg: 8591:{'A2'}
Unconnected arg: 8602:{'A1'}
Unconnected arg: 8603:{'A0'}
Unconnected arg: 8605:{'A0'}
Unconnected arg: 8610:{'A0'}
Unconnected arg: 8611:{'A1'}
Unconnected arg: 8614:{'A1'}
Unconnected arg: 8618:{'A0'}
Unconnected arg: 8619:{'A0'}
Unconnected arg: 8621:{'A1'}
Unconnected arg: 8633:{'A1'}
Unconnected arg: 8634:{'A2'}
Unconnected arg: 8636:{'A0'}
Unconnected arg: 8643:{'A1'}
Unconnected arg: 8645:{'A0'}
Unconnected arg: 8653:{'A0'}
Unconnected arg: 8654:{'A1', 'A0'}
Unconnected arg: 8662:{'A1'}
Unconnected arg: 8667:{'A1'}
Unconnected arg: 8672:{'A2'}
Unconnected arg: 8674:{'A1'}
Unconnected arg: 8695:{'A1'}
Unconnected arg: 8706:{'A1'}
Unconnected arg: 8707:{'A1'}
Unconnected arg: 8709:{'A1'}
Unconnected arg: 8711:{'A0'}
Unconnected arg: 8715:{'A0'}
Unconnected arg: 8723:{'A0'}
Unconnected arg: 8735:{'A0'}
Unconnected arg: 8739:{'A0'}
Unconnected arg: 8740:{'A2'}
Unconnected arg: 8742:{'A1'}
Unconnected arg: 8754:{'A1'}
Unconnected arg: 8759:{'A1'}
Unconnected arg: 8767:{'A1', 'A2'}
Unconnected arg: 8768:{'A1', 'A2'}
Unconnected arg: 8770:{'A3'}
Unconnected arg: 8771:{'A3'}
Unconnected arg: 8776:{'A1'}
Unconnected arg: 8781:{'A1'}
Unconnected arg: 8791:{'A1'}
Unconnected arg: 8793:{'A1'}
Unconnected arg: 8804:{'A2'}
Unconnected arg: 8806:{'A0'}
Unconnected arg: 8815:{'A1'}
Unconnected arg: 8839:{'A0'}
Unconnected arg: 8843:{'A2'}
Unconnected arg: 8846:{'A1'}
Unconnected arg: 8857:{'A1'}
Unconnected arg: 8859:{'A1'}
Unconnected arg: 8871:{'A1'}
Unconnected arg: 8873:{'A2'}
Unconnected arg: 8876:{'A0'}
Unconnected arg: 8881:{'A1'}
Unconnected arg: 8883:{'A1'}
Unconnected arg: 8900:{'A1'}
Unconnected arg: 8901:{'A0'}
Unconnected arg: 8902:{'A2'}
Unconnected arg: 8903:{'A3'}
Unconnected arg: 8904:{'A1'}
Unconnected arg: 8906:{'A1'}
Unconnected arg: 8909:{'A1'}
Unconnected arg: 8911:{'A0'}
Unconnected arg: 8916:{'A1'}
Unconnected arg: 8917:{'A1', 'A2'}
Unconnected arg: 8921:{'A1'}
Unconnected arg: 8928:{'A1'}
Unconnected arg: 8929:{'A1'}
Unconnected arg: 8930:{'A1'}
Unconnected arg: 8931:{'A1'}
Unconnected arg: 8939:{'A1'}
Unconnected arg: 8947:{'A0'}
Unconnected arg: 8950:{'A1'}
Unconnected arg: 8951:{'A1'}
Unconnected arg: 8959:{'A1'}
Unconnected arg: 8960:{'A1'}
Unconnected arg: 8968:{'A1'}
Unconnected arg: 8976:{'A1'}
Unconnected arg: 8983:{'A0'}
Unconnected arg: 8990:{'A2'}
Unconnected arg: 8995:{'A1', 'A2'}
Unconnected arg: 8996:{'A1'}
Unconnected arg: 8997:{'A1'}
Unconnected arg: 8998:{'A1'}
Unconnected arg: 9004:{'A1'}
Unconnected arg: 9014:{'A1'}
Unconnected arg: 9018:{'A1'}
Unconnected arg: 9026:{'A1'}
Unconnected arg: 9027:{'A2'}
Unconnected arg: 9028:{'A1'}
Unconnected arg: 9036:{'A1'}
Unconnected arg: 9052:{'A0', 'A2'}
Unconnected arg: 9054:{'A1'}
Unconnected arg: 9062:{'A1'}
Unconnected arg: 9067:{'A0'}
Unconnected arg: 9068:{'A1'}
Unconnected arg: 9084:{'A0'}
Unconnected arg: 9085:{'A1'}
Unconnected arg: 9087:{'A0'}
Unconnected arg: 9094:{'A1', 'A2'}
Unconnected arg: 9095:{'A0'}
Unconnected arg: 9096:{'A0'}
Unconnected arg: 9116:{'A1'}
Unconnected arg: 9118:{'A2'}
Unconnected arg: 9121:{'A1'}
Unconnected arg: 9125:{'A1'}
Unconnected arg: 9127:{'A1'}
Unconnected arg: 9128:{'A1', 'A2'}
Unconnected arg: 9129:{'A1'}
Unconnected arg: 9130:{'A0'}
Unconnected arg: 9134:{'A1'}
Unconnected arg: 9135:{'A1'}
Unconnected arg: 9136:{'A0'}
Unconnected arg: 9139:{'A1'}
Unconnected arg: 9156:{'A2'}
Unconnected arg: 9160:{'A1'}
Unconnected arg: 9177:{'A1'}
Unconnected arg: 9178:{'A0'}
Unconnected arg: 9179:{'A0'}
Unconnected arg: 9183:{'A1'}
Unconnected arg: 9188:{'A1'}
Unconnected arg: 9191:{'A0'}
Unconnected arg: 9202:{'A1'}
Unconnected arg: 9203:{'A0'}
Unconnected arg: 9207:{'A0'}
Unconnected arg: 9209:{'A0'}
Unconnected arg: 9211:{'A3'}
Unconnected arg: 9223:{'A1'}
Unconnected arg: 9226:{'A1'}
Unconnected arg: 9239:{'A1'}
Unconnected arg: 9242:{'A0'}
Unconnected arg: 9243:{'A1'}
Unconnected arg: 9251:{'A1'}
Unconnected arg: 9260:{'A1'}
Unconnected arg: 9267:{'A1'}
Unconnected arg: 9268:{'A2'}
Unconnected arg: 9269:{'A0'}
Unconnected arg: 9270:{'A0'}
Unconnected arg: 9274:{'A1', 'A0'}
Unconnected arg: 9276:{'A1'}
Unconnected arg: 9279:{'A2'}
Unconnected arg: 9302:{'A1'}
Unconnected arg: 9308:{'A1'}
Unconnected arg: 9309:{'A1'}
Unconnected arg: 9310:{'A1'}
Unconnected arg: 9311:{'A1'}
Unconnected arg: 9312:{'A1'}
Unconnected arg: 9327:{'A1'}
Unconnected arg: 9343:{'A1'}
Unconnected arg: 9354:{'A1'}
Unconnected arg: 9375:{'A0'}
Unconnected arg: 9377:{'A2'}
Unconnected arg: 9394:{'A0'}
Unconnected arg: 9400:{'A1'}
Unconnected arg: 9426:{'A0'}
Unconnected arg: 9428:{'A1'}
Unconnected arg: 9429:{'A0'}
Unconnected arg: 9431:{'A1', 'A0'}
Unconnected arg: 9434:{'A1'}
Unconnected arg: 9435:{'A1'}
Unconnected arg: 9437:{'A1'}
Unconnected arg: 9438:{'A1'}
Unconnected arg: 9444:{'A0'}
Unconnected arg: 9450:{'A1'}
Unconnected arg: 9451:{'A2'}
Unconnected arg: 9452:{'A1'}
Unconnected arg: 9454:{'A1'}
Unconnected arg: 9456:{'A1'}
Unconnected arg: 9457:{'A1'}
Unconnected arg: 9460:{'A1'}
Unconnected arg: 9465:{'A0'}
Unconnected arg: 9466:{'A1'}
Unconnected arg: 9468:{'A1'}
Unconnected arg: 9471:{'A0'}
Unconnected arg: 9473:{'A1'}
Unconnected arg: 9477:{'A0'}
Unconnected arg: 9478:{'A1'}
Unconnected arg: 9481:{'A1'}
Unconnected arg: 9482:{'A1'}
Unconnected arg: 9485:{'A0'}
Unconnected arg: 9490:{'A0'}
Unconnected arg: 9494:{'A1'}
Unconnected arg: 9503:{'A1'}
Unconnected arg: 9505:{'A0'}
Unconnected arg: 9507:{'A1'}
Unconnected arg: 9511:{'A2'}
Unconnected arg: 9512:{'A2'}
Unconnected arg: 9516:{'A0'}
Unconnected arg: 9520:{'A1'}
Unconnected arg: 9531:{'A1'}
Unconnected arg: 9537:{'A2'}
Unconnected arg: 9540:{'A1'}
Unconnected arg: 9542:{'A0'}
Unconnected arg: 9550:{'A1'}
Unconnected arg: 9553:{'A2'}
Unconnected arg: 9554:{'A1'}
Unconnected arg: 9568:{'A2'}
Unconnected arg: 9569:{'A0', 'A2'}
Unconnected arg: 9570:{'A2'}
Unconnected arg: 9576:{'A1'}
Unconnected arg: 9582:{'A1'}
Unconnected arg: 9591:{'A0'}
Unconnected arg: 9598:{'A1'}
Unconnected arg: 9606:{'A2'}
Unconnected arg: 9607:{'A1'}
Unconnected arg: 9608:{'A1'}
Unconnected arg: 9610:{'A0'}
Unconnected arg: 9612:{'A1'}
Unconnected arg: 9623:{'A0'}
Unconnected arg: 9630:{'A0'}
Unconnected arg: 9650:{'A3'}
Unconnected arg: 9653:{'A1'}
Unconnected arg: 9654:{'A2'}
Unconnected arg: 9657:{'A1'}
Unconnected arg: 9667:{'A0'}
Unconnected arg: 9670:{'A0'}
Unconnected arg: 9674:{'A1'}
Unconnected arg: 9677:{'A1'}
Unconnected arg: 9678:{'A1'}
Unconnected arg: 9685:{'A0'}
Unconnected arg: 9687:{'A0'}
Unconnected arg: 9693:{'A1'}
Unconnected arg: 9697:{'A1'}
Unconnected arg: 9700:{'A2'}
Unconnected arg: 9702:{'A1'}
Unconnected arg: 9707:{'A1'}
Unconnected arg: 9708:{'A2'}
Unconnected arg: 9713:{'A1'}
Unconnected arg: 9714:{'A2'}
Unconnected arg: 9716:{'A3'}
Unconnected arg: 9718:{'A1'}
Unconnected arg: 9721:{'A2'}
Unconnected arg: 9733:{'A1'}
Unconnected arg: 9738:{'A1'}
Unconnected arg: 9739:{'A1'}
Unconnected arg: 9747:{'A1'}
Unconnected arg: 9749:{'A1'}
Unconnected arg: 9750:{'A0'}
Unconnected arg: 9757:{'A1'}
Unconnected arg: 9765:{'A1'}
Unconnected arg: 9766:{'A1'}
Unconnected arg: 9767:{'A1'}
Unconnected arg: 9782:{'A1'}
Unconnected arg: 9788:{'A1'}
Unconnected arg: 9792:{'A1'}
Unconnected arg: 9793:{'A1'}
Unconnected arg: 9794:{'A1'}
Unconnected arg: 9798:{'A1'}
Unconnected arg: 9805:{'A1'}
Unconnected arg: 9809:{'A1', 'A0'}
Unconnected arg: 9811:{'A1', 'A0'}
Unconnected arg: 9812:{'A1'}
Unconnected arg: 9814:{'A0'}
Unconnected arg: 9816:{'A2'}
Unconnected arg: 9827:{'A2'}
Unconnected arg: 9831:{'A1'}
Unconnected arg: 9832:{'A0'}
Unconnected arg: 9834:{'A1'}
Unconnected arg: 9836:{'A1'}
Unconnected arg: 9852:{'A0'}
Unconnected arg: 9853:{'A1'}
Unconnected arg: 9857:{'A1'}
Unconnected arg: 9860:{'A2'}
Unconnected arg: 9863:{'A0'}
Unconnected arg: 9864:{'A0'}
Unconnected arg: 9870:{'A1'}
Unconnected arg: 9871:{'A1', 'A2'}
Unconnected arg: 9876:{'A0'}
Unconnected arg: 9885:{'A1'}
Unconnected arg: 9901:{'A1'}
Unconnected arg: 9904:{'A1'}
Unconnected arg: 9907:{'A1'}
Unconnected arg: 9908:{'A1'}
Unconnected arg: 9909:{'A1'}
Unconnected arg: 9915:{'A1', 'A2'}
Unconnected arg: 9921:{'A2'}
Unconnected arg: 9932:{'A1'}
Unconnected arg: 9940:{'A0'}
Unconnected arg: 9949:{'A1'}
Unconnected arg: 9954:{'A1'}
Unconnected arg: 9955:{'A1'}
Unconnected arg: 9956:{'A2'}
Unconnected arg: 9968:{'A1'}
Unconnected arg: 9969:{'A0'}
Unconnected arg: 9975:{'A1'}
Unconnected arg: 9978:{'A2'}
Unconnected arg: 9981:{'A1'}
Unconnected arg: 9990:{'A1'}
Unconnected arg: 9995:{'A0'}
Unconnected arg: 9996:{'A0'}
Unconnected arg: 9997:{'A1'}
Unconnected arg: 9998:{'A1'}
Unconnected arg: 10003:{'A0'}
Unconnected arg: 10005:{'A1'}
Unconnected arg: 10006:{'A1'}
Unconnected arg: 10007:{'A1'}
Unconnected arg: 10008:{'A1'}
Unconnected arg: 10009:{'A1'}
Unconnected arg: 10010:{'A1'}
Unconnected arg: 10024:{'A0'}
Unconnected arg: 10026:{'A1'}
Unconnected arg: 10036:{'A1'}
Unconnected arg: 10041:{'A2'}
Unconnected arg: 10045:{'A1'}
Unconnected arg: 10055:{'A0'}
Unconnected arg: 10057:{'A1'}
Unconnected arg: 10063:{'A1'}
Unconnected arg: 10084:{'A1'}
Unconnected arg: 10088:{'A2'}
Unconnected arg: 10090:{'A1'}
Unconnected arg: 10099:{'A1'}
Unconnected arg: 10105:{'A1'}
Unconnected arg: 10108:{'A1'}
Unconnected arg: 10111:{'A1'}
Unconnected arg: 10119:{'A1'}
Unconnected arg: 10120:{'A1'}
Unconnected arg: 10127:{'A2'}
Unconnected arg: 10131:{'A1'}
Unconnected arg: 10137:{'A1'}
Unconnected arg: 10141:{'A0'}
Unconnected arg: 10142:{'A1'}
Unconnected arg: 10149:{'A0'}
Unconnected arg: 10152:{'A2'}
Unconnected arg: 10153:{'A2'}
Unconnected arg: 10155:{'A1'}
Unconnected arg: 10165:{'A1'}
Unconnected arg: 10170:{'A1'}
Unconnected arg: 10181:{'A1'}
Unconnected arg: 10183:{'A1'}
Unconnected arg: 10186:{'A2'}
Unconnected arg: 10187:{'A1'}
Unconnected arg: 10190:{'A1'}
Unconnected arg: 10191:{'A1'}
Unconnected arg: 10193:{'A1'}
Unconnected arg: 10197:{'A0'}
Unconnected arg: 10203:{'A1', 'A0'}
Unconnected arg: 10204:{'A1'}
Unconnected arg: 10205:{'A1'}
Unconnected arg: 10210:{'A1'}
Unconnected arg: 10211:{'A1'}
Unconnected arg: 10212:{'A1'}
Unconnected arg: 10213:{'A0'}
Unconnected arg: 10214:{'A1'}
Unconnected arg: 10215:{'A1'}
Unconnected arg: 10219:{'A1'}
Unconnected arg: 10221:{'A1'}
Unconnected arg: 10230:{'A1'}
Unconnected arg: 10231:{'A0'}
Unconnected arg: 10235:{'A1'}
Unconnected arg: 10237:{'A1'}
Unconnected arg: 10243:{'A2'}
Unconnected arg: 10255:{'A1'}
Unconnected arg: 10257:{'A1'}
Unconnected arg: 10284:{'A0'}
Unconnected arg: 10301:{'A0'}
Unconnected arg: 10306:{'A1'}
Unconnected arg: 10309:{'A1'}
Unconnected arg: 10310:{'A1'}
Unconnected arg: 10314:{'A0'}
Unconnected arg: 10315:{'A2'}
Unconnected arg: 10320:{'A1'}
Unconnected arg: 10322:{'A1'}
Unconnected arg: 10323:{'A1'}
Unconnected arg: 10331:{'A1'}
Unconnected arg: 10332:{'A1'}
Unconnected arg: 10345:{'A2'}
Unconnected arg: 10358:{'A3'}
Unconnected arg: 10365:{'A2'}
Unconnected arg: 10366:{'A1'}
Unconnected arg: 10369:{'A1'}
Unconnected arg: 10370:{'A1'}
Unconnected arg: 10372:{'A1'}
Unconnected arg: 10380:{'A1'}
Unconnected arg: 10394:{'A0'}
Unconnected arg: 10396:{'A0'}
Unconnected arg: 10398:{'A1'}
Unconnected arg: 10400:{'A1'}
Unconnected arg: 10408:{'A3'}
Unconnected arg: 10413:{'A1'}
Unconnected arg: 10414:{'A1'}
Unconnected arg: 10415:{'A1'}
Unconnected arg: 10417:{'A1'}
Unconnected arg: 10428:{'A0'}
Unconnected arg: 10438:{'A2'}
Unconnected arg: 10446:{'A1'}
Unconnected arg: 10453:{'A1'}
Unconnected arg: 10454:{'A1', 'A2'}
Unconnected arg: 10455:{'A1'}
Unconnected arg: 10460:{'A1'}
Unconnected arg: 10464:{'A2'}
Unconnected arg: 10468:{'A2'}
Unconnected arg: 10478:{'A1'}
Unconnected arg: 10479:{'A1'}
Unconnected arg: 10482:{'A1'}
Unconnected arg: 10483:{'A1'}
Unconnected arg: 10487:{'A1'}
Unconnected arg: 10493:{'A1'}
Unconnected arg: 10505:{'A3'}
Unconnected arg: 10519:{'A1'}
Unconnected arg: 10529:{'A0'}
Unconnected arg: 10535:{'A2'}
Unconnected arg: 10540:{'A0'}
Unconnected arg: 10541:{'A2'}
Unconnected arg: 10542:{'A0'}
Unconnected arg: 10545:{'A1'}
Unconnected arg: 10549:{'A2'}
Unconnected arg: 10550:{'A1'}
Unconnected arg: 10565:{'A1'}
Unconnected arg: 10568:{'A1'}
Unconnected arg: 10569:{'A1'}
Unconnected arg: 10572:{'A0'}
Unconnected arg: 10573:{'A0'}
Unconnected arg: 10579:{'A1'}
Unconnected arg: 10580:{'A1'}
Unconnected arg: 10590:{'A0'}
Unconnected arg: 10600:{'A2'}
Unconnected arg: 10611:{'A3'}
Unconnected arg: 10613:{'A1'}
Unconnected arg: 10614:{'A1'}
Unconnected arg: 10620:{'A1'}
Unconnected arg: 10622:{'A1'}
Unconnected arg: 10625:{'A0'}
Unconnected arg: 10627:{'A1'}
Unconnected arg: 10630:{'A1'}
Unconnected arg: 10631:{'A1'}
Unconnected arg: 10638:{'A0'}
Unconnected arg: 10643:{'A2'}
Unconnected arg: 10655:{'A1'}
Unconnected arg: 10656:{'A1'}
Unconnected arg: 10657:{'A1'}
Unconnected arg: 10658:{'A0', 'A2'}
Unconnected arg: 10660:{'A0', 'A2'}
Unconnected arg: 10662:{'A0'}
Unconnected arg: 10666:{'A1'}
Unconnected arg: 10667:{'A0'}
Unconnected arg: 10673:{'A0'}
Unconnected arg: 10674:{'A1'}
Unconnected arg: 10690:{'A1'}
Unconnected arg: 10693:{'A1'}
Unconnected arg: 10694:{'A1'}
Unconnected arg: 10696:{'A1'}
Unconnected arg: 10697:{'A0'}
Unconnected arg: 10705:{'A1'}
Unconnected arg: 10706:{'A1'}
Unconnected arg: 10710:{'A0'}
Unconnected arg: 10715:{'A1', 'A2'}
Unconnected arg: 10716:{'A1', 'A2'}
Unconnected arg: 10718:{'A1'}
Unconnected arg: 10727:{'A1'}
Unconnected arg: 10729:{'A1'}
Unconnected arg: 10730:{'A0'}
Unconnected arg: 10736:{'A1'}
Unconnected arg: 10739:{'A1'}
Unconnected arg: 10749:{'A1', 'A2'}
Unconnected arg: 10751:{'A0'}
Unconnected arg: 10758:{'A1'}
Unconnected arg: 10760:{'A2'}
Unconnected arg: 10769:{'A0'}
Unconnected arg: 10770:{'A1'}
Unconnected arg: 10775:{'A0'}
Unconnected arg: 10779:{'A1'}
Unconnected arg: 10798:{'A1'}
Unconnected arg: 10806:{'A1'}
Unconnected arg: 10817:{'A1'}
Unconnected arg: 10818:{'A1'}
Unconnected arg: 10838:{'A1'}
Unconnected arg: 10849:{'A2'}
Unconnected arg: 10850:{'A1'}
Unconnected arg: 10863:{'A0'}
Unconnected arg: 10866:{'A2'}
Unconnected arg: 10870:{'A1'}
Unconnected arg: 10872:{'A3'}
Unconnected arg: 10876:{'A1'}
Unconnected arg: 10879:{'A0'}
Unconnected arg: 10884:{'A3'}
Unconnected arg: 10889:{'A1'}
Unconnected arg: 10891:{'A1'}
Unconnected arg: 10904:{'A0'}
Unconnected arg: 10916:{'A0'}
Unconnected arg: 10919:{'A1'}
Unconnected arg: 10920:{'A1'}
Unconnected arg: 10921:{'A1'}
Unconnected arg: 10924:{'A1'}
Unconnected arg: 10930:{'A2'}
Unconnected arg: 10931:{'A1'}
Unconnected arg: 10932:{'A0', 'A3'}
Unconnected arg: 10933:{'A0', 'A3'}
Unconnected arg: 10938:{'A0'}
Unconnected arg: 10939:{'A1'}
Unconnected arg: 10943:{'A0'}
Unconnected arg: 10952:{'A1'}
Unconnected arg: 10956:{'A1'}
Unconnected arg: 10960:{'A1'}
Unconnected arg: 10967:{'A0'}
Unconnected arg: 10980:{'A1'}
Unconnected arg: 10983:{'A1'}
Unconnected arg: 11001:{'A1'}
Unconnected arg: 11004:{'A1'}
Unconnected arg: 11018:{'A1', 'A0', 'A2'}
Unconnected arg: 11019:{'A1', 'A0', 'A2'}
Unconnected arg: 11020:{'A1'}
Unconnected arg: 11026:{'A1'}
Unconnected arg: 11038:{'A1', 'A0'}
Unconnected arg: 11046:{'A1'}
Unconnected arg: 11047:{'A1'}
Unconnected arg: 11048:{'A1'}
Unconnected arg: 11050:{'A1'}
Unconnected arg: 11057:{'A2'}
Unconnected arg: 11059:{'A0'}
Unconnected arg: 11067:{'A1'}
Unconnected arg: 11070:{'A1'}
Unconnected arg: 11078:{'A1'}
Unconnected arg: 11081:{'A0'}
Unconnected arg: 11082:{'A0'}
Unconnected arg: 11089:{'A1'}
Unconnected arg: 11098:{'A1'}
Unconnected arg: 11110:{'A0'}
Unconnected arg: 11116:{'A1'}
Unconnected arg: 11117:{'A2'}
Unconnected arg: 11119:{'A1'}
Unconnected arg: 11129:{'A2'}
Unconnected arg: 11137:{'A0'}
Unconnected arg: 11138:{'A1'}
Unconnected arg: 11140:{'A0'}
Unconnected arg: 11146:{'A1'}
Unconnected arg: 11152:{'A1'}
Unconnected arg: 11153:{'A1'}
Unconnected arg: 11155:{'A1'}
Unconnected arg: 11157:{'A2'}
Unconnected arg: 11162:{'A1'}
Unconnected arg: 11171:{'A1'}
Unconnected arg: 11177:{'A1'}
Unconnected arg: 11178:{'A1'}
Unconnected arg: 11188:{'A0'}
Unconnected arg: 11200:{'A1', 'A2'}
Unconnected arg: 11202:{'A2'}
Unconnected arg: 11203:{'A2'}
Unconnected arg: 11217:{'A1'}
Unconnected arg: 11218:{'A3', 'A2'}
Unconnected arg: 11221:{'A1'}
Unconnected arg: 11236:{'A0'}
Unconnected arg: 11248:{'A1'}
Unconnected arg: 11251:{'A2'}
Unconnected arg: 11254:{'A1'}
Unconnected arg: 11260:{'A1'}
Unconnected arg: 11264:{'A1'}
Unconnected arg: 11267:{'A1'}
Unconnected arg: 11268:{'A1'}
Unconnected arg: 11273:{'A1'}
Unconnected arg: 11275:{'A1'}
Unconnected arg: 11286:{'A1'}
Unconnected arg: 11290:{'A1'}
Unconnected arg: 11294:{'A1'}
Unconnected arg: 11295:{'A1'}
Unconnected arg: 11296:{'A0'}
Unconnected arg: 11297:{'A1'}
Unconnected arg: 11302:{'A1'}
Unconnected arg: 11304:{'A1'}
Unconnected arg: 11306:{'A1'}
Unconnected arg: 11307:{'A0'}
Unconnected arg: 11311:{'A1'}
Unconnected arg: 11312:{'A0'}
Unconnected arg: 11313:{'A0'}
Unconnected arg: 11316:{'A1'}
Unconnected arg: 11321:{'A0'}
Unconnected arg: 11322:{'A0'}
Unconnected arg: 11330:{'A2'}
Unconnected arg: 11341:{'A1'}
Unconnected arg: 11346:{'A1'}
Unconnected arg: 11347:{'A0'}
Unconnected arg: 11348:{'A1', 'A0'}
Unconnected arg: 11352:{'A1'}
Unconnected arg: 11355:{'A1', 'A0'}
Unconnected arg: 11357:{'A1', 'A0'}
Unconnected arg: 11374:{'A1'}
Unconnected arg: 11378:{'A2'}
Unconnected arg: 11386:{'A1'}
Unconnected arg: 11399:{'A1'}
Unconnected arg: 11400:{'A1'}
Unconnected arg: 11407:{'A1'}
Unconnected arg: 11413:{'A1'}
Unconnected arg: 11418:{'A1'}
Unconnected arg: 11419:{'A1'}
Unconnected arg: 11420:{'A1'}
Unconnected arg: 11423:{'A3'}
Unconnected arg: 11425:{'A1'}
Unconnected arg: 11428:{'A0'}
Unconnected arg: 11430:{'A1'}
Unconnected arg: 11433:{'A1'}
Unconnected arg: 11445:{'A1'}
Unconnected arg: 11447:{'A2'}
Unconnected arg: 11454:{'A2'}
Unconnected arg: 11455:{'A0'}
Unconnected arg: 11463:{'A1'}
Unconnected arg: 11464:{'A1'}
Unconnected arg: 11467:{'A1'}
Unconnected arg: 11476:{'A1', 'A2'}
Unconnected arg: 11478:{'A1', 'A0'}
Unconnected arg: 11479:{'A1', 'A0'}
Unconnected arg: 11481:{'A0'}
Unconnected arg: 11482:{'A2'}
Unconnected arg: 11499:{'A1'}
Unconnected arg: 11505:{'A1'}
Unconnected arg: 11511:{'A3', 'A2'}
Unconnected arg: 11513:{'A1'}
Unconnected arg: 11521:{'A0'}
Unconnected arg: 11525:{'A1'}
Unconnected arg: 11527:{'A2'}
Unconnected arg: 11528:{'A1'}
Unconnected arg: 11535:{'A1'}
Unconnected arg: 11536:{'A1'}
Unconnected arg: 11537:{'A3'}
Unconnected arg: 11546:{'A2'}
Unconnected arg: 11548:{'A1'}
Unconnected arg: 11560:{'A2'}
Unconnected arg: 11563:{'A0'}
Unconnected arg: 11573:{'A2'}
Unconnected arg: 11578:{'A0', 'A2'}
Unconnected arg: 11590:{'A1'}
Unconnected arg: 11601:{'A1'}
Unconnected arg: 11602:{'A4'}
Unconnected arg: 11612:{'A1'}
Unconnected arg: 11622:{'A1'}
Unconnected arg: 11626:{'A2'}
Unconnected arg: 11631:{'A1'}
Unconnected arg: 11633:{'A1'}
Unconnected arg: 11634:{'A1'}
Unconnected arg: 11638:{'A1'}
Unconnected arg: 11644:{'A2'}
Unconnected arg: 11649:{'A2'}
Unconnected arg: 11663:{'A1'}
Unconnected arg: 11673:{'A1'}
Unconnected arg: 11676:{'A1'}
Unconnected arg: 11680:{'A1', 'A2'}
Unconnected arg: 11693:{'A1'}
Unconnected arg: 11695:{'A2'}
Unconnected arg: 11701:{'A1'}
Unconnected arg: 11702:{'A1'}
Unconnected arg: 11705:{'A0'}
Unconnected arg: 11709:{'A1'}
Unconnected arg: 11710:{'A2'}
Unconnected arg: 11711:{'A1', 'A2'}
Unconnected arg: 11719:{'A1'}
Unconnected arg: 11722:{'A1'}
Unconnected arg: 11725:{'A1'}
Unconnected arg: 11728:{'A1'}
Unconnected arg: 11734:{'A1'}
Unconnected arg: 11736:{'A1'}
Unconnected arg: 11741:{'A0'}
Unconnected arg: 11747:{'A0'}
Unconnected arg: 11751:{'A1'}
Unconnected arg: 11757:{'A1'}
Unconnected arg: 11761:{'A1'}
Unconnected arg: 11770:{'A0'}
Unconnected arg: 11774:{'A0'}
Unconnected arg: 11783:{'A1'}
Unconnected arg: 11792:{'A0'}
Unconnected arg: 11794:{'A1'}
Unconnected arg: 11795:{'A1', 'A0'}
Unconnected arg: 11798:{'A1'}
Unconnected arg: 11817:{'A1'}
Unconnected arg: 11819:{'A2'}
Unconnected arg: 11828:{'A1'}
Unconnected arg: 11835:{'A0'}
Unconnected arg: 11836:{'A0'}
Unconnected arg: 11838:{'A1'}
Unconnected arg: 11839:{'A1'}
Unconnected arg: 11843:{'A0'}
Unconnected arg: 11845:{'A1'}
Unconnected arg: 11848:{'A1'}
Unconnected arg: 11849:{'A1'}
Unconnected arg: 11851:{'A1'}
Unconnected arg: 11855:{'A1'}
Unconnected arg: 11857:{'A1'}
Unconnected arg: 11861:{'A0'}
Unconnected arg: 11863:{'A0'}
Unconnected arg: 11870:{'A0'}
Unconnected arg: 11879:{'A0'}
Unconnected arg: 11883:{'A1'}
Unconnected arg: 11886:{'A1', 'A0'}
Unconnected arg: 11887:{'A0'}
Unconnected arg: 11888:{'A1', 'A0'}
Unconnected arg: 11891:{'A1'}
Unconnected arg: 11893:{'A0'}
Unconnected arg: 11894:{'A1'}
Unconnected arg: 11900:{'A1'}
Unconnected arg: 11901:{'A2'}
Unconnected arg: 11908:{'A0'}
Unconnected arg: 11909:{'A0'}
Unconnected arg: 11923:{'A2'}
Unconnected arg: 11924:{'A0'}
Unconnected arg: 11934:{'A1'}
Unconnected arg: 11947:{'A1'}
Unconnected arg: 11948:{'A1'}
Unconnected arg: 11959:{'A1'}
Unconnected arg: 11973:{'A1'}
Unconnected arg: 11976:{'A1'}
Unconnected arg: 11987:{'A1'}
Unconnected arg: 11992:{'A1'}
Unconnected arg: 11993:{'A1'}
Unconnected arg: 11999:{'A1'}
Unconnected arg: 12007:{'A0'}
Unconnected arg: 12009:{'A1'}
Unconnected arg: 12022:{'A1'}
Unconnected arg: 12033:{'A1'}
Unconnected arg: 12051:{'A0'}
Unconnected arg: 12057:{'A0'}
Unconnected arg: 12059:{'A1'}
Unconnected arg: 12060:{'A1'}
Unconnected arg: 12065:{'A2'}
Unconnected arg: 12080:{'A1'}
Unconnected arg: 12081:{'A0'}
Unconnected arg: 12088:{'A1'}
Unconnected arg: 12090:{'A0'}
Unconnected arg: 12107:{'A2'}
Unconnected arg: 12127:{'A0'}
Unconnected arg: 12128:{'A1'}
Unconnected arg: 12133:{'A1'}
Unconnected arg: 12140:{'A1'}
Unconnected arg: 12141:{'A1'}
Unconnected arg: 12158:{'A1'}
Unconnected arg: 12159:{'A1'}
Unconnected arg: 12162:{'A1'}
Unconnected arg: 12163:{'A1'}
Unconnected arg: 12164:{'A1'}
Unconnected arg: 12165:{'A1'}
Unconnected arg: 12180:{'A1'}
Unconnected arg: 12181:{'A1'}
Unconnected arg: 12184:{'A1'}
Unconnected arg: 12196:{'A1'}
Unconnected arg: 12197:{'A2'}
Unconnected arg: 12199:{'A0'}
Unconnected arg: 12213:{'A1'}
Unconnected arg: 12220:{'A2'}
Unconnected arg: 12233:{'A1'}
Unconnected arg: 12238:{'A1'}
Unconnected arg: 12242:{'A1', 'A2'}
Unconnected arg: 12256:{'A2'}
Unconnected arg: 12265:{'A1'}
Unconnected arg: 12267:{'A2'}
Unconnected arg: 12269:{'A1', 'A2'}
Unconnected arg: 12272:{'A1'}
Unconnected arg: 12274:{'A1'}
Unconnected arg: 12276:{'A1'}
Unconnected arg: 12284:{'A2'}
Unconnected arg: 12288:{'A1'}
Unconnected arg: 12291:{'A2'}
Unconnected arg: 12299:{'A1'}
Unconnected arg: 12304:{'A1'}
Unconnected arg: 12308:{'A2'}
Unconnected arg: 12313:{'A1'}
Unconnected arg: 12314:{'A1'}
Unconnected arg: 12323:{'A3'}
Unconnected arg: 12324:{'A2'}
Unconnected arg: 12331:{'A1'}
Unconnected arg: 12332:{'A0'}
Unconnected arg: 12351:{'A2'}
Unconnected arg: 12352:{'A1'}
Unconnected arg: 12354:{'A1', 'A2'}
Unconnected arg: 12355:{'A1'}
Unconnected arg: 12356:{'A1'}
Unconnected arg: 12357:{'A1'}
Unconnected arg: 12360:{'A0'}
Unconnected arg: 12361:{'A1'}
Unconnected arg: 12372:{'A1'}
Unconnected arg: 12386:{'A1'}
Unconnected arg: 12405:{'A1'}
Unconnected arg: 12407:{'A1'}
Unconnected arg: 12411:{'A1'}
Unconnected arg: 12412:{'A1'}
Unconnected arg: 12419:{'A1'}
Unconnected arg: 12422:{'A1'}
Unconnected arg: 12425:{'A1'}
Unconnected arg: 12435:{'A1'}
Unconnected arg: 12469:{'A1'}
Unconnected arg: 12473:{'A1'}
Unconnected arg: 12475:{'A1'}
Unconnected arg: 12476:{'A1'}
Unconnected arg: 12477:{'A1'}
Unconnected arg: 12479:{'A1'}
Unconnected arg: 12480:{'A1'}
Unconnected arg: 12482:{'A0'}
Unconnected arg: 12495:{'A1'}
Unconnected arg: 12507:{'A1'}
Unconnected arg: 12508:{'A0'}
Unconnected arg: 12514:{'A3'}
Unconnected arg: 12523:{'A2'}
Unconnected arg: 12524:{'A1'}
Unconnected arg: 12531:{'A1'}
Unconnected arg: 12540:{'A1'}
Unconnected arg: 12546:{'A1'}
Unconnected arg: 12551:{'A1'}
Unconnected arg: 12562:{'A1', 'A0'}
Unconnected arg: 12566:{'A0'}
Unconnected arg: 12585:{'A1'}
Unconnected arg: 12586:{'A1'}
Unconnected arg: 12588:{'A1'}
Unconnected arg: 12591:{'A1'}
Unconnected arg: 12593:{'A1'}
Unconnected arg: 12596:{'A1'}
Unconnected arg: 12597:{'A2'}
Unconnected arg: 12614:{'A1'}
Unconnected arg: 12624:{'A1'}
Unconnected arg: 12630:{'A0'}
Unconnected arg: 12644:{'A1'}
Unconnected arg: 12646:{'A1'}
Unconnected arg: 12649:{'A0'}
Unconnected arg: 12660:{'A2'}
Unconnected arg: 12661:{'A2'}
Unconnected arg: 12665:{'A2'}
Unconnected arg: 12679:{'A1'}
Unconnected arg: 12689:{'A0'}
Unconnected arg: 12690:{'A0'}
Unconnected arg: 12691:{'A1'}
Unconnected arg: 12697:{'A0'}
Unconnected arg: 12698:{'A1'}
Unconnected arg: 12702:{'A2'}
Unconnected arg: 12706:{'A1'}
Unconnected arg: 12711:{'A1'}
Unconnected arg: 12717:{'A1'}
Unconnected arg: 12719:{'A1'}
Unconnected arg: 12732:{'A0'}
Unconnected arg: 12734:{'A1'}
Unconnected arg: 12737:{'A1'}
Unconnected arg: 12749:{'A2'}
Unconnected arg: 12759:{'A1'}
Unconnected arg: 12760:{'A2'}
Unconnected arg: 12763:{'A2'}
Unconnected arg: 12767:{'A0'}
Unconnected arg: 12768:{'A0'}
Unconnected arg: 12770:{'A1', 'A2'}
Unconnected arg: 12771:{'A1', 'A2'}
Unconnected arg: 12772:{'A1'}
Unconnected arg: 12780:{'A0'}
Unconnected arg: 12787:{'A0'}
Unconnected arg: 12797:{'A2'}
Unconnected arg: 12798:{'A2'}
Unconnected arg: 12804:{'A1'}
Unconnected arg: 12807:{'A1'}
Unconnected arg: 12808:{'A1'}
Unconnected arg: 12812:{'A0'}
Unconnected arg: 12816:{'A0'}
Unconnected arg: 12817:{'A1'}
Unconnected arg: 12823:{'A1'}
Unconnected arg: 12824:{'A1'}
Unconnected arg: 12829:{'A0'}
Unconnected arg: 12830:{'A0'}
Unconnected arg: 12831:{'A0'}
Unconnected arg: 12832:{'A0'}
Unconnected arg: 12833:{'A2'}
Unconnected arg: 12834:{'A0'}
Unconnected arg: 12839:{'A1'}
Unconnected arg: 12846:{'A1'}
Unconnected arg: 12851:{'A1'}
Unconnected arg: 12854:{'A2'}
Unconnected arg: 12868:{'A1'}
Unconnected arg: 12869:{'A1'}
Unconnected arg: 12870:{'A0'}
Unconnected arg: 12873:{'A1'}
Unconnected arg: 12874:{'A2'}
Unconnected arg: 12875:{'A1'}
Unconnected arg: 12881:{'A1'}
Unconnected arg: 12887:{'A2'}
Unconnected arg: 12893:{'A1'}
Unconnected arg: 12899:{'A1', 'A0'}
Unconnected arg: 12902:{'A1'}
Unconnected arg: 12904:{'A0'}
Unconnected arg: 12915:{'A1'}
Unconnected arg: 12920:{'A1'}
Unconnected arg: 12921:{'A1'}
Unconnected arg: 12922:{'A1'}
Unconnected arg: 12924:{'A1'}
Unconnected arg: 12930:{'A1'}
Unconnected arg: 12931:{'A1'}
Unconnected arg: 12933:{'A0'}
Unconnected arg: 12937:{'A1'}
Unconnected arg: 12941:{'A3'}
Unconnected arg: 12942:{'A3'}
Unconnected arg: 12953:{'A1'}
Unconnected arg: 12955:{'A0', 'A3'}
Unconnected arg: 12958:{'A2'}
Unconnected arg: 12966:{'A1'}
Unconnected arg: 12971:{'A1', 'A2'}
Unconnected arg: 12981:{'A1'}
Unconnected arg: 12988:{'A0'}
Unconnected arg: 12997:{'A1'}
Unconnected arg: 13001:{'A1'}
Unconnected arg: 13006:{'A0'}
Unconnected arg: 13009:{'A1'}
Unconnected arg: 13014:{'A1'}
Unconnected arg: 13015:{'A1'}
Unconnected arg: 13016:{'A1'}
Unconnected arg: 13032:{'A1'}
Unconnected arg: 13033:{'A1'}
Unconnected arg: 13036:{'A1'}
Unconnected arg: 13043:{'A1'}
Unconnected arg: 13048:{'A3'}
Unconnected arg: 13049:{'A2'}
Unconnected arg: 13053:{'A0'}
Unconnected arg: 13055:{'A0'}
Unconnected arg: 13063:{'A0'}
Unconnected arg: 13082:{'A1'}
Unconnected arg: 13091:{'A0'}
Unconnected arg: 13094:{'A1', 'A2'}
Unconnected arg: 13102:{'A0'}
Unconnected arg: 13105:{'A2'}
Unconnected arg: 13106:{'A0'}
Unconnected arg: 13115:{'A0'}
Unconnected arg: 13117:{'A1'}
Unconnected arg: 13125:{'A1'}
Unconnected arg: 13129:{'A1'}
Unconnected arg: 13134:{'A0'}
Unconnected arg: 13135:{'A0'}
Unconnected arg: 13143:{'A2'}
Unconnected arg: 13151:{'A0'}
Unconnected arg: 13152:{'A1'}
Unconnected arg: 13155:{'A0'}
Unconnected arg: 13156:{'A0'}
Unconnected arg: 13158:{'A0'}
Unconnected arg: 13169:{'A1'}
Unconnected arg: 13176:{'A1', 'A0'}
Unconnected arg: 13177:{'A1', 'A0'}
Unconnected arg: 13180:{'A0'}
Unconnected arg: 13187:{'A0'}
Unconnected arg: 13198:{'A0'}
Unconnected arg: 13206:{'A1'}
Unconnected arg: 13209:{'A0'}
Unconnected arg: 13211:{'A0'}
Unconnected arg: 13213:{'A0'}
Unconnected arg: 13215:{'A0'}
Unconnected arg: 13216:{'A0'}
Unconnected arg: 13220:{'A0'}
Unconnected arg: 13222:{'A0'}
Unconnected arg: 13223:{'A1'}
Unconnected arg: 13225:{'A2'}
Unconnected arg: 13228:{'A1', 'A0'}
Unconnected arg: 13229:{'A0'}
Unconnected arg: 13236:{'A1'}
Unconnected arg: 13237:{'A1'}
Unconnected arg: 13257:{'A0', 'A2'}
Unconnected arg: 13258:{'A0', 'A2'}
Unconnected arg: 13259:{'A1', 'A0', 'A3'}
Unconnected arg: 13267:{'A2'}
Unconnected arg: 13272:{'A2'}
Unconnected arg: 13282:{'A0'}
Unconnected arg: 13283:{'A2'}
Unconnected arg: 13284:{'A1'}
Unconnected arg: 13290:{'A1', 'A2'}
Unconnected arg: 13291:{'A1'}
Unconnected arg: 13294:{'A1'}
Unconnected arg: 13300:{'A2'}
Unconnected arg: 13306:{'A1'}
Unconnected arg: 13307:{'A0'}
Unconnected arg: 13309:{'A0'}
Unconnected arg: 13312:{'A1'}
Unconnected arg: 13324:{'A1'}
Unconnected arg: 13325:{'A1'}
Unconnected arg: 13333:{'A1', 'A2'}
Unconnected arg: 13338:{'A2'}
Unconnected arg: 13339:{'A0'}
Unconnected arg: 13340:{'A0'}
Unconnected arg: 13353:{'A1'}
Unconnected arg: 13355:{'A2'}
Unconnected arg: 13357:{'A0', 'A3'}
Unconnected arg: 13360:{'A1'}
Unconnected arg: 13366:{'A2'}
Unconnected arg: 13385:{'A1'}
Unconnected arg: 13386:{'A1'}
Unconnected arg: 13391:{'A1'}
Unconnected arg: 13397:{'A2'}
Unconnected arg: 13398:{'A0'}
Unconnected arg: 13402:{'A1'}
Unconnected arg: 13410:{'A1'}
Unconnected arg: 13426:{'A0'}
Unconnected arg: 13434:{'A1'}
Unconnected arg: 13449:{'A2'}
Unconnected arg: 13455:{'A1'}
Unconnected arg: 13459:{'A1'}
Unconnected arg: 13483:{'A1'}
Unconnected arg: 13492:{'A4'}
Unconnected arg: 13499:{'A1'}
Unconnected arg: 13500:{'A1'}
Unconnected arg: 13504:{'A1'}
Unconnected arg: 13510:{'A0'}
Unconnected arg: 13521:{'A1'}
Unconnected arg: 13530:{'A1'}
Unconnected arg: 13531:{'A1'}
Unconnected arg: 13540:{'A1'}
Unconnected arg: 13554:{'A1', 'A0'}
Unconnected arg: 13555:{'A1'}
Unconnected arg: 13560:{'A1'}
Unconnected arg: 13567:{'A1'}
Unconnected arg: 13571:{'A1'}
Unconnected arg: 13585:{'A1'}
Unconnected arg: 13586:{'A1'}
Unconnected arg: 13595:{'A2'}
Unconnected arg: 13598:{'A1'}
Unconnected arg: 13599:{'A1'}
Unconnected arg: 13606:{'A1'}
Unconnected arg: 13610:{'A2'}
Unconnected arg: 13620:{'A1'}
Unconnected arg: 13624:{'A1'}
Unconnected arg: 13625:{'A1'}
Unconnected arg: 13627:{'A0'}
Unconnected arg: 13628:{'A1'}
Unconnected arg: 13629:{'A2'}
Unconnected arg: 13636:{'A1'}
Unconnected arg: 13637:{'A1'}
Unconnected arg: 13642:{'A0'}
Unconnected arg: 13648:{'A1'}
Unconnected arg: 13655:{'A2'}
Unconnected arg: 13659:{'A1'}
Unconnected arg: 13663:{'A1'}
Unconnected arg: 13664:{'A1'}
Unconnected arg: 13667:{'A1'}
Unconnected arg: 13668:{'A0'}
Unconnected arg: 13675:{'A1'}
Unconnected arg: 13686:{'A0'}
Unconnected arg: 13690:{'A1'}
Unconnected arg: 13694:{'A1'}
Unconnected arg: 13695:{'A1'}
Unconnected arg: 13696:{'A2'}
Unconnected arg: 13697:{'A0'}
Unconnected arg: 13700:{'A0'}
Unconnected arg: 13706:{'A1', 'A2'}
Unconnected arg: 13707:{'A2'}
Unconnected arg: 13723:{'A1'}
Unconnected arg: 13728:{'A1'}
Unconnected arg: 13735:{'A1'}
Unconnected arg: 13737:{'A1'}
Unconnected arg: 13738:{'A1'}
Unconnected arg: 13741:{'A1'}
Unconnected arg: 13745:{'A2'}
Unconnected arg: 13752:{'A1'}
Unconnected arg: 13757:{'A1'}
Unconnected arg: 13759:{'A0'}
Unconnected arg: 13764:{'A0'}
Unconnected arg: 13776:{'A1'}
Unconnected arg: 13777:{'A3'}
Unconnected arg: 13781:{'A2'}
Unconnected arg: 13787:{'A0'}
Unconnected arg: 13789:{'A1'}
Unconnected arg: 13790:{'A0'}
Unconnected arg: 13792:{'A1', 'A2'}
Unconnected arg: 13795:{'A1'}
Unconnected arg: 13796:{'A1'}
Unconnected arg: 13810:{'A1'}
Unconnected arg: 13828:{'A2'}
Unconnected arg: 13836:{'A1'}
Unconnected arg: 13842:{'A0'}
Unconnected arg: 13846:{'A0'}
Unconnected arg: 13849:{'A1'}
Unconnected arg: 13850:{'A1'}
Unconnected arg: 13854:{'A1'}
Unconnected arg: 13855:{'A1'}
Unconnected arg: 13866:{'A0'}
Unconnected arg: 13881:{'A2'}
Unconnected arg: 13884:{'A0', 'A2'}
Unconnected arg: 13889:{'A0'}
Unconnected arg: 13890:{'A1', 'A0'}
Unconnected arg: 13897:{'A1'}
Unconnected arg: 13898:{'A1', 'A2'}
Unconnected arg: 13900:{'A1'}
Unconnected arg: 13901:{'A0'}
Unconnected arg: 13905:{'A2'}
Unconnected arg: 13910:{'A0'}
Unconnected arg: 13915:{'A0'}
Unconnected arg: 13916:{'A2'}
Unconnected arg: 13917:{'A0'}
Unconnected arg: 13921:{'A1'}
Unconnected arg: 13931:{'A1'}
Unconnected arg: 13934:{'A0'}
Unconnected arg: 13963:{'A1'}
Unconnected arg: 13966:{'A1'}
Unconnected arg: 13969:{'A1'}
Unconnected arg: 13974:{'A1'}
Unconnected arg: 13980:{'A2'}
Unconnected arg: 13981:{'A1'}
Unconnected arg: 13982:{'A1', 'A2'}
Unconnected arg: 13985:{'A1'}
Unconnected arg: 13991:{'A1'}
Unconnected arg: 13992:{'A1'}
Unconnected arg: 13998:{'A1'}
Unconnected arg: 14005:{'A1'}
Unconnected arg: 14007:{'A1'}
Unconnected arg: 14008:{'A0'}
Unconnected arg: 14022:{'A1'}
Unconnected arg: 14026:{'A1'}
Unconnected arg: 14029:{'A1'}
Unconnected arg: 14044:{'A1'}
Unconnected arg: 14048:{'A2'}
Unconnected arg: 14055:{'A2'}
Unconnected arg: 14067:{'A1'}
Unconnected arg: 14068:{'A1'}
Unconnected arg: 14074:{'A2'}
Unconnected arg: 14079:{'A1'}
Unconnected arg: 14085:{'A1'}
Unconnected arg: 14097:{'A1'}
Unconnected arg: 14098:{'A3'}
Unconnected arg: 14114:{'A3'}
Unconnected arg: 14115:{'A1'}
Unconnected arg: 14116:{'A1'}
Unconnected arg: 14117:{'A2'}
Unconnected arg: 14118:{'A1'}
Unconnected arg: 14119:{'A1'}
Unconnected arg: 14120:{'A0'}
Unconnected arg: 14133:{'A1'}
Unconnected arg: 14144:{'A2'}
Unconnected arg: 14145:{'A1', 'A2'}
Unconnected arg: 14159:{'A2'}
Unconnected arg: 14161:{'A1'}
Unconnected arg: 14163:{'A1'}
Unconnected arg: 14165:{'A1'}
Unconnected arg: 14168:{'A0'}
Unconnected arg: 14170:{'A1'}
Unconnected arg: 14178:{'A2'}
Unconnected arg: 14184:{'A0', 'A2'}
Unconnected arg: 14185:{'A1'}
Unconnected arg: 14187:{'A1', 'A0'}
Unconnected arg: 14188:{'A1'}
Unconnected arg: 14192:{'A1'}
Unconnected arg: 14195:{'A1'}
Unconnected arg: 14196:{'A1'}
Unconnected arg: 14197:{'A1'}
Unconnected arg: 14202:{'A1'}
Unconnected arg: 14208:{'A1'}
Unconnected arg: 14213:{'A1'}
Unconnected arg: 14216:{'A1'}
Unconnected arg: 14218:{'A1'}
Unconnected arg: 14221:{'A1'}
Unconnected arg: 14222:{'A0'}
Unconnected arg: 14228:{'A1'}
Unconnected arg: 14229:{'A1'}
Unconnected arg: 14230:{'A1'}
Unconnected arg: 14231:{'A1'}
Unconnected arg: 14239:{'A1'}
Unconnected arg: 14249:{'A1'}
Unconnected arg: 14250:{'A0'}
Unconnected arg: 14259:{'A1'}
Unconnected arg: 14261:{'A0'}
Unconnected arg: 14264:{'A1'}
Unconnected arg: 14265:{'A2'}
Unconnected arg: 14268:{'A1'}
Unconnected arg: 14274:{'A1'}
Unconnected arg: 14280:{'A1'}
Unconnected arg: 14281:{'A1'}
Unconnected arg: 14283:{'A1'}
Unconnected arg: 14291:{'A1'}
Unconnected arg: 14292:{'A1'}
Unconnected arg: 14299:{'A1'}
Unconnected arg: 14300:{'A1'}
Unconnected arg: 14308:{'A0'}
Unconnected arg: 14316:{'A1'}
Unconnected arg: 14322:{'A2'}
Unconnected arg: 14327:{'A1'}
Unconnected arg: 14332:{'A0'}
Unconnected arg: 14333:{'A0'}
Unconnected arg: 14339:{'A1'}
Unconnected arg: 14353:{'A1', 'A0'}
Unconnected arg: 14355:{'A1', 'A2'}
Unconnected arg: 14356:{'A1'}
Unconnected arg: 14361:{'A0'}
Unconnected arg: 14363:{'A2'}
Unconnected arg: 14364:{'A2'}
Unconnected arg: 14366:{'A1'}
Unconnected arg: 14367:{'A1'}
Unconnected arg: 14378:{'A1'}
Unconnected arg: 14379:{'A0'}
Unconnected arg: 14389:{'A1'}
Unconnected arg: 14403:{'A1'}
Unconnected arg: 14404:{'A1'}
Unconnected arg: 14423:{'A1'}
Unconnected arg: 14427:{'A1'}
Unconnected arg: 14429:{'A1'}
Unconnected arg: 14445:{'A0', 'A2'}
Unconnected arg: 14451:{'A3'}
Unconnected arg: 14455:{'A1'}
Unconnected arg: 14459:{'A0'}
Unconnected arg: 14460:{'A0'}
Unconnected arg: 14470:{'A2'}
Unconnected arg: 14475:{'A0'}
Unconnected arg: 14478:{'A1'}
Unconnected arg: 14480:{'A2'}
Unconnected arg: 14481:{'A1', 'A2'}
Unconnected arg: 14482:{'A1'}
Unconnected arg: 14485:{'A0'}
Unconnected arg: 14489:{'A1'}
Unconnected arg: 14490:{'A1'}
Unconnected arg: 14496:{'A1', 'A0'}
Unconnected arg: 14497:{'A1'}
Unconnected arg: 14509:{'A2'}
Unconnected arg: 14515:{'A1', 'A3'}
Unconnected arg: 14516:{'A1'}
Unconnected arg: 14521:{'A0'}
Unconnected arg: 14530:{'A2'}
Unconnected arg: 14536:{'A0'}
Unconnected arg: 14537:{'A1'}
Unconnected arg: 14539:{'A3'}
Unconnected arg: 14544:{'A1', 'A0'}
Unconnected arg: 14545:{'A0'}
Unconnected arg: 14546:{'A0'}
Unconnected arg: 14548:{'A0'}
Unconnected arg: 14549:{'A1'}
Unconnected arg: 14554:{'A1'}
Unconnected arg: 14556:{'A0'}
Unconnected arg: 14557:{'A1'}
Unconnected arg: 14560:{'A1'}
Unconnected arg: 14578:{'A1'}
Unconnected arg: 14582:{'A1'}
Unconnected arg: 14590:{'A1'}
Unconnected arg: 14591:{'A1'}
Unconnected arg: 14595:{'A1', 'A2'}
Unconnected arg: 14598:{'A3'}
Unconnected arg: 14605:{'A0'}
Unconnected arg: 14608:{'A0'}
Unconnected arg: 14610:{'A1', 'A0'}
Unconnected arg: 14614:{'A1'}
Unconnected arg: 14619:{'A1'}
Unconnected arg: 14630:{'A0'}
Unconnected arg: 14636:{'A1'}
Unconnected arg: 14642:{'A1'}
Unconnected arg: 14647:{'A0'}
Unconnected arg: 14648:{'A1', 'A0'}
Unconnected arg: 14671:{'A1'}
Unconnected arg: 14674:{'A1'}
Unconnected arg: 14675:{'A1'}
Unconnected arg: 14677:{'A2'}
Unconnected arg: 14678:{'A1'}
Unconnected arg: 14679:{'A1'}
Unconnected arg: 14684:{'A0'}
Unconnected arg: 14691:{'A1', 'A2'}
Unconnected arg: 14696:{'A1'}
Unconnected arg: 14698:{'A1'}
Unconnected arg: 14704:{'A1'}
Unconnected arg: 14707:{'A1'}
Unconnected arg: 14720:{'A1'}
Unconnected arg: 14727:{'A1'}
Unconnected arg: 14733:{'A1'}
Unconnected arg: 14734:{'A0'}
Unconnected arg: 14737:{'A1'}
Unconnected arg: 14749:{'A1'}
Unconnected arg: 14754:{'A1'}
Unconnected arg: 14756:{'A1'}
Unconnected arg: 14758:{'A1'}
Unconnected arg: 14759:{'A0'}
Unconnected arg: 14760:{'A1'}
Unconnected arg: 14761:{'A1'}
Unconnected arg: 14771:{'A1'}
Unconnected arg: 14772:{'A2'}
Unconnected arg: 14773:{'A2'}
Unconnected arg: 14779:{'A0'}
Unconnected arg: 14814:{'A0'}
Unconnected arg: 14816:{'A0'}
Unconnected arg: 14817:{'A1'}
Unconnected arg: 14818:{'A0'}
Unconnected arg: 14819:{'A0'}
Unconnected arg: 14828:{'A0'}
Unconnected arg: 14829:{'A1'}
Unconnected arg: 14830:{'A1'}
Unconnected arg: 14831:{'A1'}
Unconnected arg: 14835:{'A1'}
Unconnected arg: 14836:{'A2'}
Unconnected arg: 14849:{'A1'}
Unconnected arg: 14850:{'A1', 'A2'}
Unconnected arg: 14857:{'A1'}
Unconnected arg: 14858:{'A1'}
Unconnected arg: 14868:{'A3'}
Unconnected arg: 14874:{'A1', 'A0'}
Unconnected arg: 14875:{'A1'}
Unconnected arg: 14876:{'A1', 'A0'}
Unconnected arg: 14881:{'A1'}
Unconnected arg: 14883:{'A1'}
Unconnected arg: 14889:{'A1', 'A2'}
Unconnected arg: 14892:{'A0'}
Unconnected arg: 14893:{'A1', 'A0'}
Unconnected arg: 14894:{'A1'}
Unconnected arg: 14896:{'A1'}
Unconnected arg: 14922:{'A1'}
Unconnected arg: 14927:{'A0'}
Unconnected arg: 14929:{'A1'}
Unconnected arg: 14932:{'A1'}
Unconnected arg: 14938:{'A1'}
Unconnected arg: 14947:{'A1'}
Unconnected arg: 14948:{'A1'}
Unconnected arg: 14951:{'A3'}
Unconnected arg: 14958:{'A1'}
Unconnected arg: 14960:{'A0'}
Unconnected arg: 14961:{'A2'}
Unconnected arg: 14962:{'A0', 'A2'}
Unconnected arg: 14963:{'A3'}
Unconnected arg: 14974:{'A0'}
Unconnected arg: 14975:{'A1'}
Unconnected arg: 14977:{'A1'}
Unconnected arg: 14980:{'A0'}
Unconnected arg: 14996:{'A0'}
Unconnected arg: 15000:{'A0'}
Unconnected arg: 15007:{'A0'}
Unconnected arg: 15012:{'A1'}
Unconnected arg: 15020:{'A1'}
Unconnected arg: 15023:{'A3', 'A2'}
Unconnected arg: 15025:{'A2'}
Unconnected arg: 15026:{'A1'}
Unconnected arg: 15039:{'A2'}
Unconnected arg: 15042:{'A1'}
Unconnected arg: 15043:{'A1'}
Unconnected arg: 15053:{'A1'}
Unconnected arg: 15071:{'A1'}
Unconnected arg: 15073:{'A0'}
Unconnected arg: 15074:{'A0'}
Unconnected arg: 15075:{'A1'}
Unconnected arg: 15077:{'A1'}
Unconnected arg: 15089:{'A1'}
Unconnected arg: 15090:{'A0'}
Unconnected arg: 15097:{'A2'}
Unconnected arg: 15103:{'A1'}
Unconnected arg: 15111:{'A1'}
Unconnected arg: 15114:{'A0'}
Unconnected arg: 15115:{'A0'}
Unconnected arg: 15126:{'A1'}
Unconnected arg: 15131:{'A1', 'A0'}
Unconnected arg: 15133:{'A1'}
Unconnected arg: 15140:{'A1'}
Unconnected arg: 15143:{'A1'}
Unconnected arg: 15144:{'A1'}
Unconnected arg: 15146:{'A0'}
Unconnected arg: 15149:{'A0'}
Unconnected arg: 15153:{'A1'}
Unconnected arg: 15161:{'A0'}
Unconnected arg: 15169:{'A0'}
Unconnected arg: 15176:{'A1'}
Unconnected arg: 15177:{'A1'}
Unconnected arg: 15185:{'A0'}
Unconnected arg: 15192:{'A1'}
Unconnected arg: 15198:{'A1'}
Unconnected arg: 15214:{'A1'}
Unconnected arg: 15216:{'A1'}
Unconnected arg: 15224:{'A1'}
Unconnected arg: 15236:{'A0'}
Unconnected arg: 15240:{'A1'}
Unconnected arg: 15265:{'A1'}
Unconnected arg: 15272:{'A1'}
Unconnected arg: 15279:{'A1'}
Unconnected arg: 15282:{'A1'}
Unconnected arg: 15317:{'A3'}
Unconnected arg: 15332:{'A1'}
Unconnected arg: 15333:{'A1'}
Unconnected arg: 15335:{'A1'}
Unconnected arg: 15336:{'A1'}
Unconnected arg: 15348:{'A0'}
Unconnected arg: 15351:{'A2'}
Unconnected arg: 15359:{'A1'}
Unconnected arg: 15360:{'A0'}
Unconnected arg: 15369:{'A1'}
Unconnected arg: 15384:{'A1'}
Unconnected arg: 15403:{'A2'}
Unconnected arg: 15414:{'A0'}
Unconnected arg: 15415:{'A0'}
Unconnected arg: 15416:{'A0'}
Unconnected arg: 15434:{'A1'}
Unconnected arg: 15435:{'A1'}
Unconnected arg: 15442:{'A1'}
Unconnected arg: 15457:{'A1'}
Unconnected arg: 15461:{'A1'}
Unconnected arg: 15466:{'A1'}
Unconnected arg: 15475:{'A0'}
Unconnected arg: 15478:{'A1'}
Unconnected arg: 15479:{'A1'}
Unconnected arg: 15485:{'A1'}
Unconnected arg: 15490:{'A1'}
Unconnected arg: 15502:{'A1', 'A0'}
Unconnected arg: 15503:{'A0'}
Unconnected arg: 15504:{'A1'}
Unconnected arg: 15514:{'A1'}
Unconnected arg: 15518:{'A1'}
Unconnected arg: 15519:{'A0'}
Unconnected arg: 15526:{'A2'}
Unconnected arg: 15527:{'A2'}
Unconnected arg: 15529:{'A1'}
Unconnected arg: 15530:{'A1'}
Unconnected arg: 15536:{'A1'}
Unconnected arg: 15546:{'A2'}
Unconnected arg: 15550:{'A0'}
Unconnected arg: 15553:{'A1'}
Unconnected arg: 15559:{'A2'}
Unconnected arg: 15566:{'A1'}
Unconnected arg: 15568:{'A0'}
Unconnected arg: 15573:{'A1'}
Unconnected arg: 15575:{'A1'}
Unconnected arg: 15583:{'A1'}
Unconnected arg: 15587:{'A1', 'A0'}
Unconnected arg: 15589:{'A1'}
Unconnected arg: 15592:{'A1'}
Unconnected arg: 15594:{'A1'}
Unconnected arg: 15600:{'A1'}
Unconnected arg: 15601:{'A0'}
Unconnected arg: 15609:{'A1'}
Unconnected arg: 15613:{'A1'}
Unconnected arg: 15614:{'A1'}
Unconnected arg: 15620:{'A2'}
Unconnected arg: 15636:{'A1'}
Unconnected arg: 15646:{'A1'}
Unconnected arg: 15648:{'A1', 'A2'}
Unconnected arg: 15654:{'A1'}
Unconnected arg: 15660:{'A0'}
Unconnected arg: 15665:{'A1'}
Unconnected arg: 15683:{'A0'}
Unconnected arg: 15688:{'A1'}
Unconnected arg: 15699:{'A0'}
Unconnected arg: 15702:{'A1'}
Unconnected arg: 15707:{'A1'}
Unconnected arg: 15709:{'A1'}
Unconnected arg: 15718:{'A3'}
Unconnected arg: 15725:{'A1'}
Unconnected arg: 15728:{'A1'}
Unconnected arg: 15731:{'A1'}
Unconnected arg: 15732:{'A1'}
Unconnected arg: 15733:{'A0'}
Unconnected arg: 15737:{'A1'}
Unconnected arg: 15752:{'A1'}
Unconnected arg: 15768:{'A1', 'A0'}
Unconnected arg: 15769:{'A1'}
Unconnected arg: 15774:{'A2'}
Unconnected arg: 15778:{'A0'}
Unconnected arg: 15779:{'A0'}
Unconnected arg: 15792:{'A1'}
Unconnected arg: 15794:{'A1'}
Unconnected arg: 15795:{'A1'}
Unconnected arg: 15798:{'A1'}
Unconnected arg: 15799:{'A1'}
Unconnected arg: 15803:{'A3'}
Unconnected arg: 15805:{'A1'}
Unconnected arg: 15806:{'A1'}
Unconnected arg: 15807:{'A1', 'A0'}
Unconnected arg: 15808:{'A1'}
Unconnected arg: 15814:{'A0'}
Unconnected arg: 15816:{'A0'}
Unconnected arg: 15823:{'A1'}
Unconnected arg: 15824:{'A1'}
Unconnected arg: 15828:{'A1'}
Unconnected arg: 15837:{'A1'}
Unconnected arg: 15839:{'A1'}
Unconnected arg: 15845:{'A2'}
Unconnected arg: 15847:{'A1'}
Unconnected arg: 15848:{'A1'}
Unconnected arg: 15849:{'A0'}
Unconnected arg: 15855:{'A0'}
Unconnected arg: 15861:{'A1', 'A0'}
Unconnected arg: 15865:{'A3'}
Unconnected arg: 15868:{'A0'}
Unconnected arg: 15881:{'A2'}
Unconnected arg: 15895:{'A0'}
Unconnected arg: 15908:{'A1'}
Unconnected arg: 15921:{'A1'}
Unconnected arg: 15929:{'A1'}
Unconnected arg: 15930:{'A1'}
Unconnected arg: 15937:{'A0'}
Unconnected arg: 15942:{'A0'}
Unconnected arg: 15946:{'A1'}
Unconnected arg: 15947:{'A1'}
Unconnected arg: 15950:{'A1'}
Unconnected arg: 15955:{'A1', 'A0'}
Unconnected arg: 15959:{'A0'}
Unconnected arg: 15961:{'A2'}
Unconnected arg: 15962:{'A0'}
Unconnected arg: 15976:{'A1'}
Unconnected arg: 15989:{'A1'}
Unconnected arg: 15990:{'A1'}
Unconnected arg: 15991:{'A1'}
Unconnected arg: 15992:{'A2'}
Unconnected arg: 15993:{'A1'}
Unconnected arg: 16001:{'A1'}
Unconnected arg: 16023:{'A1'}
Unconnected arg: 16038:{'A0'}
Unconnected arg: 16039:{'A1'}
Unconnected arg: 16040:{'A2'}
Unconnected arg: 16055:{'A1'}
Unconnected arg: 16060:{'A1'}
Unconnected arg: 16061:{'A1'}
Unconnected arg: 16062:{'A3'}
Unconnected arg: 16065:{'A0'}
Unconnected arg: 16073:{'A1'}
Unconnected arg: 16077:{'A1'}
Unconnected arg: 16081:{'A1'}
Unconnected arg: 16082:{'A1'}
Unconnected arg: 16083:{'A0'}
Unconnected arg: 16089:{'A2'}
Unconnected arg: 16092:{'A1', 'A2'}
Unconnected arg: 16095:{'A1'}
Unconnected arg: 16096:{'A1'}
Unconnected arg: 16097:{'A1'}
Unconnected arg: 16104:{'A1'}
Unconnected arg: 16108:{'A2'}
Unconnected arg: 16115:{'A1'}
Unconnected arg: 16120:{'A2'}
Unconnected arg: 16124:{'A1'}
Unconnected arg: 16127:{'A0'}
Unconnected arg: 16129:{'A1'}
Unconnected arg: 16134:{'A1'}
Unconnected arg: 16154:{'A2'}
Unconnected arg: 16155:{'A1'}
Unconnected arg: 16158:{'A1'}
Unconnected arg: 16163:{'A0'}
Unconnected arg: 16166:{'A0', 'A2'}
Unconnected arg: 16168:{'A1'}
Unconnected arg: 16169:{'A0'}
Unconnected arg: 16174:{'A2'}
Unconnected arg: 16176:{'A1'}
Unconnected arg: 16188:{'A2'}
Unconnected arg: 16190:{'A0'}
Unconnected arg: 16192:{'A1'}
Unconnected arg: 16195:{'A0'}
Unconnected arg: 16196:{'A2'}
Unconnected arg: 16200:{'A1'}
Unconnected arg: 16207:{'A3'}
Unconnected arg: 16209:{'A2'}
Unconnected arg: 16214:{'A0'}
Unconnected arg: 16219:{'A1'}
Unconnected arg: 16224:{'A1'}
Unconnected arg: 16233:{'A0'}
Unconnected arg: 16237:{'A1'}
Unconnected arg: 16242:{'A3', 'A2'}
Unconnected arg: 16255:{'A2'}
Unconnected arg: 16268:{'A2'}
Unconnected arg: 16273:{'A1'}
Unconnected arg: 16274:{'A1'}
Unconnected arg: 16276:{'A1'}
Unconnected arg: 16283:{'A1'}
Unconnected arg: 16284:{'A3'}
Unconnected arg: 16286:{'A2'}
Unconnected arg: 16295:{'A1'}
Unconnected arg: 16296:{'A0'}
Unconnected arg: 16297:{'A0'}
Unconnected arg: 16298:{'A1'}
Unconnected arg: 16300:{'A2'}
Unconnected arg: 16301:{'A2'}
Unconnected arg: 16309:{'A1'}
Unconnected arg: 16312:{'A0'}
Unconnected arg: 16318:{'A1'}
Unconnected arg: 16321:{'A1'}
Unconnected arg: 16322:{'A0'}
Unconnected arg: 16331:{'A1'}
Unconnected arg: 16338:{'A1'}
Unconnected arg: 16344:{'A1'}
Unconnected arg: 16345:{'A0'}
Unconnected arg: 16347:{'A0'}
Unconnected arg: 16349:{'A1', 'A0'}
Unconnected arg: 16351:{'A1', 'A2'}
Unconnected arg: 16354:{'A2'}
Unconnected arg: 16358:{'A2'}
Unconnected arg: 16359:{'A1'}
Unconnected arg: 16361:{'A1'}
Unconnected arg: 16363:{'A0'}
Unconnected arg: 16365:{'A1'}
Unconnected arg: 16366:{'A1'}
Unconnected arg: 16369:{'A2'}
Unconnected arg: 16373:{'A0'}
Unconnected arg: 16384:{'A1'}
Unconnected arg: 16386:{'A1'}
Unconnected arg: 16393:{'A1'}
Unconnected arg: 16398:{'A1'}
Unconnected arg: 16407:{'A1'}
Unconnected arg: 16427:{'A1'}
Unconnected arg: 16434:{'A1'}
Unconnected arg: 16451:{'A1'}
Unconnected arg: 16452:{'A1'}
Unconnected arg: 16453:{'A0'}
Unconnected arg: 16463:{'A1'}
Unconnected arg: 16473:{'A2'}
Unconnected arg: 16484:{'A2'}
Unconnected arg: 16485:{'A1'}
Unconnected arg: 16487:{'A1'}
Unconnected arg: 16488:{'A1'}
Unconnected arg: 16492:{'A1'}
Unconnected arg: 16493:{'A1'}
Unconnected arg: 16495:{'A1'}
Unconnected arg: 16500:{'A0'}
Unconnected arg: 16502:{'A1'}
Unconnected arg: 16514:{'A1'}
Unconnected arg: 16516:{'A0'}
Unconnected arg: 16520:{'A1'}
Unconnected arg: 16532:{'A0'}
Unconnected arg: 16541:{'A0'}
Unconnected arg: 16543:{'A0'}
Unconnected arg: 16548:{'A0'}
Unconnected arg: 16556:{'A0'}
Unconnected arg: 16557:{'A2'}
Unconnected arg: 16560:{'A0'}
Unconnected arg: 16565:{'A1'}
Unconnected arg: 16573:{'A1'}
Unconnected arg: 16578:{'A0'}
Unconnected arg: 16580:{'A1'}
Unconnected arg: 16587:{'A0'}
Unconnected arg: 16588:{'A1'}
Unconnected arg: 16590:{'A1'}
Unconnected arg: 16600:{'A1'}
Unconnected arg: 16607:{'A2'}
Unconnected arg: 16612:{'A1'}
Unconnected arg: 16616:{'A0'}
Unconnected arg: 16619:{'A0'}
Unconnected arg: 16621:{'A1'}
Unconnected arg: 16622:{'A1'}
Unconnected arg: 16624:{'A0', 'A2'}
Unconnected arg: 16625:{'A0'}
Unconnected arg: 16637:{'A0'}
Unconnected arg: 16638:{'A1'}
Unconnected arg: 16648:{'A1', 'A0'}
Unconnected arg: 16649:{'A0'}
Unconnected arg: 16654:{'A1'}
Unconnected arg: 16658:{'A1', 'A2'}
Unconnected arg: 16660:{'A1'}
Unconnected arg: 16662:{'A1', 'A2'}
Unconnected arg: 16665:{'A1', 'A0'}
Unconnected arg: 16666:{'A0'}
Unconnected arg: 16677:{'A1'}
Unconnected arg: 16686:{'A1'}
Unconnected arg: 16692:{'A0'}
Unconnected arg: 16693:{'A0'}
Unconnected arg: 16701:{'A1'}
Unconnected arg: 16703:{'A0'}
Unconnected arg: 16704:{'A3'}
Unconnected arg: 16707:{'A1'}
Unconnected arg: 16712:{'A1'}
Unconnected arg: 16713:{'A2'}
Unconnected arg: 16716:{'A1'}
Unconnected arg: 16717:{'A1'}
Unconnected arg: 16718:{'A1'}
Unconnected arg: 16719:{'A1'}
Unconnected arg: 16722:{'A1'}
Unconnected arg: 16723:{'A1'}
Unconnected arg: 16730:{'A2'}
Unconnected arg: 16731:{'A1'}
Unconnected arg: 16732:{'A0'}
Unconnected arg: 16738:{'A1'}
Unconnected arg: 16739:{'A3'}
Unconnected arg: 16744:{'A1'}
Unconnected arg: 16746:{'A2'}
Unconnected arg: 16748:{'A1'}
Unconnected arg: 16749:{'A1'}
Unconnected arg: 16750:{'A0'}
Unconnected arg: 16764:{'A1'}
Unconnected arg: 16771:{'A0'}
Unconnected arg: 16780:{'A1'}
Unconnected arg: 16783:{'A2'}
Unconnected arg: 16788:{'A1'}
Unconnected arg: 16806:{'A0'}
Unconnected arg: 16808:{'A1'}
Unconnected arg: 16811:{'A1'}
Unconnected arg: 16812:{'A1'}
Unconnected arg: 16814:{'A0'}
Unconnected arg: 16815:{'A0'}
Unconnected arg: 16817:{'A1'}
Unconnected arg: 16826:{'A1', 'A0'}
Unconnected arg: 16827:{'A0'}
Unconnected arg: 16828:{'A0'}
Unconnected arg: 16832:{'A0'}
Unconnected arg: 16833:{'A1'}
Unconnected arg: 16834:{'A1'}
Unconnected arg: 16839:{'A1'}
Unconnected arg: 16847:{'A2'}
Unconnected arg: 16851:{'A1'}
Unconnected arg: 16852:{'A1'}
Unconnected arg: 16854:{'A1'}
Unconnected arg: 16855:{'A1'}
Unconnected arg: 16862:{'A2'}
Unconnected arg: 16864:{'A1'}
Unconnected arg: 16869:{'A1'}
Unconnected arg: 16870:{'A0'}
Unconnected arg: 16872:{'A3', 'A2'}
Unconnected arg: 16875:{'A1'}
Unconnected arg: 16876:{'A1'}
Unconnected arg: 16878:{'A1'}
Unconnected arg: 16881:{'A1'}
Unconnected arg: 16891:{'A0'}
Unconnected arg: 16892:{'A1'}
Unconnected arg: 16897:{'A1'}
Unconnected arg: 16905:{'A1'}
Unconnected arg: 16910:{'A1'}
Unconnected arg: 16911:{'A0'}
Unconnected arg: 16914:{'A1'}
Unconnected arg: 16915:{'A1'}
Unconnected arg: 16916:{'A1'}
Unconnected arg: 16917:{'A1'}
Unconnected arg: 16919:{'A2'}
Unconnected arg: 16920:{'A2'}
Unconnected arg: 16921:{'A2'}
Unconnected arg: 16922:{'A2'}
Unconnected arg: 16923:{'A2'}
Unconnected arg: 16924:{'A2'}
Unconnected arg: 16925:{'A2'}
Unconnected arg: 16926:{'A2'}
Unconnected arg: 16931:{'A1'}
Unconnected arg: 16937:{'A0'}
Unconnected arg: 16939:{'A0'}
Unconnected arg: 16953:{'A0'}
Unconnected arg: 16957:{'A1'}
Unconnected arg: 16958:{'A2'}
Unconnected arg: 16972:{'A1'}
Unconnected arg: 16973:{'A1'}
Unconnected arg: 16977:{'A1'}
Unconnected arg: 16992:{'A0'}
Unconnected arg: 16994:{'A1'}
Unconnected arg: 16995:{'A1'}
Unconnected arg: 16999:{'A1'}
Unconnected arg: 17005:{'A1'}
Unconnected arg: 17007:{'A2'}
Unconnected arg: 17009:{'A2'}
Unconnected arg: 17019:{'A1'}
Unconnected arg: 17020:{'A1'}
Unconnected arg: 17022:{'A2'}
Unconnected arg: 17027:{'A1'}
Unconnected arg: 17028:{'A1', 'A0'}
Unconnected arg: 17031:{'A0'}
Unconnected arg: 17033:{'A2'}
Unconnected arg: 17035:{'A2'}
Unconnected arg: 17040:{'A1'}
Unconnected arg: 17043:{'A1'}
Unconnected arg: 17046:{'A1'}
Unconnected arg: 17048:{'A0'}
Unconnected arg: 17058:{'A2'}
Unconnected arg: 17060:{'A1'}
Unconnected arg: 17067:{'A1'}
Unconnected arg: 17069:{'A1'}
Unconnected arg: 17071:{'A0'}
Unconnected arg: 17073:{'A1'}
Unconnected arg: 17079:{'A1'}
Unconnected arg: 17080:{'A0'}
Unconnected arg: 17087:{'A0'}
Unconnected arg: 17088:{'A1'}
Unconnected arg: 17093:{'A1'}
Unconnected arg: 17104:{'A1'}
Unconnected arg: 17111:{'A3'}
Unconnected arg: 17120:{'A1'}
Unconnected arg: 17125:{'A2'}
Unconnected arg: 17130:{'A1'}
Unconnected arg: 17131:{'A1'}
Unconnected arg: 17142:{'A2'}
Unconnected arg: 17143:{'A1'}
Unconnected arg: 17144:{'A1'}
Unconnected arg: 17151:{'A1'}
Unconnected arg: 17153:{'A0'}
Unconnected arg: 17156:{'A1'}
Unconnected arg: 17158:{'A1'}
Unconnected arg: 17164:{'A1'}
Unconnected arg: 17172:{'A0'}
Unconnected arg: 17173:{'A0'}
Unconnected arg: 17174:{'A1'}
Unconnected arg: 17198:{'A1'}
Unconnected arg: 17203:{'A2'}
Unconnected arg: 17207:{'A1'}
Unconnected arg: 17214:{'A1'}
Unconnected arg: 17216:{'A4'}
Unconnected arg: 17218:{'A2'}
Unconnected arg: 17219:{'A1'}
Unconnected arg: 17220:{'A1'}
Unconnected arg: 17221:{'A1'}
Unconnected arg: 17222:{'A1'}
Unconnected arg: 17237:{'A3'}
Unconnected arg: 17246:{'A0'}
Unconnected arg: 17252:{'A1'}
Unconnected arg: 17256:{'A1'}
Unconnected arg: 17258:{'A1'}
Unconnected arg: 17262:{'A1'}
Unconnected arg: 17264:{'A0'}
Unconnected arg: 17281:{'A1'}
Unconnected arg: 17282:{'A0'}
Unconnected arg: 17285:{'A1'}
Unconnected arg: 17292:{'A1'}
Unconnected arg: 17295:{'A1'}
Unconnected arg: 17298:{'A1'}
Unconnected arg: 17299:{'A1'}
Unconnected arg: 17302:{'A2'}
Unconnected arg: 17311:{'A1'}
Unconnected arg: 17313:{'A1'}
Unconnected arg: 17314:{'A0'}
Unconnected arg: 17315:{'A1'}
Unconnected arg: 17316:{'A1'}
Unconnected arg: 17320:{'A1'}
Unconnected arg: 17322:{'A1'}
Unconnected arg: 17330:{'A1'}
Unconnected arg: 17331:{'A1'}
Unconnected arg: 17335:{'A1'}
Unconnected arg: 17339:{'A0'}
Unconnected arg: 17351:{'A3', 'A2'}
Unconnected arg: 17360:{'A1'}
Unconnected arg: 17367:{'A1'}
Unconnected arg: 17369:{'A1'}
Unconnected arg: 17371:{'A1'}
Unconnected arg: 17373:{'A1'}
Unconnected arg: 17376:{'A2'}
Unconnected arg: 17377:{'A0'}
Unconnected arg: 17378:{'A0'}
Unconnected arg: 17380:{'A0'}
Unconnected arg: 17381:{'A1'}
Unconnected arg: 17382:{'A1'}
Unconnected arg: 17388:{'A1'}
Unconnected arg: 17393:{'A1'}
Unconnected arg: 17395:{'A1', 'A0'}
Unconnected arg: 17402:{'A2'}
Unconnected arg: 17403:{'A1', 'A0'}
Unconnected arg: 17404:{'A1'}
Unconnected arg: 17419:{'A1'}
Unconnected arg: 17425:{'A1'}
Unconnected arg: 17426:{'A1'}
Unconnected arg: 17427:{'A0'}
Unconnected arg: 17428:{'A0'}
Unconnected arg: 17429:{'A1'}
Unconnected arg: 17435:{'A0', 'A2'}
Unconnected arg: 17436:{'A0', 'A2'}
Unconnected arg: 17437:{'A3', 'A2'}
Unconnected arg: 17438:{'A1'}
Unconnected arg: 17439:{'A1'}
Unconnected arg: 17441:{'A1'}
Unconnected arg: 17443:{'A1'}
Unconnected arg: 17445:{'A2'}
Unconnected arg: 17455:{'A1'}
Unconnected arg: 17459:{'A1'}
Unconnected arg: 17466:{'A1'}
Unconnected arg: 17474:{'A1'}
Unconnected arg: 17480:{'A1', 'A0'}
Unconnected arg: 17481:{'A0'}
Unconnected arg: 17483:{'A1'}
Unconnected arg: 17492:{'A2'}
Unconnected arg: 17497:{'A1'}
Unconnected arg: 17501:{'A0'}
Unconnected arg: 17502:{'A1'}
Unconnected arg: 17505:{'A2'}
Unconnected arg: 17510:{'A1'}
Unconnected arg: 17518:{'A1'}
Unconnected arg: 17521:{'A0'}
Unconnected arg: 17529:{'A0'}
Unconnected arg: 17538:{'A2'}
Unconnected arg: 17539:{'A2'}
Unconnected arg: 17540:{'A2'}
Unconnected arg: 17541:{'A1', 'A0'}
Unconnected arg: 17542:{'A1', 'A2'}
Unconnected arg: 17543:{'A0'}
Unconnected arg: 17557:{'A0'}
Unconnected arg: 17558:{'A1'}
Unconnected arg: 17563:{'A2'}
Unconnected arg: 17564:{'A1'}
Unconnected arg: 17572:{'A1'}
Unconnected arg: 17573:{'A0'}
Unconnected arg: 17574:{'A0'}
Unconnected arg: 17576:{'A2'}
Unconnected arg: 17589:{'A1'}
Unconnected arg: 17602:{'A2'}
Unconnected arg: 17604:{'A1'}
Unconnected arg: 17610:{'A2'}
Unconnected arg: 17611:{'A0'}
Unconnected arg: 17617:{'A1'}
Unconnected arg: 17627:{'A0'}
Unconnected arg: 17636:{'A1'}
Unconnected arg: 17639:{'A0'}
Unconnected arg: 17642:{'A1'}
Unconnected arg: 17648:{'A1'}
Unconnected arg: 17649:{'A1'}
Unconnected arg: 17659:{'A2'}
Unconnected arg: 17662:{'A1'}
Unconnected arg: 17664:{'A2'}
Unconnected arg: 17672:{'A0'}
Unconnected arg: 17681:{'A1'}
Unconnected arg: 17686:{'A1'}
Unconnected arg: 17688:{'A1'}
Unconnected arg: 17689:{'A2'}
Unconnected arg: 17690:{'A2'}
Unconnected arg: 17705:{'A1'}
Unconnected arg: 17711:{'A1'}
Unconnected arg: 17720:{'A1'}
Unconnected arg: 17725:{'A1'}
Unconnected arg: 17728:{'A1'}
Unconnected arg: 17733:{'A0'}
Unconnected arg: 17734:{'A1'}
Unconnected arg: 17736:{'A0'}
Unconnected arg: 17738:{'A1', 'A0'}
Unconnected arg: 17741:{'A1'}
Unconnected arg: 17742:{'A1'}
Unconnected arg: 17743:{'A0'}
Unconnected arg: 17744:{'A1'}
Unconnected arg: 17752:{'A2'}
Unconnected arg: 17758:{'A0'}
Unconnected arg: 17762:{'A0'}
Unconnected arg: 17763:{'A0'}
Unconnected arg: 17764:{'A0'}
Unconnected arg: 17769:{'A1'}
Unconnected arg: 17770:{'A1'}
Unconnected arg: 17771:{'A1'}
Unconnected arg: 17772:{'A1', 'A0'}
Unconnected arg: 17774:{'A0'}
Unconnected arg: 17776:{'A0'}
Unconnected arg: 17777:{'A0'}
Unconnected arg: 17780:{'A1'}
Unconnected arg: 17781:{'A1'}
Unconnected arg: 17784:{'A0'}
Unconnected arg: 17791:{'A1'}
Unconnected arg: 17799:{'A0'}
Unconnected arg: 17806:{'A2'}
Unconnected arg: 17807:{'A0'}
Unconnected arg: 17809:{'A0'}
Unconnected arg: 17812:{'A0'}
Unconnected arg: 17820:{'A0'}
Unconnected arg: 17823:{'A0'}
Unconnected arg: 17829:{'A1', 'A0'}
Unconnected arg: 17830:{'A1', 'A0'}
Unconnected arg: 17831:{'A2'}
Unconnected arg: 17852:{'A0'}
Unconnected arg: 17853:{'A1'}
Unconnected arg: 17856:{'A1'}
Unconnected arg: 17858:{'A1'}
Unconnected arg: 17859:{'A2'}
Unconnected arg: 17860:{'A3'}
Unconnected arg: 17873:{'A2'}
Unconnected arg: 17875:{'A2'}
Unconnected arg: 17888:{'A1'}
Unconnected arg: 17891:{'A1'}
Unconnected arg: 17899:{'A1'}
Unconnected arg: 17902:{'A2'}
Unconnected arg: 17903:{'A1'}
Unconnected arg: 17921:{'A1'}
Unconnected arg: 17929:{'A1'}
Unconnected arg: 17930:{'A1'}
Unconnected arg: 17932:{'A1'}
Unconnected arg: 17933:{'A1', 'A0'}
Unconnected arg: 17934:{'A0'}
Unconnected arg: 17936:{'A0'}
Unconnected arg: 17937:{'A0'}
Unconnected arg: 17943:{'A1'}
Unconnected arg: 17946:{'A1'}
Unconnected arg: 17951:{'A1'}
Unconnected arg: 17958:{'A0'}
Unconnected arg: 17963:{'A1'}
Unconnected arg: 17965:{'A1'}
Unconnected arg: 17974:{'A1'}
Unconnected arg: 17992:{'A1'}
Unconnected arg: 17993:{'A1'}
Unconnected arg: 17995:{'A0'}
Unconnected arg: 17996:{'A1'}
Unconnected arg: 17998:{'A1'}
Unconnected arg: 18005:{'A1'}
Unconnected arg: 18010:{'A0'}
Unconnected arg: 18019:{'A0'}
Unconnected arg: 18024:{'A3'}
Unconnected arg: 18032:{'A1'}
Unconnected arg: 18041:{'A3'}
Unconnected arg: 18043:{'A0'}
Unconnected arg: 18051:{'A1'}
Unconnected arg: 18052:{'A1'}
Unconnected arg: 18053:{'A1'}
Unconnected arg: 18069:{'A1'}
Unconnected arg: 18071:{'A1'}
Unconnected arg: 18076:{'A0'}
Unconnected arg: 18077:{'A1'}
Unconnected arg: 18078:{'A2'}
Unconnected arg: 18085:{'A1'}
Unconnected arg: 18089:{'A1'}
Unconnected arg: 18093:{'A0'}
Unconnected arg: 18094:{'A1'}
Unconnected arg: 18113:{'A2'}
Unconnected arg: 18120:{'A1'}
Unconnected arg: 18124:{'A1'}
Unconnected arg: 18135:{'A3'}
Unconnected arg: 18137:{'A2'}
Unconnected arg: 18147:{'A1'}
Unconnected arg: 18153:{'A1'}
Unconnected arg: 18179:{'A2'}
Unconnected arg: 18198:{'A1', 'A2'}
Unconnected arg: 18199:{'A0'}
Unconnected arg: 18215:{'A1'}
Unconnected arg: 18217:{'A1', 'A2'}
Unconnected arg: 18234:{'A1'}
Unconnected arg: 18245:{'A1'}
Unconnected arg: 18248:{'A1'}
Unconnected arg: 18250:{'A1'}
Unconnected arg: 18252:{'A1'}
Unconnected arg: 18258:{'A4'}
Unconnected arg: 18259:{'A3'}
Unconnected arg: 18262:{'A1'}
Unconnected arg: 18270:{'A1'}
Unconnected arg: 18278:{'A0'}
Unconnected arg: 18280:{'A0'}
Unconnected arg: 18286:{'A1'}
Unconnected arg: 18297:{'A1'}
Unconnected arg: 18303:{'A0'}
Unconnected arg: 18306:{'A1'}
Unconnected arg: 18310:{'A0'}
Unconnected arg: 18311:{'A1', 'A0'}
Unconnected arg: 18320:{'A2'}
Unconnected arg: 18322:{'A0'}
Unconnected arg: 18340:{'A1'}
Unconnected arg: 18341:{'A2'}
Unconnected arg: 18352:{'A2'}
Unconnected arg: 18353:{'A1'}
Unconnected arg: 18370:{'A2'}
Unconnected arg: 18376:{'A1'}
Unconnected arg: 18379:{'A1'}
Unconnected arg: 18380:{'A1'}
Unconnected arg: 18383:{'A0'}
Unconnected arg: 18386:{'A0'}
Unconnected arg: 18387:{'A1'}
Unconnected arg: 18390:{'A1'}
Unconnected arg: 18395:{'A1'}
Unconnected arg: 18396:{'A2'}
Unconnected arg: 18397:{'A1'}
Unconnected arg: 18398:{'A1'}
Unconnected arg: 18411:{'A1'}
Unconnected arg: 18417:{'A1'}
Unconnected arg: 18419:{'A1'}
Unconnected arg: 18421:{'A1'}
Unconnected arg: 18422:{'A1'}
Unconnected arg: 18427:{'A0'}
Unconnected arg: 18428:{'A1'}
Unconnected arg: 18430:{'A1'}
Unconnected arg: 18434:{'A1'}
Unconnected arg: 18442:{'A1'}
Unconnected arg: 18443:{'A1'}
Unconnected arg: 18457:{'A1'}
Unconnected arg: 18463:{'A0'}
Unconnected arg: 18464:{'A0'}
Unconnected arg: 18468:{'A2'}
Unconnected arg: 18481:{'A0'}
Unconnected arg: 18490:{'A1'}
Unconnected arg: 18491:{'A2'}
Unconnected arg: 18501:{'A2'}
Unconnected arg: 18505:{'A1'}
Unconnected arg: 18508:{'A0'}
Unconnected arg: 18516:{'A0'}
Unconnected arg: 18520:{'A3'}
Unconnected arg: 18531:{'A0'}
Unconnected arg: 18535:{'A3'}
Unconnected arg: 18536:{'A3'}
Unconnected arg: 18537:{'A3'}
Unconnected arg: 18540:{'A1'}
Unconnected arg: 18544:{'A2'}
Unconnected arg: 18552:{'A0'}
Unconnected arg: 18569:{'A0'}
Unconnected arg: 18570:{'A1'}
Unconnected arg: 18572:{'A1'}
Unconnected arg: 18579:{'A3'}
Unconnected arg: 18582:{'A1'}
Unconnected arg: 18589:{'A2'}
Unconnected arg: 18592:{'A0'}
Unconnected arg: 18594:{'A1'}
Unconnected arg: 18597:{'A0'}
Unconnected arg: 18602:{'A1'}
Unconnected arg: 18605:{'A1'}
Unconnected arg: 18608:{'A1', 'A3'}
Unconnected arg: 18609:{'A1', 'A0'}
Unconnected arg: 18611:{'A1'}
Unconnected arg: 18612:{'A1'}
Unconnected arg: 18616:{'A0'}
Unconnected arg: 18622:{'A1'}
Unconnected arg: 18627:{'A1'}
Unconnected arg: 18630:{'A2'}
Unconnected arg: 18631:{'A4'}
Unconnected arg: 18633:{'A1'}
Unconnected arg: 18637:{'A1'}
Unconnected arg: 18641:{'A3'}
Unconnected arg: 18642:{'A1'}
Unconnected arg: 18649:{'A0'}
Unconnected arg: 18655:{'A0'}
Unconnected arg: 18660:{'A2'}
Unconnected arg: 18669:{'A1'}
Unconnected arg: 18674:{'A1'}
Unconnected arg: 18678:{'A0'}
Unconnected arg: 18685:{'A1'}
Unconnected arg: 18688:{'A1'}
Unconnected arg: 18691:{'A1'}
Unconnected arg: 18694:{'A1'}
Unconnected arg: 18697:{'A1'}
Unconnected arg: 18714:{'A1'}
Unconnected arg: 18731:{'A0'}
Unconnected arg: 18733:{'A1'}
Unconnected arg: 18735:{'A0'}
Unconnected arg: 18736:{'A1'}
Unconnected arg: 18739:{'A1'}
Unconnected arg: 18740:{'A1'}
Unconnected arg: 18743:{'A1'}
Unconnected arg: 18744:{'A1'}
Unconnected arg: 18748:{'A1'}
Unconnected arg: 18749:{'A1'}
Unconnected arg: 18755:{'A1'}
Unconnected arg: 18761:{'A1'}
Unconnected arg: 18767:{'A1'}
Unconnected arg: 18770:{'A1'}
Unconnected arg: 18771:{'A2'}
Unconnected arg: 18772:{'A0', 'A2'}
Unconnected arg: 18773:{'A2'}
Unconnected arg: 18781:{'A1'}
Unconnected arg: 18784:{'A2'}
Unconnected arg: 18794:{'A0'}
Unconnected arg: 18796:{'A0'}
Unconnected arg: 18802:{'A2'}
Unconnected arg: 18804:{'A1'}
Unconnected arg: 18811:{'A1'}
Unconnected arg: 18817:{'A1'}
Unconnected arg: 18820:{'A0'}
Unconnected arg: 18823:{'A1'}
Unconnected arg: 18838:{'A1'}
Unconnected arg: 18845:{'A1'}
Unconnected arg: 18850:{'A1'}
Unconnected arg: 18851:{'A1'}
Unconnected arg: 18857:{'A0'}
Unconnected arg: 18860:{'A1'}
Unconnected arg: 18866:{'A1'}
Unconnected arg: 18867:{'A3'}
Unconnected arg: 18871:{'A1'}
Unconnected arg: 18872:{'A1'}
Unconnected arg: 18876:{'A2'}
Unconnected arg: 18878:{'A1'}
Unconnected arg: 18893:{'A1'}
Unconnected arg: 18910:{'A0'}
Unconnected arg: 18920:{'A0'}
Unconnected arg: 18931:{'A1'}
Unconnected arg: 18935:{'A0'}
Unconnected arg: 18942:{'A1'}
Unconnected arg: 18945:{'A1'}
Unconnected arg: 18949:{'A1'}
Unconnected arg: 18958:{'A1'}
Unconnected arg: 18965:{'A1'}
Unconnected arg: 18971:{'A1'}
Unconnected arg: 18973:{'A1'}
Unconnected arg: 18980:{'A1'}
Unconnected arg: 18985:{'A0'}
Unconnected arg: 18993:{'A2'}
Unconnected arg: 18997:{'A1'}
Unconnected arg: 19006:{'A1'}
Unconnected arg: 19016:{'A1'}
Unconnected arg: 19020:{'A1'}
Unconnected arg: 19022:{'A1', 'A2'}
Unconnected arg: 19025:{'A1'}
Unconnected arg: 19028:{'A1'}
Unconnected arg: 19048:{'A0'}
Unconnected arg: 19064:{'A0'}
Unconnected arg: 19067:{'A1'}
Unconnected arg: 19068:{'A2'}
Unconnected arg: 19071:{'A1'}
Unconnected arg: 19072:{'A1'}
Unconnected arg: 19074:{'A1'}
Unconnected arg: 19078:{'A0'}
Unconnected arg: 19082:{'A2'}
Unconnected arg: 19091:{'A1'}
Unconnected arg: 19092:{'A1'}
Unconnected arg: 19093:{'A3'}
Unconnected arg: 19099:{'A1'}
Unconnected arg: 19101:{'A0'}
Unconnected arg: 19103:{'A0', 'A4'}
Unconnected arg: 19104:{'A1', 'A0'}
Unconnected arg: 19108:{'A1'}
Unconnected arg: 19109:{'A2'}
Unconnected arg: 19111:{'A2'}
Unconnected arg: 19113:{'A1'}
Unconnected arg: 19118:{'A2'}
Unconnected arg: 19123:{'A1'}
Unconnected arg: 19126:{'A1'}
Unconnected arg: 19127:{'A0'}
Unconnected arg: 19133:{'A2'}
Unconnected arg: 19135:{'A2'}
Unconnected arg: 19153:{'A0'}
Unconnected arg: 19169:{'A1'}
Unconnected arg: 19181:{'A0'}
Unconnected arg: 19186:{'A0'}
Unconnected arg: 19187:{'A2'}
Unconnected arg: 19189:{'A1'}
Unconnected arg: 19193:{'A1'}
Unconnected arg: 19201:{'A1'}
Unconnected arg: 19202:{'A2'}
Unconnected arg: 19217:{'A1'}
Unconnected arg: 19233:{'A1'}
Unconnected arg: 19239:{'A2'}
Unconnected arg: 19243:{'A1'}
Unconnected arg: 19245:{'A1'}
Unconnected arg: 19252:{'A1', 'A0'}
Unconnected arg: 19253:{'A1', 'A2'}
Unconnected arg: 19254:{'A1'}
Unconnected arg: 19261:{'A1'}
Unconnected arg: 19268:{'A1'}
Unconnected arg: 19269:{'A1'}
Unconnected arg: 19284:{'A2'}
Unconnected arg: 19292:{'A1', 'A0'}
Unconnected arg: 19308:{'A0'}
Unconnected arg: 19309:{'A1'}
Unconnected arg: 19315:{'A0'}
Unconnected arg: 19322:{'A0'}
Unconnected arg: 19334:{'A1'}
Unconnected arg: 19339:{'A1'}
Unconnected arg: 19354:{'A1'}
Unconnected arg: 19367:{'A2'}
Unconnected arg: 19369:{'A1'}
Unconnected arg: 19371:{'A1'}
Unconnected arg: 19373:{'A1'}
Unconnected arg: 19374:{'A1'}
Unconnected arg: 19381:{'A2'}
Unconnected arg: 19383:{'A0'}
Unconnected arg: 19392:{'A0'}
Unconnected arg: 19393:{'A0'}
Unconnected arg: 19394:{'A0', 'A2'}
Unconnected arg: 19399:{'A2'}
Unconnected arg: 19405:{'A0'}
Unconnected arg: 19417:{'A1'}
Unconnected arg: 19425:{'A2'}
Unconnected arg: 19428:{'A1'}
Unconnected arg: 19432:{'A0'}
Unconnected arg: 19434:{'A2'}
Unconnected arg: 19435:{'A1'}
Unconnected arg: 19440:{'A1'}
Unconnected arg: 19443:{'A1'}
Unconnected arg: 19444:{'A1'}
Unconnected arg: 19458:{'A1'}
Unconnected arg: 19459:{'A1'}
Unconnected arg: 19466:{'A4'}
Unconnected arg: 19467:{'A1'}
Unconnected arg: 19474:{'A1'}
Unconnected arg: 19475:{'A1'}
Unconnected arg: 19477:{'A1'}
Unconnected arg: 19479:{'A3'}
Unconnected arg: 19482:{'A0'}
Unconnected arg: 19489:{'A2'}
Unconnected arg: 19490:{'A2'}
Unconnected arg: 19491:{'A1', 'A2'}
Unconnected arg: 19492:{'A1', 'A2'}
Unconnected arg: 19499:{'A1'}
Unconnected arg: 19501:{'A2'}
Unconnected arg: 19506:{'A2'}
Unconnected arg: 19509:{'A1'}
Unconnected arg: 19514:{'A0'}
Unconnected arg: 19515:{'A1'}
Unconnected arg: 19517:{'A1'}
Unconnected arg: 19523:{'A1'}
Unconnected arg: 19531:{'A1'}
Unconnected arg: 19533:{'A0'}
Unconnected arg: 19534:{'A1'}
Unconnected arg: 19535:{'A1'}
Unconnected arg: 19536:{'A1'}
Unconnected arg: 19537:{'A1'}
Unconnected arg: 19547:{'A3'}
Unconnected arg: 19553:{'A0'}
Unconnected arg: 19557:{'A2'}
Unconnected arg: 19566:{'A0'}
Unconnected arg: 19567:{'A0'}
Unconnected arg: 19570:{'A1'}
Unconnected arg: 19573:{'A1'}
Unconnected arg: 19581:{'A1'}
Unconnected arg: 19582:{'A1'}
Unconnected arg: 19583:{'A0'}
Unconnected arg: 19587:{'A1'}
Unconnected arg: 19588:{'A2'}
Unconnected arg: 19592:{'A1'}
Unconnected arg: 19604:{'A1'}
Unconnected arg: 19607:{'A1'}
Unconnected arg: 19609:{'A1'}
Unconnected arg: 19617:{'A2'}
Unconnected arg: 19618:{'A1'}
Unconnected arg: 19622:{'A2'}
Unconnected arg: 19625:{'A1'}
Unconnected arg: 19626:{'A1'}
Unconnected arg: 19638:{'A1'}
Unconnected arg: 19643:{'A1'}
Unconnected arg: 19644:{'A0'}
Unconnected arg: 19650:{'A1'}
Unconnected arg: 19652:{'A1'}
Unconnected arg: 19658:{'A0'}
Unconnected arg: 19663:{'A0'}
Unconnected arg: 19672:{'A0'}
Unconnected arg: 19674:{'A0'}
Unconnected arg: 19686:{'A1'}
Unconnected arg: 19691:{'A1'}
Unconnected arg: 19692:{'A1'}
Unconnected arg: 19701:{'A0'}
Unconnected arg: 19708:{'A1'}
Unconnected arg: 19709:{'A0'}
Unconnected arg: 19710:{'A1'}
Unconnected arg: 19716:{'A2'}
Unconnected arg: 19724:{'A1'}
Unconnected arg: 19725:{'A1'}
Unconnected arg: 19735:{'A1'}
Unconnected arg: 19754:{'A1'}
Unconnected arg: 19756:{'A0'}
Unconnected arg: 19759:{'A0'}
Unconnected arg: 19760:{'A0'}
Unconnected arg: 19767:{'A2'}
Unconnected arg: 19769:{'A1'}
Unconnected arg: 19772:{'A1'}
Unconnected arg: 19780:{'A2'}
Unconnected arg: 19782:{'A1'}
Unconnected arg: 19783:{'A1'}
Unconnected arg: 19784:{'A1'}
Unconnected arg: 19792:{'A1'}
Unconnected arg: 19795:{'A1'}
Unconnected arg: 19802:{'A2'}
Unconnected arg: 19810:{'A3', 'A2'}
Unconnected arg: 19812:{'A1'}
Unconnected arg: 19814:{'A2'}
Unconnected arg: 19825:{'A1'}
Unconnected arg: 19826:{'A1'}
Unconnected arg: 19833:{'A1'}
Unconnected arg: 19834:{'A0'}
Unconnected arg: 19859:{'A1'}
Unconnected arg: 19871:{'A0'}
Unconnected arg: 19888:{'A1'}
Unconnected arg: 19890:{'A1'}
Unconnected arg: 19891:{'A1', 'A0'}
Unconnected arg: 19892:{'A1'}
Unconnected arg: 19899:{'A0'}
Unconnected arg: 19904:{'A0'}
Unconnected arg: 19906:{'A1'}
Unconnected arg: 19909:{'A0'}
Unconnected arg: 19921:{'A1'}
Unconnected arg: 19922:{'A1'}
Unconnected arg: 19935:{'A0'}
Unconnected arg: 19936:{'A1', 'A2'}
Unconnected arg: 19940:{'A1', 'A0'}
Unconnected arg: 19950:{'A1'}
Unconnected arg: 19954:{'A1'}
Unconnected arg: 19961:{'A0'}
Unconnected arg: 19976:{'A0'}
Unconnected arg: 19981:{'A1'}
Unconnected arg: 19986:{'A2'}
Unconnected arg: 19995:{'A1'}
Unconnected arg: 19999:{'A1'}
Unconnected arg: 20001:{'A0'}
Unconnected arg: 20009:{'A0'}
Unconnected arg: 20012:{'A1', 'A0'}
Unconnected arg: 20014:{'A1'}
Unconnected arg: 20018:{'A1', 'A0'}
Unconnected arg: 20020:{'A1'}
Unconnected arg: 20029:{'A1'}
Unconnected arg: 20030:{'A1'}
Unconnected arg: 20033:{'A1'}
Unconnected arg: 20039:{'A1'}
Unconnected arg: 20047:{'A0'}
Unconnected arg: 20051:{'A1'}
Unconnected arg: 20055:{'A0'}
Unconnected arg: 20062:{'A0'}
Unconnected arg: 20063:{'A0'}
Unconnected arg: 20065:{'A0'}
Unconnected arg: 20091:{'A1'}
Unconnected arg: 20092:{'A1'}
Unconnected arg: 20093:{'A0'}
Unconnected arg: 20096:{'A1'}
Unconnected arg: 20101:{'A1'}
Unconnected arg: 20105:{'A1'}
Unconnected arg: 20109:{'A1'}
Unconnected arg: 20120:{'A0'}
Unconnected arg: 20123:{'A0'}
Unconnected arg: 20134:{'A3'}
Unconnected arg: 20141:{'A2'}
Unconnected arg: 20142:{'A1', 'A2'}
Unconnected arg: 20155:{'A1'}
Unconnected arg: 20164:{'A1'}
Unconnected arg: 20172:{'A1'}
Unconnected arg: 20175:{'A1'}
Unconnected arg: 20198:{'A1'}
Unconnected arg: 20199:{'A1'}
Unconnected arg: 20208:{'A1'}
Unconnected arg: 20209:{'A1'}
Unconnected arg: 20215:{'A1'}
Unconnected arg: 20222:{'A0'}
Unconnected arg: 20223:{'A1'}
Unconnected arg: 20227:{'A1'}
Unconnected arg: 20245:{'A1'}
Unconnected arg: 20246:{'A1'}
Unconnected arg: 20248:{'A0'}
Unconnected arg: 20249:{'A1'}
Unconnected arg: 20250:{'A1'}
Unconnected arg: 20255:{'A0'}
Unconnected arg: 20259:{'A4'}
Unconnected arg: 20261:{'A1'}
Unconnected arg: 20262:{'A1', 'A2'}
Unconnected arg: 20266:{'A1'}
Unconnected arg: 20272:{'A1'}
Unconnected arg: 20276:{'A1', 'A0'}
Unconnected arg: 20280:{'A0'}
Unconnected arg: 20291:{'A1'}
Unconnected arg: 20292:{'A1', 'A0'}
Unconnected arg: 20296:{'A1'}
Unconnected arg: 20303:{'A0'}
Unconnected arg: 20305:{'A0'}
Unconnected arg: 20308:{'A2'}
Unconnected arg: 20332:{'A1'}
Unconnected arg: 20333:{'A2'}
Unconnected arg: 20335:{'A2'}
Unconnected arg: 20336:{'A1'}
Unconnected arg: 20337:{'A1'}
Unconnected arg: 20338:{'A1'}
Unconnected arg: 20343:{'A1'}
Unconnected arg: 20344:{'A1'}
Unconnected arg: 20348:{'A1', 'A0'}
Unconnected arg: 20352:{'A2'}
Unconnected arg: 20354:{'A1'}
Unconnected arg: 20357:{'A1'}
Unconnected arg: 20358:{'A1'}
Unconnected arg: 20366:{'A1', 'A2'}
Unconnected arg: 20371:{'A1'}
Unconnected arg: 20372:{'A2'}
Unconnected arg: 20376:{'A1'}
Unconnected arg: 20387:{'A0'}
Unconnected arg: 20397:{'A1'}
Unconnected arg: 20398:{'A0'}
Unconnected arg: 20400:{'A2'}
Unconnected arg: 20402:{'A3'}
Unconnected arg: 20406:{'A1', 'A2'}
Unconnected arg: 20431:{'A1'}
Unconnected arg: 20433:{'A1'}
Unconnected arg: 20442:{'A1'}
Unconnected arg: 20447:{'A1'}
Unconnected arg: 20452:{'A1'}
Unconnected arg: 20454:{'A1'}
Unconnected arg: 20460:{'A2'}
Unconnected arg: 20464:{'A1'}
Unconnected arg: 20465:{'A1'}
Unconnected arg: 20470:{'A1'}
Unconnected arg: 20471:{'A1'}
Unconnected arg: 20475:{'A1'}
Unconnected arg: 20479:{'A1'}
Unconnected arg: 20486:{'A1'}
Unconnected arg: 20488:{'A1'}
Unconnected arg: 20494:{'A1'}
Unconnected arg: 20495:{'A0'}
Unconnected arg: 20498:{'A2'}
Unconnected arg: 20509:{'A1'}
Unconnected arg: 20519:{'A1'}
Unconnected arg: 20520:{'A1', 'A2'}
Unconnected arg: 20522:{'A1'}
Unconnected arg: 20535:{'A2'}
Unconnected arg: 20537:{'A1'}
Unconnected arg: 20539:{'A1', 'A0'}
Unconnected arg: 20541:{'A1'}
Unconnected arg: 20544:{'A2'}
Unconnected arg: 20545:{'A2'}
Unconnected arg: 20555:{'A1'}
Unconnected arg: 20557:{'A0'}
Unconnected arg: 20564:{'A0'}
Unconnected arg: 20567:{'A1'}
Unconnected arg: 20569:{'A3'}
Unconnected arg: 20574:{'A1'}
Unconnected arg: 20584:{'A1'}
Unconnected arg: 20585:{'A1'}
Unconnected arg: 20588:{'A1'}
Unconnected arg: 20590:{'A0'}
Unconnected arg: 20603:{'A0'}
Unconnected arg: 20604:{'A1'}
Unconnected arg: 20622:{'A1'}
Unconnected arg: 20628:{'A1'}
Unconnected arg: 20630:{'A2'}
Unconnected arg: 20635:{'A1'}
Unconnected arg: 20637:{'A1'}
Unconnected arg: 20644:{'A2'}
Unconnected arg: 20646:{'A2'}
Unconnected arg: 20651:{'A1'}
Unconnected arg: 20655:{'A1'}
Unconnected arg: 20660:{'A1'}
Unconnected arg: 20670:{'A0'}
Unconnected arg: 20672:{'A1'}
Unconnected arg: 20676:{'A2'}
Unconnected arg: 20677:{'A1', 'A2'}
Unconnected arg: 20681:{'A0'}
Unconnected arg: 20682:{'A1'}
Unconnected arg: 20683:{'A1'}
Unconnected arg: 20684:{'A0'}
Unconnected arg: 20702:{'A1'}
Unconnected arg: 20711:{'A2'}
Unconnected arg: 20713:{'A1'}
Unconnected arg: 20714:{'A1'}
Unconnected arg: 20718:{'A0'}
Unconnected arg: 20731:{'A1'}
Unconnected arg: 20733:{'A1'}
Unconnected arg: 20735:{'A1'}
Unconnected arg: 20738:{'A1'}
Unconnected arg: 20742:{'A1'}
Unconnected arg: 20748:{'A1'}
Unconnected arg: 20749:{'A1'}
Unconnected arg: 20756:{'A0'}
Unconnected arg: 20759:{'A0'}
Unconnected arg: 20763:{'A1'}
Unconnected arg: 20767:{'A1'}
Unconnected arg: 20775:{'A0'}
Unconnected arg: 20781:{'A1'}
Unconnected arg: 20783:{'A0'}
Unconnected arg: 20784:{'A0'}
Unconnected arg: 20795:{'A1'}
Unconnected arg: 20799:{'A1'}
Unconnected arg: 20800:{'A2'}
Unconnected arg: 20813:{'A1'}
Unconnected arg: 20815:{'A1'}
Unconnected arg: 20816:{'A0'}
Unconnected arg: 20830:{'A1'}
Unconnected arg: 20841:{'A0'}
Unconnected arg: 20847:{'A1'}
Unconnected arg: 20850:{'A1'}
Unconnected arg: 20868:{'A1'}
Unconnected arg: 20878:{'A1'}
Unconnected arg: 20879:{'A1'}
Unconnected arg: 20883:{'A0'}
Unconnected arg: 20886:{'A0', 'A2'}
Unconnected arg: 20899:{'A0'}
Unconnected arg: 20902:{'A1'}
Unconnected arg: 20908:{'A0'}
Unconnected arg: 20913:{'A1'}
Unconnected arg: 20915:{'A1'}
Unconnected arg: 20926:{'A2'}
Unconnected arg: 20948:{'A2'}
Unconnected arg: 20966:{'A3'}
Unconnected arg: 20974:{'A1'}
Unconnected arg: 20975:{'A0'}
Unconnected arg: 20982:{'A1'}
Unconnected arg: 21014:{'A1'}
Unconnected arg: 21015:{'A1'}
Unconnected arg: 21022:{'A2'}
Unconnected arg: 21038:{'A1'}
Unconnected arg: 21040:{'A1'}
Unconnected arg: 21043:{'A1', 'A2'}
Unconnected arg: 21047:{'A1'}
Unconnected arg: 21048:{'A1'}
Unconnected arg: 21052:{'A1'}
Unconnected arg: 21053:{'A2'}
Unconnected arg: 21056:{'A1'}
Unconnected arg: 21058:{'A1'}
Unconnected arg: 21060:{'A1'}
Unconnected arg: 21072:{'A2'}
Unconnected arg: 21075:{'A2'}
Unconnected arg: 21081:{'A0'}
Unconnected arg: 21091:{'A1'}
Unconnected arg: 21103:{'A1'}
Unconnected arg: 21107:{'A1'}
Unconnected arg: 21114:{'A1'}
Unconnected arg: 21119:{'A1'}
Unconnected arg: 21126:{'A1'}
Unconnected arg: 21135:{'A1'}
Unconnected arg: 21136:{'A1'}
Unconnected arg: 21138:{'A1'}
Unconnected arg: 21142:{'A0'}
Unconnected arg: 21153:{'A1'}
Unconnected arg: 21154:{'A1'}
Unconnected arg: 21155:{'A1', 'A2'}
Unconnected arg: 21156:{'A1'}
Unconnected arg: 21157:{'A1'}
Unconnected arg: 21163:{'A1'}
Unconnected arg: 21164:{'A0'}
Unconnected arg: 21170:{'A0'}
Unconnected arg: 21171:{'A1'}
Unconnected arg: 21173:{'A1'}
Unconnected arg: 21174:{'A1'}
Unconnected arg: 21182:{'A1'}
Unconnected arg: 21183:{'A2'}
Unconnected arg: 21187:{'A0'}
Unconnected arg: 21198:{'A1'}
Unconnected arg: 21200:{'A0'}
Unconnected arg: 21203:{'A0'}
Unconnected arg: 21205:{'A1'}
Unconnected arg: 21208:{'A1'}
Unconnected arg: 21211:{'A0'}
Unconnected arg: 21214:{'A1'}
Unconnected arg: 21216:{'A1'}
Unconnected arg: 21217:{'A1'}
Unconnected arg: 21241:{'A0'}
Unconnected arg: 21243:{'A2'}
Unconnected arg: 21249:{'A1'}
Unconnected arg: 21254:{'A0'}
Unconnected arg: 21260:{'A0'}
Unconnected arg: 21263:{'A1'}
Unconnected arg: 21267:{'A2'}
Unconnected arg: 21283:{'A1'}
Unconnected arg: 21292:{'A0'}
Unconnected arg: 21297:{'A1'}
Unconnected arg: 21300:{'A1'}
Unconnected arg: 21303:{'A1'}
Unconnected arg: 21308:{'A1'}
Unconnected arg: 21311:{'A1'}
Unconnected arg: 21315:{'A1'}
Unconnected arg: 21324:{'A1', 'A2'}
Unconnected arg: 21327:{'A1'}
Unconnected arg: 21330:{'A2'}
Unconnected arg: 21333:{'A1', 'A0'}
Unconnected arg: 21342:{'A1'}
Unconnected arg: 21349:{'A1'}
Unconnected arg: 21357:{'A0'}
Unconnected arg: 21369:{'A2'}
Unconnected arg: 21370:{'A1'}
Unconnected arg: 21376:{'A1'}
Unconnected arg: 21377:{'A0'}
Unconnected arg: 21392:{'A1'}
Unconnected arg: 21413:{'A1'}
Unconnected arg: 21415:{'A0'}
Unconnected arg: 21417:{'A1'}
Unconnected arg: 21424:{'A1'}
Unconnected arg: 21429:{'A1'}
Unconnected arg: 21430:{'A1'}
Unconnected arg: 21431:{'A1'}
Unconnected arg: 21432:{'A0'}
Unconnected arg: 21434:{'A1'}
Unconnected arg: 21438:{'A1'}
Unconnected arg: 21439:{'A1'}
Unconnected arg: 21441:{'A2'}
Unconnected arg: 21442:{'A1'}
Unconnected arg: 21444:{'A2'}
Unconnected arg: 21447:{'A1'}
Unconnected arg: 21451:{'A1'}
Unconnected arg: 21452:{'A1'}
Unconnected arg: 21454:{'A0'}
Unconnected arg: 21455:{'A1'}
Unconnected arg: 21457:{'A1'}
Unconnected arg: 21458:{'A1'}
Unconnected arg: 21463:{'A1'}
Unconnected arg: 21476:{'A1'}
Unconnected arg: 21478:{'A2'}
Unconnected arg: 21479:{'A2'}
Unconnected arg: 21482:{'A0'}
Unconnected arg: 21483:{'A1'}
Unconnected arg: 21487:{'A1'}
Unconnected arg: 21498:{'A0'}
Unconnected arg: 21500:{'A1'}
Unconnected arg: 21510:{'A1'}
Unconnected arg: 21513:{'A0'}
Unconnected arg: 21516:{'A1'}
Unconnected arg: 21520:{'A1'}
Unconnected arg: 21536:{'A0'}
Unconnected arg: 21540:{'A1'}
Unconnected arg: 21563:{'A1'}
Unconnected arg: 21565:{'A1'}
Unconnected arg: 21571:{'A2'}
Unconnected arg: 21581:{'A1'}
Unconnected arg: 21596:{'A1'}
Unconnected arg: 21597:{'A0', 'A2'}
Unconnected arg: 21600:{'A1'}
Unconnected arg: 21613:{'A1'}
Unconnected arg: 21619:{'A3'}
Unconnected arg: 21627:{'A2'}
Unconnected arg: 21636:{'A1'}
Unconnected arg: 21638:{'A1'}
Unconnected arg: 21650:{'A0'}
Unconnected arg: 21652:{'A1'}
Unconnected arg: 21654:{'A1'}
Unconnected arg: 21663:{'A2'}
Unconnected arg: 21672:{'A1'}
Unconnected arg: 21674:{'A1'}
Unconnected arg: 21679:{'A1'}
Unconnected arg: 21680:{'A0'}
Unconnected arg: 21689:{'A0'}
Unconnected arg: 21694:{'A1'}
Unconnected arg: 21712:{'A0'}
Unconnected arg: 21719:{'A1'}
Unconnected arg: 21721:{'A1'}
Unconnected arg: 21731:{'A1'}
Unconnected arg: 21733:{'A1'}
Unconnected arg: 21734:{'A1'}
Unconnected arg: 21735:{'A1'}
Unconnected arg: 21736:{'A1'}
Unconnected arg: 21755:{'A1'}
Unconnected arg: 21757:{'A1'}
Unconnected arg: 21758:{'A1'}
Unconnected arg: 21762:{'A1'}
Unconnected arg: 21763:{'A1', 'A2'}
Unconnected arg: 21766:{'A0'}
Unconnected arg: 21770:{'A1'}
Unconnected arg: 21773:{'A1'}
Unconnected arg: 21782:{'A1'}
Unconnected arg: 21793:{'A0'}
Unconnected arg: 21796:{'A1', 'A2'}
Unconnected arg: 21812:{'A1'}
Unconnected arg: 21814:{'A1'}
Unconnected arg: 21818:{'A1'}
Unconnected arg: 21836:{'A1'}
Unconnected arg: 21849:{'A0'}
Unconnected arg: 21852:{'A1'}
Unconnected arg: 21860:{'A2'}
Unconnected arg: 21861:{'A2'}
Unconnected arg: 21869:{'A2'}
Unconnected arg: 21877:{'A1'}
Unconnected arg: 21878:{'A2'}
Unconnected arg: 21880:{'A0'}
Unconnected arg: 21888:{'A0'}
Unconnected arg: 21889:{'A0'}
Unconnected arg: 21899:{'A1'}
Unconnected arg: 21912:{'A0'}
Unconnected arg: 21914:{'A1'}
Unconnected arg: 21916:{'A1'}
Unconnected arg: 21930:{'A1'}
Unconnected arg: 21933:{'A0'}
Unconnected arg: 21950:{'A0'}
Unconnected arg: 21969:{'A1', 'A0'}
Unconnected arg: 21970:{'A1', 'A0'}
Unconnected arg: 21971:{'A0'}
Unconnected arg: 21981:{'A1'}
Unconnected arg: 21983:{'A1'}
Unconnected arg: 21986:{'A0'}
Unconnected arg: 21990:{'A1'}
Unconnected arg: 21993:{'A1'}
Unconnected arg: 21997:{'A0'}
Unconnected arg: 21998:{'A3', 'A2'}
Unconnected arg: 22001:{'A1'}
Unconnected arg: 22002:{'A2'}
Unconnected arg: 22012:{'A2'}
Unconnected arg: 22013:{'A2'}
Unconnected arg: 22014:{'A1'}
Unconnected arg: 22017:{'A1', 'A0'}
Unconnected arg: 22019:{'A1'}
Unconnected arg: 22028:{'A1'}
Unconnected arg: 22030:{'A0'}
Unconnected arg: 22032:{'A1'}
Unconnected arg: 22038:{'A0'}
Unconnected arg: 22039:{'A0'}
Unconnected arg: 22041:{'A0'}
Unconnected arg: 22047:{'A2'}
Unconnected arg: 22060:{'A1'}
Unconnected arg: 22062:{'A0'}
Unconnected arg: 22064:{'A1'}
Unconnected arg: 22066:{'A1'}
Unconnected arg: 22068:{'A1'}
Unconnected arg: 22071:{'A1'}
Unconnected arg: 22073:{'A1'}
Unconnected arg: 22078:{'A1'}
Unconnected arg: 22079:{'A1'}
Unconnected arg: 22087:{'A2'}
Unconnected arg: 22091:{'A1'}
Unconnected arg: 22097:{'A1'}
Unconnected arg: 22098:{'A1'}
Unconnected arg: 22110:{'A0'}
Unconnected arg: 22126:{'A2'}
Unconnected arg: 22129:{'A0'}
Unconnected arg: 22134:{'A0'}
Unconnected arg: 22137:{'A1'}
Unconnected arg: 22138:{'A1'}
Unconnected arg: 22139:{'A1'}
Unconnected arg: 22141:{'A1'}
Unconnected arg: 22142:{'A1'}
Unconnected arg: 22143:{'A1'}
Unconnected arg: 22146:{'A1', 'A0'}
Unconnected arg: 22148:{'A1', 'A2'}
Unconnected arg: 22152:{'A3'}
Unconnected arg: 22155:{'A0'}
Unconnected arg: 22159:{'A1'}
Unconnected arg: 22160:{'A1'}
Unconnected arg: 22162:{'A0'}
Unconnected arg: 22163:{'A1'}
Unconnected arg: 22164:{'A1'}
Unconnected arg: 22165:{'A1'}
Unconnected arg: 22166:{'A1'}
Unconnected arg: 22171:{'A1'}
Unconnected arg: 22175:{'A1'}
Unconnected arg: 22179:{'A1'}
Unconnected arg: 22180:{'A1'}
Unconnected arg: 22181:{'A1'}
Unconnected arg: 22182:{'A0'}
Unconnected arg: 22183:{'A0'}
Unconnected arg: 22185:{'A2'}
Unconnected arg: 22186:{'A0'}
Unconnected arg: 22188:{'A0'}
Unconnected arg: 22199:{'A0'}
Unconnected arg: 22200:{'A0'}
Unconnected arg: 22203:{'A1'}
Unconnected arg: 22205:{'A0'}
Unconnected arg: 22210:{'A1'}
Unconnected arg: 22216:{'A1'}
Unconnected arg: 22221:{'A1'}
Unconnected arg: 22223:{'A2'}
Unconnected arg: 22224:{'A0'}
Unconnected arg: 22228:{'A1'}
Unconnected arg: 22231:{'A2'}
Unconnected arg: 22235:{'A0'}
Unconnected arg: 22238:{'A0'}
Unconnected arg: 22240:{'A1'}
Unconnected arg: 22241:{'A1'}
Unconnected arg: 22243:{'A1'}
Unconnected arg: 22244:{'A1'}
Unconnected arg: 22249:{'A1'}
Unconnected arg: 22258:{'A1', 'A2'}
Unconnected arg: 22260:{'A1'}
Unconnected arg: 22261:{'A2'}
Unconnected arg: 22265:{'A1'}
Unconnected arg: 22276:{'A1'}
Unconnected arg: 22277:{'A0'}
Unconnected arg: 22287:{'A1'}
Unconnected arg: 22293:{'A1'}
Unconnected arg: 22294:{'A1'}
Unconnected arg: 22300:{'A1'}
Unconnected arg: 22311:{'A1'}
Unconnected arg: 22313:{'A1', 'A2'}
Unconnected arg: 22314:{'A1'}
Unconnected arg: 22319:{'A1'}
Unconnected arg: 22325:{'A0'}
Unconnected arg: 22326:{'A2'}
Unconnected arg: 22328:{'A1'}
Unconnected arg: 22332:{'A1'}
Unconnected arg: 22342:{'A2'}
Unconnected arg: 22350:{'A1'}
Unconnected arg: 22353:{'A0'}
Unconnected arg: 22357:{'A0'}
Unconnected arg: 22366:{'A0'}
Unconnected arg: 22372:{'A1'}
Unconnected arg: 22377:{'A1'}
Unconnected arg: 22382:{'A2'}
Unconnected arg: 22388:{'A2'}
Unconnected arg: 22389:{'A1'}
Unconnected arg: 22393:{'A1'}
Unconnected arg: 22394:{'A0'}
Unconnected arg: 22396:{'A0'}
Unconnected arg: 22397:{'A0'}
Unconnected arg: 22402:{'A0'}
Unconnected arg: 22403:{'A1'}
Unconnected arg: 22413:{'A2'}
Unconnected arg: 22414:{'A0'}
Unconnected arg: 22416:{'A1'}
Unconnected arg: 22420:{'A1'}
Unconnected arg: 22426:{'A2'}
Unconnected arg: 22427:{'A1'}
Unconnected arg: 22431:{'A1'}
Unconnected arg: 22432:{'A1'}
Unconnected arg: 22434:{'A1'}
Unconnected arg: 22439:{'A1'}
Unconnected arg: 22443:{'A1'}
Unconnected arg: 22444:{'A1'}
Unconnected arg: 22472:{'A2'}
Unconnected arg: 22475:{'A1', 'A0'}
Unconnected arg: 22483:{'A1'}
Unconnected arg: 22493:{'A1'}
Unconnected arg: 22497:{'A0'}
Unconnected arg: 22498:{'A0'}
Unconnected arg: 22504:{'A0'}
Unconnected arg: 22511:{'A2'}
Unconnected arg: 22517:{'A0'}
Unconnected arg: 22528:{'A2'}
Unconnected arg: 22530:{'A0'}
Unconnected arg: 22532:{'A1'}
Unconnected arg: 22557:{'A0'}
Unconnected arg: 22563:{'A1'}
Unconnected arg: 22564:{'A1', 'A3'}
Unconnected arg: 22567:{'A2'}
Unconnected arg: 22577:{'A0'}
Unconnected arg: 22578:{'A0'}
Unconnected arg: 22585:{'A1'}
Unconnected arg: 22595:{'A0'}
Unconnected arg: 22603:{'A1'}
Unconnected arg: 22606:{'A1', 'A0'}
Unconnected arg: 22607:{'A1'}
Unconnected arg: 22612:{'A1'}
Unconnected arg: 22624:{'A1'}
Unconnected arg: 22626:{'A1'}
Unconnected arg: 22627:{'A0'}
Unconnected arg: 22633:{'A1'}
Unconnected arg: 22637:{'A0'}
Unconnected arg: 22638:{'A1'}
Unconnected arg: 22643:{'A0'}
Unconnected arg: 22649:{'A1'}
Unconnected arg: 22656:{'A0'}
Unconnected arg: 22657:{'A1'}
Unconnected arg: 22665:{'A2'}
Unconnected arg: 22670:{'A0'}
Unconnected arg: 22682:{'A1'}
Unconnected arg: 22685:{'A0'}
Unconnected arg: 22688:{'A1'}
Unconnected arg: 22690:{'A0'}
Unconnected arg: 22692:{'A1'}
Unconnected arg: 22703:{'A1'}
Unconnected arg: 22708:{'A1'}
Unconnected arg: 22734:{'A0'}
Unconnected arg: 22736:{'A0'}
Unconnected arg: 22737:{'A0'}
Unconnected arg: 22748:{'A2'}
Unconnected arg: 22750:{'A2'}
Unconnected arg: 22751:{'A3'}
Unconnected arg: 22752:{'A3', 'A2'}
Unconnected arg: 22753:{'A2'}
Unconnected arg: 22755:{'A2'}
Unconnected arg: 22759:{'A1'}
Unconnected arg: 22767:{'A0'}
Unconnected arg: 22796:{'A1'}
Unconnected arg: 22797:{'A1'}
Unconnected arg: 22798:{'A1'}
Unconnected arg: 22801:{'A0'}
Unconnected arg: 22811:{'A1'}
Unconnected arg: 22812:{'A1'}
Unconnected arg: 22828:{'A1'}
Unconnected arg: 22834:{'A0'}
Unconnected arg: 22839:{'A1'}
Unconnected arg: 22841:{'A0'}
Unconnected arg: 22842:{'A1'}
Unconnected arg: 22855:{'A1'}
Unconnected arg: 22867:{'A1'}
Unconnected arg: 22870:{'A0'}
Unconnected arg: 22872:{'A1'}
Unconnected arg: 22875:{'A1'}
Unconnected arg: 22876:{'A0'}
Unconnected arg: 22877:{'A1'}
Unconnected arg: 22880:{'A0'}
Unconnected arg: 22883:{'A1'}
Unconnected arg: 22887:{'A1'}
Unconnected arg: 22894:{'A2'}
Unconnected arg: 22896:{'A1'}
Unconnected arg: 22899:{'A1'}
Unconnected arg: 22903:{'A2'}
Unconnected arg: 22905:{'A0'}
Unconnected arg: 22906:{'A0', 'A3'}
Unconnected arg: 22921:{'A2'}
Unconnected arg: 22922:{'A3'}
Unconnected arg: 22928:{'A0'}
Unconnected arg: 22930:{'A1'}
Unconnected arg: 22938:{'A3'}
Unconnected arg: 22940:{'A3', 'A2'}
Unconnected arg: 22941:{'A1'}
Unconnected arg: 22949:{'A1'}
Unconnected arg: 22950:{'A1'}
Unconnected arg: 22951:{'A1'}
Unconnected arg: 22952:{'A1'}
Unconnected arg: 22953:{'A1'}
Unconnected arg: 22954:{'A1'}
Unconnected arg: 22955:{'A1'}
Unconnected arg: 22956:{'A1'}
Unconnected arg: 22957:{'A1'}
Unconnected arg: 22959:{'A1'}
Unconnected arg: 22961:{'A1'}
Unconnected arg: 22962:{'A1'}
Unconnected arg: 22967:{'A0'}
Unconnected arg: 22968:{'A1'}
Unconnected arg: 22969:{'A0'}
Unconnected arg: 22970:{'A0'}
Unconnected arg: 22991:{'A1'}
Unconnected arg: 22994:{'A0'}
Unconnected arg: 22995:{'A1'}
Unconnected arg: 22997:{'A1'}
Unconnected arg: 23000:{'A2'}
Unconnected arg: 23005:{'A0'}
Unconnected arg: 23009:{'A1'}
Unconnected arg: 23011:{'A0'}
Unconnected arg: 23012:{'A0'}
Unconnected arg: 23029:{'A0'}
Unconnected arg: 23030:{'A1'}
Unconnected arg: 23031:{'A1'}
Unconnected arg: 23032:{'A1'}
Unconnected arg: 23039:{'A0'}
Unconnected arg: 23042:{'A0'}
Unconnected arg: 23045:{'A0'}
Unconnected arg: 23071:{'A1'}
Unconnected arg: 23074:{'A1'}
Unconnected arg: 23083:{'A0'}
Unconnected arg: 23088:{'A1'}
Unconnected arg: 23104:{'A0'}
Unconnected arg: 23110:{'A1'}
Unconnected arg: 23122:{'A1'}
Unconnected arg: 23129:{'A1'}
Unconnected arg: 23134:{'A1'}
Unconnected arg: 23144:{'A1'}
Unconnected arg: 23165:{'A2'}
Unconnected arg: 23187:{'A1'}
Unconnected arg: 23198:{'A1'}
Unconnected arg: 23202:{'A1'}
Unconnected arg: 23204:{'A1'}
Unconnected arg: 23206:{'A0'}
Unconnected arg: 23208:{'A0'}
Unconnected arg: 23210:{'A1'}
Unconnected arg: 23213:{'A1'}
Unconnected arg: 23217:{'A1'}
Unconnected arg: 23221:{'A1'}
Unconnected arg: 23223:{'A0'}
Unconnected arg: 23224:{'A1'}
Unconnected arg: 23229:{'A1'}
Unconnected arg: 23230:{'A1'}
Unconnected arg: 23235:{'A1'}
Unconnected arg: 23236:{'A1'}
Unconnected arg: 23237:{'A1'}
Unconnected arg: 23238:{'A1'}
Unconnected arg: 23250:{'A0'}
Unconnected arg: 23257:{'A1'}
Unconnected arg: 23263:{'A1'}
Unconnected arg: 23264:{'A1'}
Unconnected arg: 23275:{'A2'}
Unconnected arg: 23286:{'A0'}
Unconnected arg: 23288:{'A1'}
Unconnected arg: 23289:{'A1'}
Unconnected arg: 23299:{'A1'}
Unconnected arg: 23312:{'A1'}
Unconnected arg: 23313:{'A0'}
Unconnected arg: 23315:{'A1'}
Unconnected arg: 23321:{'A0'}
Unconnected arg: 23329:{'A1'}
Unconnected arg: 23343:{'A1', 'A0'}
Unconnected arg: 23345:{'A0'}
Unconnected arg: 23346:{'A0'}
Unconnected arg: 23347:{'A0'}
Unconnected arg: 23348:{'A0'}
Unconnected arg: 23353:{'A2'}
Unconnected arg: 23363:{'A2'}
Unconnected arg: 23379:{'A1'}
Unconnected arg: 23389:{'A1'}
Unconnected arg: 23392:{'A1'}
Unconnected arg: 23395:{'A1'}
Unconnected arg: 23409:{'A0'}
Unconnected arg: 23410:{'A0'}
Unconnected arg: 23456:{'A1'}
Unconnected arg: 23463:{'A1', 'A0'}
Unconnected arg: 23464:{'A0'}
Unconnected arg: 23467:{'A2'}
Unconnected arg: 23469:{'A1'}
Unconnected arg: 23470:{'A1'}
Unconnected arg: 23472:{'A1'}
Unconnected arg: 23475:{'A1'}
Unconnected arg: 23482:{'A2'}
Unconnected arg: 23491:{'A1'}
Unconnected arg: 23492:{'A1'}
Unconnected arg: 23497:{'A1'}
Unconnected arg: 23507:{'A2'}
Unconnected arg: 23515:{'A1'}
Unconnected arg: 23517:{'A2'}
Unconnected arg: 23528:{'A1'}
Unconnected arg: 23531:{'A2'}
Unconnected arg: 23533:{'A1'}
Unconnected arg: 23534:{'A1'}
Unconnected arg: 23536:{'A1'}
Unconnected arg: 23541:{'A1'}
Unconnected arg: 23548:{'A1'}
Unconnected arg: 23551:{'A0'}
Unconnected arg: 23555:{'A1'}
Unconnected arg: 23558:{'A1'}
Unconnected arg: 23560:{'A1'}
Unconnected arg: 23565:{'A1'}
Unconnected arg: 23569:{'A1'}
Unconnected arg: 23573:{'A1'}
Unconnected arg: 23577:{'A1'}
Unconnected arg: 23578:{'A1'}
Unconnected arg: 23579:{'A2'}
Unconnected arg: 23585:{'A1'}
Unconnected arg: 23586:{'A0'}
Unconnected arg: 23587:{'A0'}
Unconnected arg: 23589:{'A0'}
Unconnected arg: 23598:{'A1'}
Unconnected arg: 23602:{'A1'}
Unconnected arg: 23603:{'A0'}
Unconnected arg: 23604:{'A1'}
Unconnected arg: 23605:{'A1'}
Unconnected arg: 23610:{'A1'}
Unconnected arg: 23613:{'A1'}
Unconnected arg: 23616:{'A1'}
Unconnected arg: 23618:{'A1'}
Unconnected arg: 23620:{'A0'}
Unconnected arg: 23640:{'A1'}
Unconnected arg: 23652:{'A1'}
Unconnected arg: 23657:{'A0'}
Unconnected arg: 23658:{'A1'}
Unconnected arg: 23659:{'A2'}
Unconnected arg: 23660:{'A2'}
Unconnected arg: 23671:{'A1'}
Unconnected arg: 23674:{'A1'}
Unconnected arg: 23684:{'A1'}
Unconnected arg: 23686:{'A1'}
Unconnected arg: 23699:{'A1'}
Unconnected arg: 23702:{'A1'}
Unconnected arg: 23703:{'A1'}
Unconnected arg: 23707:{'A1'}
Unconnected arg: 23709:{'A1'}
Unconnected arg: 23710:{'A1'}
Unconnected arg: 23711:{'A0'}
Unconnected arg: 23712:{'A0'}
Unconnected arg: 23715:{'A1'}
Unconnected arg: 23728:{'A1'}
Unconnected arg: 23731:{'A0'}
Unconnected arg: 23734:{'A2'}
Unconnected arg: 23735:{'A0', 'A2'}
Unconnected arg: 23740:{'A0'}
Unconnected arg: 23753:{'A1', 'A0'}
Unconnected arg: 23756:{'A0'}
Unconnected arg: 23762:{'A1'}
Unconnected arg: 23770:{'A0'}
Unconnected arg: 23771:{'A1'}
Unconnected arg: 23774:{'A1'}
Unconnected arg: 23777:{'A2'}
Unconnected arg: 23782:{'A1'}
Unconnected arg: 23798:{'A2'}
Unconnected arg: 23807:{'A1'}
Unconnected arg: 23817:{'A0'}
Unconnected arg: 23819:{'A1'}
Unconnected arg: 23825:{'A1', 'A0'}
Unconnected arg: 23826:{'A1'}
Unconnected arg: 23827:{'A1'}
Unconnected arg: 23830:{'A0'}
Unconnected arg: 23832:{'A0'}
Unconnected arg: 23833:{'A0'}
Unconnected arg: 23837:{'A0'}
Unconnected arg: 23861:{'A1'}
Unconnected arg: 23869:{'A1'}
Unconnected arg: 23873:{'A1'}
Unconnected arg: 23874:{'A1'}
Unconnected arg: 23877:{'A1'}
Unconnected arg: 23882:{'A1'}
Unconnected arg: 23884:{'A1'}
Unconnected arg: 23898:{'A1'}
Unconnected arg: 23905:{'A1'}
Unconnected arg: 23908:{'A1'}
Unconnected arg: 23920:{'A2'}
Unconnected arg: 23923:{'A1'}
Unconnected arg: 23926:{'A0'}
Unconnected arg: 23932:{'A0'}
Unconnected arg: 23933:{'A1'}
Unconnected arg: 23934:{'A1', 'A0'}
Unconnected arg: 23946:{'A1'}
Unconnected arg: 23967:{'A1'}
Unconnected arg: 23973:{'A2'}
Unconnected arg: 23975:{'A2'}
Unconnected arg: 23977:{'A1'}
Unconnected arg: 23979:{'A1'}
Unconnected arg: 23985:{'A1'}
Unconnected arg: 23988:{'A0'}
Unconnected arg: 23989:{'A0'}
Unconnected arg: 24001:{'A1', 'A2'}
Unconnected arg: 24011:{'A1'}
Unconnected arg: 24013:{'A1'}
Unconnected arg: 24015:{'A1'}
Unconnected arg: 24016:{'A2'}
Unconnected arg: 24026:{'A0'}
Unconnected arg: 24028:{'A1'}
Unconnected arg: 24034:{'A1'}
Unconnected arg: 24035:{'A1'}
Unconnected arg: 24037:{'A1'}
Unconnected arg: 24038:{'A1'}
Unconnected arg: 24043:{'A1', 'A2'}
Unconnected arg: 24047:{'A1'}
Unconnected arg: 24055:{'A2'}
Unconnected arg: 24065:{'A2'}
Unconnected arg: 24066:{'A2'}
Unconnected arg: 24068:{'A1'}
Unconnected arg: 24070:{'A1'}
Unconnected arg: 24073:{'A1'}
Unconnected arg: 24078:{'A2'}
Unconnected arg: 24082:{'A2'}
Unconnected arg: 24083:{'A1'}
Unconnected arg: 24087:{'A2'}
Unconnected arg: 24090:{'A0'}
Unconnected arg: 24100:{'A2'}
Unconnected arg: 24103:{'A2'}
Unconnected arg: 24104:{'A2'}
Unconnected arg: 24105:{'A0'}
Unconnected arg: 24106:{'A1'}
Unconnected arg: 24109:{'A1'}
Unconnected arg: 24111:{'A1'}
Unconnected arg: 24119:{'A1'}
Unconnected arg: 24121:{'A1'}
Unconnected arg: 24124:{'A1'}
Unconnected arg: 24130:{'A1'}
Unconnected arg: 24133:{'A1'}
Unconnected arg: 24146:{'A1'}
Unconnected arg: 24147:{'A1'}
Unconnected arg: 24150:{'A1'}
Unconnected arg: 24165:{'A0'}
Unconnected arg: 24167:{'A1'}
Unconnected arg: 24171:{'A1'}
Unconnected arg: 24182:{'A0', 'A2'}
Unconnected arg: 24189:{'A0'}
Unconnected arg: 24190:{'A1'}
Unconnected arg: 24191:{'A0'}
Unconnected arg: 24192:{'A1', 'A0'}
Unconnected arg: 24197:{'A1'}
Unconnected arg: 24201:{'A1'}
Unconnected arg: 24203:{'A1'}
Unconnected arg: 24205:{'A2'}
Unconnected arg: 24206:{'A0'}
Unconnected arg: 24209:{'A1'}
Unconnected arg: 24210:{'A2'}
Unconnected arg: 24221:{'A0'}
Unconnected arg: 24223:{'A0'}
Unconnected arg: 24224:{'A1'}
Unconnected arg: 24226:{'A1'}
Unconnected arg: 24233:{'A0'}
Unconnected arg: 24235:{'A1'}
Unconnected arg: 24236:{'A1'}
Unconnected arg: 24237:{'A2'}
Unconnected arg: 24254:{'A0'}
Unconnected arg: 24258:{'A1'}
Unconnected arg: 24261:{'A1'}
Unconnected arg: 24264:{'A1'}
Unconnected arg: 24271:{'A1'}
Unconnected arg: 24275:{'A1'}
Unconnected arg: 24281:{'A3'}
Unconnected arg: 24286:{'A1'}
Unconnected arg: 24289:{'A0'}
Unconnected arg: 24293:{'A1'}
Unconnected arg: 24297:{'A1'}
Unconnected arg: 24301:{'A1'}
Unconnected arg: 24303:{'A2'}
Unconnected arg: 24310:{'A1'}
Unconnected arg: 24329:{'A2'}
Unconnected arg: 24341:{'A2'}
Unconnected arg: 24343:{'A1', 'A0'}
Unconnected arg: 24349:{'A1'}
Unconnected arg: 24355:{'A0'}
Unconnected arg: 24367:{'A1'}
Unconnected arg: 24368:{'A0'}
Unconnected arg: 24382:{'A1'}
Unconnected arg: 24383:{'A1'}
Unconnected arg: 24389:{'A0'}
Unconnected arg: 24399:{'A1'}
Unconnected arg: 24401:{'A1'}
Unconnected arg: 24405:{'A2'}
Unconnected arg: 24411:{'A1'}
Unconnected arg: 24413:{'A1'}
Unconnected arg: 24417:{'A1'}
Unconnected arg: 24418:{'A1'}
Unconnected arg: 24421:{'A1'}
Unconnected arg: 24431:{'A0'}
Unconnected arg: 24435:{'A1'}
Unconnected arg: 24438:{'A2'}
Unconnected arg: 24446:{'A1'}
Unconnected arg: 24448:{'A1'}
Unconnected arg: 24469:{'A0'}
Unconnected arg: 24471:{'A1'}
Unconnected arg: 24476:{'A2'}
Unconnected arg: 24479:{'A1'}
Unconnected arg: 24485:{'A1'}
Unconnected arg: 24486:{'A1'}
Unconnected arg: 24490:{'A2'}
Unconnected arg: 24492:{'A0'}
Unconnected arg: 24493:{'A1'}
Unconnected arg: 24508:{'A1'}
Unconnected arg: 24512:{'A1'}
Unconnected arg: 24514:{'A1'}
Unconnected arg: 24522:{'A1'}
Unconnected arg: 24526:{'A0'}
Unconnected arg: 24529:{'A1', 'A3'}
Unconnected arg: 24531:{'A2'}
Unconnected arg: 24533:{'A0'}
Unconnected arg: 24535:{'A2'}
Unconnected arg: 24541:{'A1'}
Unconnected arg: 24546:{'A1'}
Unconnected arg: 24555:{'A0'}
Unconnected arg: 24558:{'A1'}
Unconnected arg: 24565:{'A1'}
Unconnected arg: 24566:{'A1'}
Unconnected arg: 24570:{'A1'}
Unconnected arg: 24571:{'A2'}
Unconnected arg: 24572:{'A1'}
Unconnected arg: 24575:{'A0'}
Unconnected arg: 24578:{'A1'}
Unconnected arg: 24586:{'A2'}
Unconnected arg: 24588:{'A1'}
Unconnected arg: 24596:{'A1'}
Unconnected arg: 24604:{'A1', 'A0'}
Unconnected arg: 24605:{'A1'}
Unconnected arg: 24613:{'A1'}
Unconnected arg: 24630:{'A1'}
Unconnected arg: 24632:{'A1'}
Unconnected arg: 24645:{'A1'}
Unconnected arg: 24658:{'A1'}
Unconnected arg: 24659:{'A0'}
Unconnected arg: 24660:{'A1'}
Unconnected arg: 24661:{'A1'}
Unconnected arg: 24663:{'A1', 'A2'}
Unconnected arg: 24664:{'A1'}
Unconnected arg: 24670:{'A2'}
Unconnected arg: 24672:{'A0'}
Unconnected arg: 24683:{'A1'}
Unconnected arg: 24690:{'A0'}
Unconnected arg: 24691:{'A1'}
Unconnected arg: 24700:{'A1'}
Unconnected arg: 24701:{'A1'}
Unconnected arg: 24703:{'A1'}
Unconnected arg: 24730:{'A2'}
Unconnected arg: 24736:{'A1'}
Unconnected arg: 24737:{'A3'}
Unconnected arg: 24742:{'A0'}
Unconnected arg: 24743:{'A0'}
Unconnected arg: 24753:{'A0'}
Unconnected arg: 24755:{'A2'}
Unconnected arg: 24759:{'A2'}
Unconnected arg: 24763:{'A1'}
Unconnected arg: 24764:{'A1'}
Unconnected arg: 24765:{'A0'}
Unconnected arg: 24768:{'A1'}
Unconnected arg: 24774:{'A1'}
Unconnected arg: 24776:{'A0'}
Unconnected arg: 24779:{'A2'}
Unconnected arg: 24780:{'A1'}
Unconnected arg: 24788:{'A0'}
Unconnected arg: 24792:{'A0'}
Unconnected arg: 24820:{'A2'}
Unconnected arg: 24823:{'A2'}
Unconnected arg: 24836:{'A1'}
Unconnected arg: 24842:{'A2'}
Unconnected arg: 24846:{'A1'}
Unconnected arg: 24848:{'A1'}
Unconnected arg: 24851:{'A2'}
Unconnected arg: 24854:{'A0'}
Unconnected arg: 24870:{'A0'}
Unconnected arg: 24871:{'A1'}
Unconnected arg: 24879:{'A0'}
Unconnected arg: 24884:{'A1'}
Unconnected arg: 24886:{'A0'}
Unconnected arg: 24899:{'A1'}
Unconnected arg: 24900:{'A1'}
Unconnected arg: 24901:{'A1'}
Unconnected arg: 24904:{'A1'}
Unconnected arg: 24906:{'A0'}
Unconnected arg: 24907:{'A1'}
Unconnected arg: 24916:{'A1'}
Unconnected arg: 24918:{'A0'}
Unconnected arg: 24920:{'A0'}
Unconnected arg: 24945:{'A0'}
Unconnected arg: 24947:{'A1'}
Unconnected arg: 24953:{'A0'}
Unconnected arg: 24957:{'A1'}
Unconnected arg: 24971:{'A2'}
Unconnected arg: 24976:{'A1'}
Unconnected arg: 24980:{'A0'}
Unconnected arg: 24982:{'A1'}
Unconnected arg: 24983:{'A0'}
Unconnected arg: 24989:{'A2'}
Unconnected arg: 24991:{'A0'}
Unconnected arg: 24994:{'A0'}
Unconnected arg: 24997:{'A0'}
Unconnected arg: 25009:{'A1'}
Unconnected arg: 25010:{'A1'}
Unconnected arg: 25026:{'A1'}
Unconnected arg: 25027:{'A1'}
Unconnected arg: 25028:{'A0'}
Unconnected arg: 25031:{'A1', 'A0'}
Unconnected arg: 25042:{'A1'}
Unconnected arg: 25044:{'A0'}
Unconnected arg: 25046:{'A1'}
Unconnected arg: 25047:{'A0'}
Unconnected arg: 25050:{'A1'}
Unconnected arg: 25054:{'A1'}
Unconnected arg: 25072:{'A0'}
Unconnected arg: 25075:{'A0'}
Unconnected arg: 25079:{'A3'}
Unconnected arg: 25082:{'A3'}
Unconnected arg: 25089:{'A2'}
Unconnected arg: 25092:{'A2'}
Unconnected arg: 25095:{'A0'}
Unconnected arg: 25127:{'A1'}
Unconnected arg: 25128:{'A0'}
Unconnected arg: 25130:{'A1'}
Unconnected arg: 25131:{'A2'}
Unconnected arg: 25140:{'A1'}
Unconnected arg: 25157:{'A1', 'A2'}
Unconnected arg: 25158:{'A1'}
Unconnected arg: 25159:{'A1'}
Unconnected arg: 25164:{'A1'}
Unconnected arg: 25165:{'A1'}
Unconnected arg: 25168:{'A1'}
Unconnected arg: 25172:{'A1'}
Unconnected arg: 25175:{'A1'}
Unconnected arg: 25184:{'A1'}
Unconnected arg: 25187:{'A1'}
Unconnected arg: 25193:{'A1'}
Unconnected arg: 25194:{'A1'}
Unconnected arg: 25202:{'A1'}
Unconnected arg: 25208:{'A0'}
Unconnected arg: 25209:{'A1'}
Unconnected arg: 25211:{'A0'}
Unconnected arg: 25212:{'A1', 'A0'}
Unconnected arg: 25250:{'A1'}
Unconnected arg: 25267:{'A0'}
Unconnected arg: 25269:{'A1'}
Unconnected arg: 25279:{'A2'}
Unconnected arg: 25285:{'A0'}
Unconnected arg: 25291:{'A1'}
Unconnected arg: 25295:{'A1'}
Unconnected arg: 25296:{'A0'}
Unconnected arg: 25301:{'A1', 'A2'}
Unconnected arg: 25304:{'A1'}
Unconnected arg: 25312:{'A0'}
Unconnected arg: 25313:{'A0'}
Unconnected arg: 25314:{'A0'}
Unconnected arg: 25317:{'A0'}
Unconnected arg: 25320:{'A0'}
Unconnected arg: 25327:{'A1'}
Unconnected arg: 25329:{'A0'}
Unconnected arg: 25330:{'A0'}
Unconnected arg: 25332:{'A1'}
Unconnected arg: 25333:{'A3'}
Unconnected arg: 25336:{'A1'}
Unconnected arg: 25344:{'A1'}
Unconnected arg: 25364:{'A0'}
Unconnected arg: 25368:{'A1'}
Unconnected arg: 25382:{'A0'}
Unconnected arg: 25384:{'A0'}
Unconnected arg: 25390:{'A1'}
Unconnected arg: 25395:{'A1'}
Unconnected arg: 25404:{'A2'}
Unconnected arg: 25405:{'A2'}
Unconnected arg: 25433:{'A0'}
Unconnected arg: 25440:{'A0'}
Unconnected arg: 25442:{'A0'}
Unconnected arg: 25448:{'A1', 'A0'}
Unconnected arg: 25449:{'A1'}
Unconnected arg: 25450:{'A1'}
Unconnected arg: 25451:{'A2'}
Unconnected arg: 25454:{'A1'}
Unconnected arg: 25455:{'A1'}
Unconnected arg: 25456:{'A2'}
Unconnected arg: 25462:{'A1'}
Unconnected arg: 25463:{'A1'}
Unconnected arg: 25467:{'A0'}
Unconnected arg: 25471:{'A1'}
Unconnected arg: 25475:{'A0'}
Unconnected arg: 25476:{'A1'}
Unconnected arg: 25477:{'A0'}
Unconnected arg: 25478:{'A1'}
Unconnected arg: 25488:{'A2'}
Unconnected arg: 25489:{'A1', 'A0'}
Unconnected arg: 25493:{'A1'}
Unconnected arg: 25494:{'A1'}
Unconnected arg: 25498:{'A0'}
Unconnected arg: 25499:{'A1', 'A2'}
Unconnected arg: 25502:{'A2'}
Unconnected arg: 25506:{'A1'}
Unconnected arg: 25509:{'A0'}
Unconnected arg: 25511:{'A1'}
Unconnected arg: 25514:{'A1'}
Unconnected arg: 25518:{'A0'}
Unconnected arg: 25520:{'A1'}
Unconnected arg: 25530:{'A1'}
Unconnected arg: 25531:{'A1'}
Unconnected arg: 25533:{'A1'}
Unconnected arg: 25534:{'A1'}
Unconnected arg: 25535:{'A1'}
Unconnected arg: 25536:{'A1'}
Unconnected arg: 25540:{'A0'}
Unconnected arg: 25541:{'A1', 'A0'}
Unconnected arg: 25542:{'A1'}
Unconnected arg: 25544:{'A0'}
Unconnected arg: 25545:{'A0'}
Unconnected arg: 25558:{'A1'}
Unconnected arg: 25559:{'A1'}
Unconnected arg: 25561:{'A1'}
Unconnected arg: 25563:{'A1'}
Unconnected arg: 25567:{'A0'}
Unconnected arg: 25578:{'A1'}
Unconnected arg: 25579:{'A1'}
Unconnected arg: 25586:{'A1'}
Unconnected arg: 25589:{'A1'}
Unconnected arg: 25599:{'A2'}
Unconnected arg: 25601:{'A0'}
Unconnected arg: 25618:{'A1'}
Unconnected arg: 25625:{'A0'}
Unconnected arg: 25626:{'A1'}
Unconnected arg: 25629:{'A0'}
Unconnected arg: 25638:{'A0'}
Unconnected arg: 25639:{'A0'}
Unconnected arg: 25640:{'A0'}
Unconnected arg: 25650:{'A0'}
Unconnected arg: 25651:{'A0'}
Unconnected arg: 25653:{'A2'}
Unconnected arg: 25664:{'A0'}
Unconnected arg: 25667:{'A1'}
Unconnected arg: 25678:{'A0'}
Unconnected arg: 25683:{'A1'}
Unconnected arg: 25684:{'A1'}
Unconnected arg: 25686:{'A1'}
Unconnected arg: 25701:{'A0'}
Unconnected arg: 25706:{'A0'}
Unconnected arg: 25711:{'A1'}
Unconnected arg: 25716:{'A0'}
Unconnected arg: 25722:{'A1'}
Unconnected arg: 25724:{'A1'}
Unconnected arg: 25732:{'A2'}
Unconnected arg: 25736:{'A1'}
Unconnected arg: 25755:{'A1', 'A0'}
Unconnected arg: 25758:{'A2'}
Unconnected arg: 25760:{'A1', 'A0'}
Unconnected arg: 25771:{'A1'}
Unconnected arg: 25773:{'A1'}
Unconnected arg: 25803:{'A1'}
Unconnected arg: 25806:{'A1'}
Unconnected arg: 25821:{'A0'}
Unconnected arg: 25829:{'A1'}
Unconnected arg: 25831:{'A0'}
Unconnected arg: 25836:{'A1'}
Unconnected arg: 25848:{'A2'}
Unconnected arg: 25855:{'A2'}
Unconnected arg: 25861:{'A2'}
Unconnected arg: 25862:{'A0'}
Unconnected arg: 25863:{'A1', 'A2'}
Unconnected arg: 25865:{'A1'}
Unconnected arg: 25880:{'A0'}
Unconnected arg: 25881:{'A0'}
Unconnected arg: 25882:{'A0'}
Unconnected arg: 25892:{'A1'}
Unconnected arg: 25897:{'A1'}
Unconnected arg: 25899:{'A1'}
Unconnected arg: 25902:{'A2'}
Unconnected arg: 25908:{'A3'}
Unconnected arg: 25914:{'A1'}
Unconnected arg: 25915:{'A0'}
Unconnected arg: 25922:{'A1'}
Unconnected arg: 25926:{'A0'}
Unconnected arg: 25936:{'A1'}
Unconnected arg: 25937:{'A1'}
Unconnected arg: 25940:{'A2'}
Unconnected arg: 25942:{'A1'}
Unconnected arg: 25945:{'A1'}
Unconnected arg: 25949:{'A1'}
Unconnected arg: 25953:{'A1'}
Unconnected arg: 25962:{'A1'}
Unconnected arg: 25970:{'A2'}
Unconnected arg: 25972:{'A2'}
Unconnected arg: 25973:{'A0'}
Unconnected arg: 25975:{'A1'}
Unconnected arg: 25979:{'A1'}
Unconnected arg: 25986:{'A2'}
Unconnected arg: 25990:{'A2'}
Unconnected arg: 25993:{'A1'}
Unconnected arg: 26013:{'A1'}
Unconnected arg: 26014:{'A1'}
Unconnected arg: 26026:{'A1'}
Unconnected arg: 26033:{'A1'}
Unconnected arg: 26034:{'A0'}
Unconnected arg: 26051:{'A0'}
Unconnected arg: 26054:{'A0'}
Unconnected arg: 26056:{'A3'}
Unconnected arg: 26065:{'A0'}
Unconnected arg: 26070:{'A1'}
Unconnected arg: 26071:{'A1'}
Unconnected arg: 26075:{'A2'}
Unconnected arg: 26077:{'A2'}
Unconnected arg: 26080:{'A2'}
Unconnected arg: 26084:{'A0'}
Unconnected arg: 26085:{'A0'}
Unconnected arg: 26087:{'A0'}
Unconnected arg: 26097:{'A0'}
Unconnected arg: 26109:{'A0'}
Unconnected arg: 26110:{'A2'}
Unconnected arg: 26113:{'A2'}
Unconnected arg: 26125:{'A2'}
Unconnected arg: 26127:{'A1'}
Unconnected arg: 26131:{'A1'}
Unconnected arg: 26133:{'A0', 'A3'}
Unconnected arg: 26135:{'A0'}
Unconnected arg: 26146:{'A1'}
Unconnected arg: 26151:{'A1'}
Unconnected arg: 26153:{'A0'}
Unconnected arg: 26166:{'A0'}
Unconnected arg: 26167:{'A0'}
Unconnected arg: 26170:{'A1'}
Unconnected arg: 26171:{'A1', 'A2'}
Unconnected arg: 26176:{'A2'}
Unconnected arg: 26177:{'A0'}
Unconnected arg: 26178:{'A0'}
Unconnected arg: 26184:{'A2'}
Unconnected arg: 26191:{'A1'}
Unconnected arg: 26202:{'A0'}
Unconnected arg: 26206:{'A1'}
Unconnected arg: 26207:{'A1'}
Unconnected arg: 26218:{'A1'}
Unconnected arg: 26224:{'A1'}
Unconnected arg: 26228:{'A1'}
Unconnected arg: 26238:{'A1'}
Unconnected arg: 26251:{'A1'}
Unconnected arg: 26259:{'A1'}
Unconnected arg: 26270:{'A2'}
Unconnected arg: 26271:{'A0'}
Unconnected arg: 26284:{'A1'}
Unconnected arg: 26288:{'A2'}
Unconnected arg: 26293:{'A2'}
Unconnected arg: 26298:{'A0'}
Unconnected arg: 26299:{'A0'}
Unconnected arg: 26303:{'A1'}
Unconnected arg: 26307:{'A1'}
Unconnected arg: 26312:{'A1'}
Unconnected arg: 26318:{'A2'}
Unconnected arg: 26322:{'A0'}
Unconnected arg: 26325:{'A1'}
Unconnected arg: 26327:{'A1'}
Unconnected arg: 26330:{'A0'}
Unconnected arg: 26331:{'A0'}
Unconnected arg: 26332:{'A0'}
Unconnected arg: 26333:{'A0'}
Unconnected arg: 26336:{'A1'}
Unconnected arg: 26351:{'A1'}
Unconnected arg: 26364:{'A1'}
Unconnected arg: 26372:{'A2'}
Unconnected arg: 26373:{'A2'}
Unconnected arg: 26375:{'A0'}
Unconnected arg: 26380:{'A1'}
Unconnected arg: 26383:{'A1'}
Unconnected arg: 26384:{'A1'}
Unconnected arg: 26389:{'A1'}
Unconnected arg: 26396:{'A1'}
Unconnected arg: 26400:{'A0'}
Unconnected arg: 26401:{'A0'}
Unconnected arg: 26402:{'A1', 'A0'}
Unconnected arg: 26403:{'A0'}
Unconnected arg: 26407:{'A1'}
Unconnected arg: 26409:{'A1'}
Unconnected arg: 26416:{'A1'}
Unconnected arg: 26419:{'A1'}
Unconnected arg: 26421:{'A0'}
Unconnected arg: 26426:{'A0'}
Unconnected arg: 26427:{'A0'}
Unconnected arg: 26434:{'A1'}
Unconnected arg: 26445:{'A1'}
Unconnected arg: 26446:{'A1'}
Unconnected arg: 26448:{'A1'}
Unconnected arg: 26462:{'A2'}
Unconnected arg: 26466:{'A1'}
Unconnected arg: 26470:{'A0'}
Unconnected arg: 26497:{'A1'}
Unconnected arg: 26505:{'A2'}
Unconnected arg: 26515:{'A1'}
Unconnected arg: 26517:{'A1'}
Unconnected arg: 26538:{'A1'}
Unconnected arg: 26539:{'A1'}
Unconnected arg: 26541:{'A1'}
Unconnected arg: 26545:{'A1'}
Unconnected arg: 26546:{'A0'}
Unconnected arg: 26554:{'A1'}
Unconnected arg: 26556:{'A1'}
Unconnected arg: 26557:{'A0'}
Unconnected arg: 26558:{'A1'}
Unconnected arg: 26560:{'A1'}
Unconnected arg: 26562:{'A2'}
Unconnected arg: 26563:{'A1'}
Unconnected arg: 26570:{'A0'}
Unconnected arg: 26571:{'A0'}
Unconnected arg: 26583:{'A1'}
Unconnected arg: 26592:{'A0'}
Unconnected arg: 26594:{'A1'}
Unconnected arg: 26607:{'A1'}
Unconnected arg: 26612:{'A2'}
Unconnected arg: 26613:{'A0'}
Unconnected arg: 26614:{'A1'}
Unconnected arg: 26619:{'A0'}
Unconnected arg: 26622:{'A0'}
Unconnected arg: 26623:{'A1'}
Unconnected arg: 26638:{'A0'}
Unconnected arg: 26640:{'A2'}
Unconnected arg: 26645:{'A1'}
Unconnected arg: 26661:{'A1'}
Unconnected arg: 26667:{'A2'}
Unconnected arg: 26676:{'A1'}
Unconnected arg: 26685:{'A0'}
Unconnected arg: 26697:{'A2'}
Unconnected arg: 26706:{'A2'}
Unconnected arg: 26719:{'A1'}
Unconnected arg: 26721:{'A0'}
Unconnected arg: 26729:{'A1'}
Unconnected arg: 26730:{'A1'}
Unconnected arg: 26734:{'A1'}
Unconnected arg: 26754:{'A1'}
Unconnected arg: 26755:{'A1'}
Unconnected arg: 26763:{'A1'}
Unconnected arg: 26783:{'A1'}
Unconnected arg: 26788:{'A0'}
Unconnected arg: 26794:{'A1', 'A0'}
Unconnected arg: 26795:{'A1', 'A0'}
Unconnected arg: 26800:{'A1'}
Unconnected arg: 26816:{'A2'}
Unconnected arg: 26818:{'A1'}
Unconnected arg: 26825:{'A1'}
Unconnected arg: 26831:{'A0'}
Unconnected arg: 26841:{'A1'}
Unconnected arg: 26845:{'A1'}
Unconnected arg: 26856:{'A3', 'A2'}
Unconnected arg: 26858:{'A0'}
Unconnected arg: 26862:{'A1'}
Unconnected arg: 26877:{'A2'}
Unconnected arg: 26882:{'A2'}
Unconnected arg: 26886:{'A1'}
Unconnected arg: 26898:{'A1'}
Unconnected arg: 26904:{'A1'}
Unconnected arg: 26908:{'A1'}
Unconnected arg: 26912:{'A1'}
Unconnected arg: 26914:{'A1'}
Unconnected arg: 26916:{'A2'}
Unconnected arg: 26917:{'A2'}
Unconnected arg: 26918:{'A1'}
Unconnected arg: 26950:{'A1'}
Unconnected arg: 26955:{'A2'}
Unconnected arg: 26956:{'A4'}
Unconnected arg: 26963:{'A1'}
Unconnected arg: 26966:{'A0'}
Unconnected arg: 26967:{'A1', 'A0'}
Unconnected arg: 26968:{'A1'}
Unconnected arg: 26969:{'A0'}
Unconnected arg: 26976:{'A1'}
Unconnected arg: 26985:{'A1'}
Unconnected arg: 26986:{'A2'}
Unconnected arg: 26996:{'A0'}
Unconnected arg: 27000:{'A3'}
Unconnected arg: 27003:{'A1'}
Unconnected arg: 27005:{'A1'}
Unconnected arg: 27021:{'A1'}
Unconnected arg: 27022:{'A1'}
Unconnected arg: 27027:{'A1', 'A0'}
Unconnected arg: 27028:{'A0'}
Unconnected arg: 27038:{'A2'}
Unconnected arg: 27055:{'A1'}
Unconnected arg: 27059:{'A1'}
Unconnected arg: 27064:{'A1'}
Unconnected arg: 27067:{'A1'}
Unconnected arg: 27070:{'A1'}
Unconnected arg: 27071:{'A0'}
Unconnected arg: 27075:{'A1', 'A0'}
Unconnected arg: 27079:{'A1'}
Unconnected arg: 27080:{'A1'}
Unconnected arg: 27087:{'A1'}
Unconnected arg: 27089:{'A1', 'A0'}
Unconnected arg: 27096:{'A1'}
Unconnected arg: 27101:{'A2'}
Unconnected arg: 27105:{'A1'}
Unconnected arg: 27112:{'A1'}
Unconnected arg: 27113:{'A1'}
Unconnected arg: 27115:{'A0'}
Unconnected arg: 27127:{'A1'}
Unconnected arg: 27145:{'A3'}
Unconnected arg: 27146:{'A1'}
Unconnected arg: 27148:{'A1'}
Unconnected arg: 27152:{'A2'}
Unconnected arg: 27158:{'A0'}
Unconnected arg: 27159:{'A1'}
Unconnected arg: 27162:{'A1'}
Unconnected arg: 27163:{'A0'}
Unconnected arg: 27169:{'A1'}
Unconnected arg: 27175:{'A1'}
Unconnected arg: 27182:{'A1'}
Unconnected arg: 27183:{'A1'}
Unconnected arg: 27185:{'A0'}
Unconnected arg: 27186:{'A1'}
Unconnected arg: 27193:{'A1'}
Unconnected arg: 27199:{'A0'}
Unconnected arg: 27219:{'A1'}
Unconnected arg: 27222:{'A1'}
Unconnected arg: 27225:{'A1'}
Unconnected arg: 27232:{'A0'}
Unconnected arg: 27233:{'A1'}
Unconnected arg: 27235:{'A1'}
Unconnected arg: 27257:{'A0', 'A3'}
Unconnected arg: 27266:{'A1'}
Unconnected arg: 27269:{'A1'}
Unconnected arg: 27273:{'A1'}
Unconnected arg: 27280:{'A0'}
Unconnected arg: 27286:{'A2'}
Unconnected arg: 27289:{'A2'}
Unconnected arg: 27302:{'A1'}
Unconnected arg: 27306:{'A1'}
Unconnected arg: 27318:{'A1'}
Unconnected arg: 27321:{'A0'}
Unconnected arg: 27326:{'A0'}
Unconnected arg: 27332:{'A2'}
Unconnected arg: 27333:{'A1'}
Unconnected arg: 27347:{'A1'}
Unconnected arg: 27349:{'A2'}
Unconnected arg: 27364:{'A1'}
Unconnected arg: 27371:{'A0'}
Unconnected arg: 27374:{'A1', 'A0'}
Unconnected arg: 27375:{'A1'}
Unconnected arg: 27376:{'A1'}
Unconnected arg: 27388:{'A0'}
Unconnected arg: 27393:{'A2'}
Unconnected arg: 27396:{'A2'}
Unconnected arg: 27397:{'A1', 'A2'}
Unconnected arg: 27406:{'A1'}
Unconnected arg: 27407:{'A0'}
Unconnected arg: 27408:{'A1'}
Unconnected arg: 27416:{'A2'}
Unconnected arg: 27425:{'A2'}
Unconnected arg: 27426:{'A0'}
Unconnected arg: 27428:{'A1'}
Unconnected arg: 27437:{'A1'}
Unconnected arg: 27449:{'A2'}
Unconnected arg: 27450:{'A2'}
Unconnected arg: 27453:{'A0'}
Unconnected arg: 27455:{'A0'}
Unconnected arg: 27456:{'A1'}
Unconnected arg: 27472:{'A2'}
Unconnected arg: 27473:{'A0'}
Unconnected arg: 27479:{'A1'}
Unconnected arg: 27483:{'A0'}
Unconnected arg: 27487:{'A1'}
Unconnected arg: 27490:{'A1'}
Unconnected arg: 27494:{'A0'}
Unconnected arg: 27495:{'A1'}
Unconnected arg: 27497:{'A1'}
Unconnected arg: 27510:{'A1'}
Unconnected arg: 27514:{'A0'}
Unconnected arg: 27538:{'A0'}
Unconnected arg: 27551:{'A1'}
Unconnected arg: 27570:{'A0'}
Unconnected arg: 27586:{'A1'}
Unconnected arg: 27590:{'A0'}
Unconnected arg: 27591:{'A1'}
Unconnected arg: 27592:{'A1', 'A0'}
Unconnected arg: 27595:{'A1'}
Unconnected arg: 27600:{'A1'}
Unconnected arg: 27603:{'A2'}
Unconnected arg: 27610:{'A2'}
Unconnected arg: 27617:{'A1'}
Unconnected arg: 27620:{'A0'}
Unconnected arg: 27624:{'A1'}
Unconnected arg: 27627:{'A0'}
Unconnected arg: 27629:{'A1', 'A0'}
Unconnected arg: 27635:{'A1'}
Unconnected arg: 27637:{'A1'}
Unconnected arg: 27640:{'A1'}
Unconnected arg: 27641:{'A1'}
Unconnected arg: 27657:{'A1'}
Unconnected arg: 27666:{'A1'}
Unconnected arg: 27667:{'A2'}
Unconnected arg: 27689:{'A0'}
Unconnected arg: 27693:{'A0'}
Unconnected arg: 27720:{'A0'}
Unconnected arg: 27723:{'A0'}
Unconnected arg: 27725:{'A2'}
Unconnected arg: 27727:{'A1', 'A0'}
Unconnected arg: 27729:{'A0'}
Unconnected arg: 27730:{'A2'}
Unconnected arg: 27732:{'A0'}
Unconnected arg: 27739:{'A1'}
Unconnected arg: 27743:{'A1'}
Unconnected arg: 27746:{'A1'}
Unconnected arg: 27753:{'A0'}
Unconnected arg: 27756:{'A1'}
Unconnected arg: 27760:{'A0'}
Unconnected arg: 27765:{'A1'}
Unconnected arg: 27776:{'A1'}
Unconnected arg: 27781:{'A0'}
Unconnected arg: 27782:{'A0'}
Unconnected arg: 27787:{'A0'}
Unconnected arg: 27788:{'A0'}
Unconnected arg: 27794:{'A1'}
Unconnected arg: 27804:{'A1'}
Unconnected arg: 27805:{'A1'}
Unconnected arg: 27813:{'A1'}
Unconnected arg: 27821:{'A0'}
Unconnected arg: 27827:{'A1'}
Unconnected arg: 27828:{'A2'}
Unconnected arg: 27844:{'A1'}
Unconnected arg: 27854:{'A1'}
Unconnected arg: 27856:{'A1'}
Unconnected arg: 27861:{'A1'}
Unconnected arg: 27864:{'A1'}
Unconnected arg: 27870:{'A1'}
Unconnected arg: 27876:{'A1'}
Unconnected arg: 27877:{'A0'}
Unconnected arg: 27882:{'A0'}
Unconnected arg: 27883:{'A0'}
Unconnected arg: 27884:{'A1'}
Unconnected arg: 27886:{'A0'}
Unconnected arg: 27891:{'A1', 'A0'}
Unconnected arg: 27895:{'A1'}
Unconnected arg: 27896:{'A1', 'A0'}
Unconnected arg: 27898:{'A2'}
Unconnected arg: 27903:{'A1'}
Unconnected arg: 27904:{'A1'}
Unconnected arg: 27915:{'A2'}
Unconnected arg: 27929:{'A0'}
Unconnected arg: 27930:{'A1'}
Unconnected arg: 27938:{'A1'}
Unconnected arg: 27946:{'A1'}
Unconnected arg: 27958:{'A2'}
Unconnected arg: 27960:{'A2'}
Unconnected arg: 27969:{'A0'}
Unconnected arg: 27980:{'A0'}
Unconnected arg: 27988:{'A2'}
Unconnected arg: 27989:{'A2'}
Unconnected arg: 27995:{'A1', 'A0'}
Unconnected arg: 28000:{'A1'}
Unconnected arg: 28001:{'A1'}
Unconnected arg: 28009:{'A1'}
Unconnected arg: 28010:{'A0'}
Unconnected arg: 28036:{'A1'}
Unconnected arg: 28040:{'A2'}
Unconnected arg: 28043:{'A1'}
Unconnected arg: 28046:{'A0'}
Unconnected arg: 28052:{'A2'}
Unconnected arg: 28054:{'A2'}
Unconnected arg: 28060:{'A1'}
Unconnected arg: 28075:{'A1'}
Unconnected arg: 28087:{'A0'}
Unconnected arg: 28097:{'A1'}
Unconnected arg: 28098:{'A1'}
Unconnected arg: 28109:{'A0'}
Unconnected arg: 28117:{'A1'}
Unconnected arg: 28119:{'A1'}
Unconnected arg: 28121:{'A1', 'A2'}
Unconnected arg: 28122:{'A0'}
Unconnected arg: 28123:{'A1', 'A0'}
Unconnected arg: 28124:{'A0'}
Unconnected arg: 28129:{'A1'}
Unconnected arg: 28142:{'A0'}
Unconnected arg: 28143:{'A1'}
Unconnected arg: 28149:{'A0'}
Unconnected arg: 28160:{'A1'}
Unconnected arg: 28177:{'A1'}
Unconnected arg: 28189:{'A1'}
Unconnected arg: 28198:{'A1'}
Unconnected arg: 28218:{'A0'}
Unconnected arg: 28224:{'A1'}
Unconnected arg: 28228:{'A1'}
Unconnected arg: 28247:{'A0'}
Unconnected arg: 28250:{'A0'}
Unconnected arg: 28254:{'A0'}
Unconnected arg: 28255:{'A1'}
Unconnected arg: 28261:{'A1'}
Unconnected arg: 28263:{'A1', 'A0'}
Unconnected arg: 28264:{'A1', 'A0', 'A2'}
Unconnected arg: 28266:{'A1'}
Unconnected arg: 28270:{'A1'}
Unconnected arg: 28281:{'A1'}
Unconnected arg: 28283:{'A2'}
Unconnected arg: 28289:{'A1'}
Unconnected arg: 28297:{'A0'}
Unconnected arg: 28304:{'A1'}
Unconnected arg: 28327:{'A0'}
Unconnected arg: 28331:{'A0'}
Unconnected arg: 28333:{'A3'}
Unconnected arg: 28337:{'A0'}
Unconnected arg: 28342:{'A1'}
Unconnected arg: 28343:{'A1'}
Unconnected arg: 28350:{'A1'}
Unconnected arg: 28362:{'A1'}
Unconnected arg: 28363:{'A1'}
Unconnected arg: 28365:{'A1'}
Unconnected arg: 28369:{'A1'}
Unconnected arg: 28391:{'A1'}
Unconnected arg: 28397:{'A1'}
Unconnected arg: 28409:{'A1'}
Unconnected arg: 28410:{'A1'}
Unconnected arg: 28413:{'A1'}
Unconnected arg: 28417:{'A1'}
Unconnected arg: 28419:{'A0'}
Unconnected arg: 28420:{'A4'}
Unconnected arg: 28421:{'A1'}
Unconnected arg: 28422:{'A1'}
Unconnected arg: 28423:{'A0'}
Unconnected arg: 28426:{'A1'}
Unconnected arg: 28432:{'A1'}
Unconnected arg: 28433:{'A1'}
Unconnected arg: 28436:{'A1'}
Unconnected arg: 28437:{'A1'}
Unconnected arg: 28450:{'A1'}
Unconnected arg: 28454:{'A1', 'A0'}
Unconnected arg: 28455:{'A1'}
Unconnected arg: 28456:{'A1'}
Unconnected arg: 28457:{'A1'}
Unconnected arg: 28464:{'A1'}
Unconnected arg: 28465:{'A1', 'A0'}
Unconnected arg: 28473:{'A1'}
Unconnected arg: 28478:{'A2'}
Unconnected arg: 28481:{'A2'}
Unconnected arg: 28488:{'A1'}
Unconnected arg: 28492:{'A1'}
Unconnected arg: 28495:{'A0'}
Unconnected arg: 28496:{'A1', 'A0'}
Unconnected arg: 28497:{'A0'}
Unconnected arg: 28498:{'A1'}
Unconnected arg: 28502:{'A2'}
Unconnected arg: 28514:{'A1', 'A0'}
Unconnected arg: 28515:{'A1', 'A0'}
Unconnected arg: 28516:{'A1'}
Unconnected arg: 28521:{'A1'}
Unconnected arg: 28525:{'A1'}
Unconnected arg: 28529:{'A1'}
Unconnected arg: 28536:{'A3', 'A2'}
Unconnected arg: 28545:{'A0'}
Unconnected arg: 28559:{'A1'}
Unconnected arg: 28560:{'A1'}
Unconnected arg: 28575:{'A0'}
Unconnected arg: 28579:{'A0'}
Unconnected arg: 28585:{'A1'}
Unconnected arg: 28593:{'A0'}
Unconnected arg: 28594:{'A1'}
Unconnected arg: 28595:{'A1'}
Unconnected arg: 28599:{'A0', 'A2'}
Unconnected arg: 28627:{'A2'}
Unconnected arg: 28628:{'A2'}
Unconnected arg: 28632:{'A0'}
Unconnected arg: 28633:{'A1'}
Unconnected arg: 28636:{'A1'}
Unconnected arg: 28646:{'A2'}
Unconnected arg: 28648:{'A1'}
Unconnected arg: 28659:{'A0'}
Unconnected arg: 28663:{'A0'}
Unconnected arg: 28664:{'A1'}
Unconnected arg: 28667:{'A2'}
Unconnected arg: 28669:{'A1'}
Unconnected arg: 28674:{'A2'}
Unconnected arg: 28683:{'A2'}
Unconnected arg: 28698:{'A1'}
Unconnected arg: 28704:{'A0'}
Unconnected arg: 28710:{'A2'}
Unconnected arg: 28714:{'A0'}
Unconnected arg: 28718:{'A1', 'A2'}
Unconnected arg: 28731:{'A0'}
Unconnected arg: 28735:{'A1'}
Unconnected arg: 28743:{'A1'}
Unconnected arg: 28750:{'A1'}
Unconnected arg: 28758:{'A0'}
Unconnected arg: 28760:{'A1'}
Unconnected arg: 28765:{'A3'}
Unconnected arg: 28766:{'A1'}
Unconnected arg: 28775:{'A1'}
Unconnected arg: 28776:{'A1'}
Unconnected arg: 28778:{'A0'}
Unconnected arg: 28780:{'A0'}
Unconnected arg: 28782:{'A1'}
Unconnected arg: 28786:{'A2'}
Unconnected arg: 28787:{'A2'}
Unconnected arg: 28790:{'A1'}
Unconnected arg: 28793:{'A1', 'A2'}
Unconnected arg: 28804:{'A0'}
Unconnected arg: 28809:{'A1'}
Unconnected arg: 28815:{'A0'}
Unconnected arg: 28833:{'A2'}
Unconnected arg: 28838:{'A1'}
Unconnected arg: 28841:{'A1'}
Unconnected arg: 28842:{'A1'}
Unconnected arg: 28854:{'A0'}
Unconnected arg: 28856:{'A2'}
Unconnected arg: 28860:{'A1'}
Unconnected arg: 28861:{'A3'}
Unconnected arg: 28864:{'A2'}
Unconnected arg: 28877:{'A1'}
Unconnected arg: 28878:{'A0'}
Unconnected arg: 28882:{'A1'}
Unconnected arg: 28893:{'A1'}
Unconnected arg: 28926:{'A1'}
Unconnected arg: 28932:{'A1'}
Unconnected arg: 28940:{'A1'}
Unconnected arg: 28943:{'A1'}
Unconnected arg: 28947:{'A1'}
Unconnected arg: 28951:{'A0'}
Unconnected arg: 28984:{'A3'}
Unconnected arg: 28988:{'A1'}
Unconnected arg: 28991:{'A1'}
Unconnected arg: 28992:{'A0'}
Unconnected arg: 28998:{'A1', 'A0'}
Unconnected arg: 29000:{'A1'}
Unconnected arg: 29001:{'A1'}
Unconnected arg: 29006:{'A0'}
Unconnected arg: 29009:{'A1'}
Unconnected arg: 29011:{'A1'}
Unconnected arg: 29012:{'A1'}
Unconnected arg: 29017:{'A1'}
Unconnected arg: 29024:{'A0'}
Unconnected arg: 29030:{'A0'}
Unconnected arg: 29034:{'A0'}
Unconnected arg: 29036:{'A0'}
Unconnected arg: 29044:{'A1'}
Unconnected arg: 29047:{'A2'}
Unconnected arg: 29060:{'A1'}
Unconnected arg: 29069:{'A1'}
Unconnected arg: 29070:{'A1', 'A0'}
Unconnected arg: 29073:{'A1'}
Unconnected arg: 29083:{'A0'}
Unconnected arg: 29086:{'A1'}
Unconnected arg: 29092:{'A0'}
Unconnected arg: 29093:{'A0'}
Unconnected arg: 29105:{'A1', 'A0'}
Unconnected arg: 29106:{'A0'}
Unconnected arg: 29109:{'A0'}
Unconnected arg: 29113:{'A0'}
Unconnected arg: 29115:{'A2'}
Unconnected arg: 29123:{'A0'}
Unconnected arg: 29125:{'A1'}
Unconnected arg: 29130:{'A1'}
Unconnected arg: 29136:{'A1'}
Unconnected arg: 29138:{'A0'}
Unconnected arg: 29139:{'A1', 'A0'}
Unconnected arg: 29140:{'A1', 'A0'}
Unconnected arg: 29148:{'A1'}
Unconnected arg: 29149:{'A1'}
Unconnected arg: 29150:{'A1'}
Unconnected arg: 29152:{'A1'}
Unconnected arg: 29153:{'A1'}
Unconnected arg: 29156:{'A0'}
Unconnected arg: 29166:{'A1', 'A2'}
Unconnected arg: 29167:{'A1', 'A2'}
Unconnected arg: 29168:{'A1'}
Unconnected arg: 29186:{'A1'}
Unconnected arg: 29187:{'A1', 'A0'}
Unconnected arg: 29213:{'A1'}
Unconnected arg: 29217:{'A1'}
Unconnected arg: 29221:{'A0'}
Unconnected arg: 29223:{'A1'}
Unconnected arg: 29224:{'A1'}
Unconnected arg: 29226:{'A0'}
Unconnected arg: 29229:{'A0'}
Unconnected arg: 29231:{'A2'}
Unconnected arg: 29235:{'A0'}
Unconnected arg: 29240:{'A1'}
Unconnected arg: 29244:{'A1', 'A2'}
Unconnected arg: 29260:{'A2'}
Unconnected arg: 29266:{'A1'}
Unconnected arg: 29276:{'A1'}
Unconnected arg: 29278:{'A1'}
Unconnected arg: 29280:{'A1'}
Unconnected arg: 29284:{'A1'}
Unconnected arg: 29295:{'A1'}
Unconnected arg: 29296:{'A1'}
Unconnected arg: 29301:{'A1'}
Unconnected arg: 29302:{'A2'}
Unconnected arg: 29303:{'A1'}
Unconnected arg: 29304:{'A0'}
Unconnected arg: 29306:{'A1'}
Unconnected arg: 29309:{'A0'}
Unconnected arg: 29312:{'A1'}
Unconnected arg: 29320:{'A0'}
Unconnected arg: 29322:{'A1'}
Unconnected arg: 29326:{'A0'}
Unconnected arg: 29329:{'A0'}
Unconnected arg: 29353:{'A0'}
Unconnected arg: 29363:{'A1'}
Unconnected arg: 29371:{'A3'}
Unconnected arg: 29372:{'A1'}
Unconnected arg: 29378:{'A2'}
Unconnected arg: 29386:{'A0'}
Unconnected arg: 29387:{'A1'}
Unconnected arg: 29392:{'A1'}
Unconnected arg: 29398:{'A1'}
Unconnected arg: 29401:{'A0'}
Unconnected arg: 29416:{'A1'}
Unconnected arg: 29423:{'A1'}
Unconnected arg: 29428:{'A1'}
Unconnected arg: 29438:{'A1'}
Unconnected arg: 29442:{'A1'}
Unconnected arg: 29443:{'A1'}
Unconnected arg: 29452:{'A1'}
Unconnected arg: 29457:{'A0'}
Unconnected arg: 29466:{'A1'}
Unconnected arg: 29467:{'A1'}
Unconnected arg: 29470:{'A1'}
Unconnected arg: 29474:{'A1', 'A0'}
Unconnected arg: 29478:{'A1'}
Unconnected arg: 29483:{'A1'}
Unconnected arg: 29486:{'A1'}
Unconnected arg: 29491:{'A0'}
Unconnected arg: 29492:{'A0'}
Unconnected arg: 29496:{'A1'}
Unconnected arg: 29504:{'A1', 'A0'}
Unconnected arg: 29507:{'A0'}
Unconnected arg: 29516:{'A1'}
Unconnected arg: 29521:{'A1'}
Unconnected arg: 29525:{'A0'}
Unconnected arg: 29532:{'A0'}
Unconnected arg: 29538:{'A1'}
Unconnected arg: 29551:{'A1'}
Unconnected arg: 29553:{'A1'}
Unconnected arg: 29557:{'A0'}
Unconnected arg: 29558:{'A1'}
Unconnected arg: 29564:{'A0'}
Unconnected arg: 29566:{'A1'}
Unconnected arg: 29581:{'A1'}
Unconnected arg: 29586:{'A1'}
Unconnected arg: 29591:{'A0', 'A2'}
Unconnected arg: 29593:{'A1'}
Unconnected arg: 29597:{'A2'}
Unconnected arg: 29607:{'A0'}
Unconnected arg: 29608:{'A1'}
Unconnected arg: 29623:{'A1'}
Unconnected arg: 29631:{'A0'}
Unconnected arg: 29632:{'A0'}
Unconnected arg: 29639:{'A1'}
Unconnected arg: 29640:{'A1'}
Unconnected arg: 29641:{'A1'}
Unconnected arg: 29650:{'A1'}
Unconnected arg: 29656:{'A1'}
Unconnected arg: 29660:{'A1'}
Unconnected arg: 29662:{'A1'}
Unconnected arg: 29674:{'A3'}
Unconnected arg: 29677:{'A2'}
Unconnected arg: 29682:{'A1'}
Unconnected arg: 29693:{'A1'}
Unconnected arg: 29697:{'A1'}
Unconnected arg: 29699:{'A0'}
Unconnected arg: 29700:{'A0'}
Unconnected arg: 29702:{'A1'}
Unconnected arg: 29707:{'A1'}
Unconnected arg: 29709:{'A0'}
Unconnected arg: 29713:{'A0'}
Unconnected arg: 29715:{'A0'}
Unconnected arg: 29721:{'A2'}
Unconnected arg: 29747:{'A0'}
Unconnected arg: 29751:{'A1'}
Unconnected arg: 29772:{'A3'}
Unconnected arg: 29796:{'A1'}
Unconnected arg: 29802:{'A2'}
Unconnected arg: 29803:{'A2'}
Unconnected arg: 29815:{'A0'}
Unconnected arg: 29818:{'A0'}
Unconnected arg: 29819:{'A2'}
Unconnected arg: 29820:{'A0'}
Unconnected arg: 29823:{'A1'}
Unconnected arg: 29824:{'A0'}
Unconnected arg: 29827:{'A1'}
Unconnected arg: 29832:{'A0'}
Unconnected arg: 29838:{'A0'}
Unconnected arg: 29841:{'A1'}
Unconnected arg: 29842:{'A0'}
Unconnected arg: 29843:{'A1'}
Unconnected arg: 29844:{'A1'}
Unconnected arg: 29849:{'A0'}
Unconnected arg: 29852:{'A2'}
Unconnected arg: 29853:{'A2'}
Unconnected arg: 29864:{'A1'}
Unconnected arg: 29866:{'A1'}
Unconnected arg: 29870:{'A0'}
Unconnected arg: 29871:{'A1', 'A0'}
Unconnected arg: 29881:{'A1'}
Unconnected arg: 29887:{'A0'}
Unconnected arg: 29888:{'A1'}
Unconnected arg: 29890:{'A1'}
Unconnected arg: 29893:{'A1'}
Unconnected arg: 29895:{'A0'}
Unconnected arg: 29897:{'A1'}
Unconnected arg: 29898:{'A2'}
Unconnected arg: 29899:{'A2'}
Unconnected arg: 29901:{'A1'}
Unconnected arg: 29902:{'A1'}
Unconnected arg: 29904:{'A0'}
Unconnected arg: 29905:{'A2'}
Unconnected arg: 29906:{'A1'}
Unconnected arg: 29909:{'A1'}
Unconnected arg: 29910:{'A0'}
Unconnected arg: 29911:{'A1'}
Unconnected arg: 29914:{'A1'}
Unconnected arg: 29915:{'A0'}
Unconnected arg: 29922:{'A1'}
Unconnected arg: 29930:{'A1'}
Unconnected arg: 29935:{'A2'}
Unconnected arg: 29937:{'A1'}
Unconnected arg: 29952:{'A3'}
Unconnected arg: 29957:{'A1'}
Unconnected arg: 29964:{'A1'}
Unconnected arg: 29971:{'A1'}
Unconnected arg: 29972:{'A1', 'A0'}
Unconnected arg: 29976:{'A2'}
Unconnected arg: 29977:{'A1'}
Unconnected arg: 29978:{'A1'}
Unconnected arg: 29979:{'A1'}
Unconnected arg: 29980:{'A1'}
Unconnected arg: 29986:{'A1', 'A0'}
Unconnected arg: 29994:{'A0'}
Unconnected arg: 30001:{'A1'}
Unconnected arg: 30002:{'A1'}
Unconnected arg: 30008:{'A0'}
Unconnected arg: 30012:{'A0'}
Unconnected arg: 30014:{'A2'}
Unconnected arg: 30015:{'A0'}
Unconnected arg: 30018:{'A1'}
Unconnected arg: 30024:{'A1'}
Unconnected arg: 30026:{'A1'}
Unconnected arg: 30051:{'A0'}
Unconnected arg: 30058:{'A1'}
Unconnected arg: 30059:{'A1'}
Unconnected arg: 30060:{'A1'}
Unconnected arg: 30065:{'A2'}
Unconnected arg: 30074:{'A1'}
Unconnected arg: 30076:{'A1'}
Unconnected arg: 30079:{'A1'}
Unconnected arg: 30088:{'A1'}
Unconnected arg: 30090:{'A0'}
Unconnected arg: 30096:{'A1'}
Unconnected arg: 30097:{'A1'}
Unconnected arg: 30101:{'A0'}
Unconnected arg: 30113:{'A1'}
Unconnected arg: 30116:{'A0'}
Unconnected arg: 30125:{'A2'}
Unconnected arg: 30126:{'A1'}
Unconnected arg: 30137:{'A1'}
Unconnected arg: 30140:{'A1'}
Unconnected arg: 30147:{'A1'}
Unconnected arg: 30157:{'A1'}
Unconnected arg: 30166:{'A1'}
Unconnected arg: 30178:{'A2'}
Unconnected arg: 30181:{'A1'}
Unconnected arg: 30182:{'A0', 'A2'}
Unconnected arg: 30183:{'A1'}
Unconnected arg: 30186:{'A2'}
Unconnected arg: 30201:{'A0'}
Unconnected arg: 30227:{'A1'}
Unconnected arg: 30230:{'A1'}
Unconnected arg: 30246:{'A2'}
Unconnected arg: 30266:{'A0'}
Unconnected arg: 30270:{'A0'}
Unconnected arg: 30276:{'A1'}
Unconnected arg: 30278:{'A1'}
Unconnected arg: 30285:{'A1'}
Unconnected arg: 30290:{'A2'}
Unconnected arg: 30291:{'A2'}
Unconnected arg: 30296:{'A1'}
Unconnected arg: 30303:{'A1'}
Unconnected arg: 30308:{'A2'}
Unconnected arg: 30309:{'A2'}
Unconnected arg: 30310:{'A2'}
Unconnected arg: 30313:{'A1'}
Unconnected arg: 30315:{'A1'}
Unconnected arg: 30316:{'A1'}
Unconnected arg: 30337:{'A1'}
Unconnected arg: 30338:{'A1'}
Unconnected arg: 30345:{'A0'}
Unconnected arg: 30346:{'A1'}
Unconnected arg: 30354:{'A1'}
Unconnected arg: 30355:{'A1'}
Unconnected arg: 30360:{'A0'}
Unconnected arg: 30386:{'A0'}
Unconnected arg: 30389:{'A1'}
Unconnected arg: 30390:{'A2'}
Unconnected arg: 30392:{'A1'}
Unconnected arg: 30414:{'A1'}
Unconnected arg: 30415:{'A1'}
Unconnected arg: 30423:{'A1'}
Unconnected arg: 30425:{'A1'}
Unconnected arg: 30430:{'A2'}
Unconnected arg: 30432:{'A2'}
Unconnected arg: 30434:{'A1'}
Unconnected arg: 30436:{'A1'}
Unconnected arg: 30441:{'A0'}
Unconnected arg: 30444:{'A1'}
Unconnected arg: 30448:{'A0'}
Unconnected arg: 30449:{'A1'}
Unconnected arg: 30451:{'A1'}
Unconnected arg: 30475:{'A2'}
Unconnected arg: 30478:{'A1'}
Unconnected arg: 30485:{'A0'}
Unconnected arg: 30496:{'A1'}
Unconnected arg: 30502:{'A1'}
Unconnected arg: 30515:{'A2'}
Unconnected arg: 30518:{'A1'}
Unconnected arg: 30521:{'A1'}
Unconnected arg: 30525:{'A1'}
Unconnected arg: 30529:{'A1'}
Unconnected arg: 30535:{'A1'}
Unconnected arg: 30543:{'A1'}
Unconnected arg: 30546:{'A2'}
Unconnected arg: 30569:{'A0'}
Unconnected arg: 30572:{'A1', 'A0'}
Unconnected arg: 30578:{'A0'}
Unconnected arg: 30584:{'A0'}
Unconnected arg: 30586:{'A0'}
Unconnected arg: 30591:{'A1'}
Unconnected arg: 30592:{'A1'}
Unconnected arg: 30594:{'A2'}
Unconnected arg: 30597:{'A1'}
Unconnected arg: 30599:{'A1'}
Unconnected arg: 30604:{'A3'}
Unconnected arg: 30608:{'A1'}
Unconnected arg: 30611:{'A1'}
Unconnected arg: 30616:{'A2'}
Unconnected arg: 30619:{'A0'}
Unconnected arg: 30630:{'A1'}
Unconnected arg: 30655:{'A1'}
Unconnected arg: 30657:{'A1', 'A0'}
Unconnected arg: 30661:{'A1'}
Unconnected arg: 30663:{'A2'}
Unconnected arg: 30678:{'A2'}
Unconnected arg: 30679:{'A1'}
Unconnected arg: 30681:{'A1'}
Unconnected arg: 30683:{'A0'}
Unconnected arg: 30690:{'A1'}
Unconnected arg: 30704:{'A1'}
Unconnected arg: 30710:{'A1'}
Unconnected arg: 30716:{'A1'}
Unconnected arg: 30723:{'A0'}
Unconnected arg: 30725:{'A1'}
Unconnected arg: 30730:{'A0'}
Unconnected arg: 30743:{'A1'}
Unconnected arg: 30745:{'A1'}
Unconnected arg: 30754:{'A1'}
Unconnected arg: 30759:{'A2'}
Unconnected arg: 30761:{'A0'}
Unconnected arg: 30762:{'A0'}
Unconnected arg: 30768:{'A2'}
Unconnected arg: 30779:{'A0'}
Unconnected arg: 30781:{'A1'}
Unconnected arg: 30786:{'A1'}
Unconnected arg: 30788:{'A2'}
Unconnected arg: 30794:{'A0'}
Unconnected arg: 30807:{'A0'}
Unconnected arg: 30809:{'A1'}
Unconnected arg: 30812:{'A1'}
Unconnected arg: 30815:{'A1'}
Unconnected arg: 30820:{'A0'}
Unconnected arg: 30828:{'A1'}
Unconnected arg: 30831:{'A0'}
Unconnected arg: 30837:{'A1'}
Unconnected arg: 30853:{'A1'}
Unconnected arg: 30856:{'A1'}
Unconnected arg: 30866:{'A0'}
Unconnected arg: 30867:{'A2'}
Unconnected arg: 30868:{'A1'}
Unconnected arg: 30874:{'A1'}
Unconnected arg: 30875:{'A1'}
Unconnected arg: 30877:{'A1'}
Unconnected arg: 30879:{'A1'}
Unconnected arg: 30880:{'A1'}
Unconnected arg: 30907:{'A1'}
Unconnected arg: 30910:{'A0'}
Unconnected arg: 30911:{'A0'}
Unconnected arg: 30919:{'A1'}
Unconnected arg: 30925:{'A1'}
Unconnected arg: 30927:{'A1'}
Unconnected arg: 30930:{'A1'}
Unconnected arg: 30931:{'A0'}
Unconnected arg: 30939:{'A1'}
Unconnected arg: 30944:{'A1'}
Unconnected arg: 30945:{'A1'}
Unconnected arg: 30953:{'A0'}
Unconnected arg: 30955:{'A1'}
Unconnected arg: 30956:{'A1'}
Unconnected arg: 30957:{'A1'}
Unconnected arg: 30961:{'A1'}
Unconnected arg: 30965:{'A1'}
Unconnected arg: 30969:{'A0'}
Unconnected arg: 30994:{'A1'}
Unconnected arg: 30996:{'A1'}
Unconnected arg: 30999:{'A1'}
Unconnected arg: 31011:{'A1'}
Unconnected arg: 31016:{'A1'}
Unconnected arg: 31026:{'A1'}
Unconnected arg: 31031:{'A0'}
Unconnected arg: 31033:{'A2'}
Unconnected arg: 31040:{'A1'}
Unconnected arg: 31043:{'A1'}
Unconnected arg: 31046:{'A0'}
Unconnected arg: 31047:{'A1'}
Unconnected arg: 31066:{'A1'}
Unconnected arg: 31070:{'A1'}
Unconnected arg: 31071:{'A1'}
Unconnected arg: 31075:{'A2'}
Unconnected arg: 31076:{'A1'}
Unconnected arg: 31079:{'A1'}
Unconnected arg: 31080:{'A1', 'A0'}
Unconnected arg: 31084:{'A1'}
Unconnected arg: 31085:{'A1', 'A2'}
Unconnected arg: 31086:{'A1'}
Unconnected arg: 31087:{'A0'}
Unconnected arg: 31091:{'A0'}
Unconnected arg: 31094:{'A1'}
Unconnected arg: 31095:{'A1', 'A0'}
Unconnected arg: 31098:{'A1'}
Unconnected arg: 31102:{'A1'}
Unconnected arg: 31106:{'A1'}
Unconnected arg: 31126:{'A1'}
Unconnected arg: 31131:{'A0'}
Unconnected arg: 31133:{'A1'}
Unconnected arg: 31139:{'A0'}
Unconnected arg: 31141:{'A3'}
Unconnected arg: 31143:{'A1'}
Unconnected arg: 31151:{'A0'}
Unconnected arg: 31157:{'A1'}
Unconnected arg: 31168:{'A1'}
Unconnected arg: 31176:{'A2'}
Unconnected arg: 31186:{'A1'}
Unconnected arg: 31190:{'A2'}
Unconnected arg: 31191:{'A1'}
Unconnected arg: 31192:{'A1'}
Unconnected arg: 31198:{'A1', 'A2'}
Unconnected arg: 31199:{'A0'}
Unconnected arg: 31203:{'A2'}
Unconnected arg: 31217:{'A0'}
Unconnected arg: 31222:{'A0'}
Unconnected arg: 31227:{'A3'}
Unconnected arg: 31228:{'A3'}
Unconnected arg: 31229:{'A0'}
Unconnected arg: 31239:{'A1'}
Unconnected arg: 31256:{'A1'}
Unconnected arg: 31258:{'A0'}
Unconnected arg: 31259:{'A0'}
Unconnected arg: 31262:{'A1'}
Unconnected arg: 31271:{'A0'}
Unconnected arg: 31273:{'A0'}
Unconnected arg: 31275:{'A1'}
Unconnected arg: 31286:{'A1'}
Unconnected arg: 31287:{'A1'}
Unconnected arg: 31289:{'A1'}
Unconnected arg: 31317:{'A1'}
Unconnected arg: 31319:{'A1'}
Unconnected arg: 31328:{'A1'}
Unconnected arg: 31332:{'A0'}
Unconnected arg: 31335:{'A1'}
Unconnected arg: 31336:{'A0'}
Unconnected arg: 31353:{'A1'}
Unconnected arg: 31370:{'A1'}
Unconnected arg: 31371:{'A1'}
Unconnected arg: 31379:{'A1'}
Unconnected arg: 31383:{'A1'}
Unconnected arg: 31387:{'A1'}
Unconnected arg: 31388:{'A2'}
Unconnected arg: 31389:{'A0'}
Unconnected arg: 31390:{'A1'}
Unconnected arg: 31402:{'A1'}
Unconnected arg: 31404:{'A1'}
Unconnected arg: 31408:{'A0'}
Unconnected arg: 31409:{'A1'}
Unconnected arg: 31410:{'A1'}
Unconnected arg: 31421:{'A2'}
Unconnected arg: 31424:{'A3'}
Unconnected arg: 31430:{'A0'}
Unconnected arg: 31431:{'A0'}
Unconnected arg: 31448:{'A1'}
Unconnected arg: 31451:{'A0'}
Unconnected arg: 31452:{'A1'}
Unconnected arg: 31456:{'A1'}
Unconnected arg: 31468:{'A0'}
Unconnected arg: 31469:{'A0'}
Unconnected arg: 31474:{'A2'}
Unconnected arg: 31479:{'A1'}
Unconnected arg: 31481:{'A1'}
Unconnected arg: 31482:{'A1'}
Unconnected arg: 31496:{'A1'}
Unconnected arg: 31513:{'A1'}
Unconnected arg: 31542:{'A1'}
Unconnected arg: 31545:{'A1'}
Unconnected arg: 31550:{'A0'}
Unconnected arg: 31553:{'A0'}
Unconnected arg: 31569:{'A0'}
Unconnected arg: 31571:{'A0'}
Unconnected arg: 31575:{'A1'}
Unconnected arg: 31580:{'A0'}
Unconnected arg: 31586:{'A0'}
Unconnected arg: 31590:{'A0'}
Unconnected arg: 31608:{'A1'}
Unconnected arg: 31609:{'A2'}
Unconnected arg: 31614:{'A0'}
Unconnected arg: 31615:{'A0'}
Unconnected arg: 31633:{'A1'}
Unconnected arg: 31635:{'A1'}
Unconnected arg: 31639:{'A1'}
Unconnected arg: 31642:{'A1'}
Unconnected arg: 31646:{'A0'}
Unconnected arg: 31656:{'A0'}
Unconnected arg: 31657:{'A0'}
Unconnected arg: 31658:{'A0'}
Unconnected arg: 31662:{'A0'}
Unconnected arg: 31669:{'A1'}
Unconnected arg: 31670:{'A1'}
Unconnected arg: 31684:{'A2'}
Unconnected arg: 31685:{'A2'}
Unconnected arg: 31688:{'A1'}
Unconnected arg: 31689:{'A1'}
Unconnected arg: 31700:{'A1'}
Unconnected arg: 31705:{'A0'}
Unconnected arg: 31715:{'A0'}
Unconnected arg: 31717:{'A1'}
Unconnected arg: 31721:{'A1'}
Unconnected arg: 31723:{'A0'}
Unconnected arg: 31725:{'A1'}
Unconnected arg: 31730:{'A1'}
Unconnected arg: 31732:{'A0'}
Unconnected arg: 31738:{'A1'}
Unconnected arg: 31750:{'A2'}
Unconnected arg: 31751:{'A1'}
Unconnected arg: 31768:{'A1'}
Unconnected arg: 31772:{'A0'}
Unconnected arg: 31773:{'A1'}
Unconnected arg: 31781:{'A0'}
Unconnected arg: 31789:{'A1', 'A0', 'A2'}
Unconnected arg: 31790:{'A0'}
Unconnected arg: 31791:{'A0'}
Unconnected arg: 31794:{'A1'}
Unconnected arg: 31799:{'A1', 'A0'}
Unconnected arg: 31800:{'A1'}
Unconnected arg: 31802:{'A1'}
Unconnected arg: 31805:{'A0'}
Unconnected arg: 31807:{'A1'}
Unconnected arg: 31812:{'A0'}
Unconnected arg: 31813:{'A1'}
Unconnected arg: 31817:{'A0'}
Unconnected arg: 31821:{'A0'}
Unconnected arg: 31822:{'A0'}
Unconnected arg: 31835:{'A0'}
Unconnected arg: 31847:{'A1'}
Unconnected arg: 31848:{'A1', 'A2'}
Unconnected arg: 31850:{'A0'}
Unconnected arg: 31856:{'A0'}
Unconnected arg: 31860:{'A1'}
Unconnected arg: 31863:{'A0'}
Unconnected arg: 31875:{'A2'}
Unconnected arg: 31886:{'A1'}
Unconnected arg: 31887:{'A1'}
Unconnected arg: 31889:{'A1'}
Unconnected arg: 31895:{'A2'}
Unconnected arg: 31897:{'A0'}
Unconnected arg: 31907:{'A1'}
Unconnected arg: 31920:{'A2'}
Unconnected arg: 31925:{'A2'}
Unconnected arg: 31930:{'A0'}
Unconnected arg: 31953:{'A1'}
Unconnected arg: 31963:{'A1'}
Unconnected arg: 31965:{'A1'}
Unconnected arg: 31968:{'A1'}
Unconnected arg: 31969:{'A1'}
Unconnected arg: 31973:{'A0'}
Unconnected arg: 31975:{'A1', 'A2'}
Unconnected arg: 31976:{'A1'}
Unconnected arg: 31981:{'A3'}
Unconnected arg: 31983:{'A0'}
Unconnected arg: 32002:{'A1'}
Unconnected arg: 32007:{'A1'}
Unconnected arg: 32020:{'A1'}
Unconnected arg: 32026:{'A1'}
Unconnected arg: 32038:{'A1'}
Unconnected arg: 32041:{'A1'}
Unconnected arg: 32060:{'A2'}
Unconnected arg: 32078:{'A0'}
Unconnected arg: 32084:{'A1'}
Unconnected arg: 32092:{'A0'}
Unconnected arg: 32094:{'A0'}
Unconnected arg: 32096:{'A1'}
Unconnected arg: 32097:{'A1'}
Unconnected arg: 32099:{'A0'}
Unconnected arg: 32102:{'A2'}
Unconnected arg: 32104:{'A0'}
Unconnected arg: 32105:{'A0'}
Unconnected arg: 32118:{'A1'}
Unconnected arg: 32127:{'A2'}
Unconnected arg: 32135:{'A1'}
Unconnected arg: 32136:{'A2'}
Unconnected arg: 32150:{'A0'}
Unconnected arg: 32151:{'A0'}
Unconnected arg: 32152:{'A1'}
Unconnected arg: 32153:{'A1'}
Unconnected arg: 32160:{'A2'}
Unconnected arg: 32164:{'A2'}
Unconnected arg: 32165:{'A2'}
Unconnected arg: 32167:{'A1'}
Unconnected arg: 32173:{'A2'}
Unconnected arg: 32174:{'A0'}
Unconnected arg: 32180:{'A1'}
Unconnected arg: 32181:{'A0'}
Unconnected arg: 32185:{'A1', 'A0'}
Unconnected arg: 32189:{'A1'}
Unconnected arg: 32223:{'A0'}
Unconnected arg: 32243:{'A0'}
Unconnected arg: 32247:{'A2'}
Unconnected arg: 32254:{'A1'}
Unconnected arg: 32255:{'A1'}
Unconnected arg: 32256:{'A3'}
Unconnected arg: 32257:{'A1'}
Unconnected arg: 32258:{'A1'}
Unconnected arg: 32259:{'A1'}
Unconnected arg: 32260:{'A1'}
Unconnected arg: 32272:{'A2'}
Unconnected arg: 32278:{'A1'}
Unconnected arg: 32281:{'A1'}
Unconnected arg: 32284:{'A0'}
Unconnected arg: 32308:{'A3'}
Unconnected arg: 32310:{'A1'}
Unconnected arg: 32311:{'A1'}
Unconnected arg: 32313:{'A1'}
Unconnected arg: 32314:{'A2'}
Unconnected arg: 32318:{'A1'}
Unconnected arg: 32324:{'A1'}
Unconnected arg: 32334:{'A1'}
Unconnected arg: 32335:{'A1'}
Unconnected arg: 32336:{'A0'}
Unconnected arg: 32337:{'A0'}
Unconnected arg: 32338:{'A2'}
Unconnected arg: 32342:{'A2'}
Unconnected arg: 32345:{'A1'}
Unconnected arg: 32371:{'A1'}
Unconnected arg: 32377:{'A2'}
Unconnected arg: 32379:{'A3'}
Unconnected arg: 32385:{'A1'}
Unconnected arg: 32393:{'A0'}
Unconnected arg: 32394:{'A0'}
Unconnected arg: 32400:{'A1'}
Unconnected arg: 32401:{'A1'}
Unconnected arg: 32403:{'A0'}
Unconnected arg: 32413:{'A1'}
Unconnected arg: 32416:{'A0'}
Unconnected arg: 32419:{'A1', 'A0'}
Unconnected arg: 32425:{'A0'}
Unconnected arg: 32433:{'A1'}
Unconnected arg: 32435:{'A1'}
Unconnected arg: 32436:{'A2'}
Unconnected arg: 32437:{'A1'}
Unconnected arg: 32439:{'A1', 'A0'}
Unconnected arg: 32440:{'A1'}
Unconnected arg: 32452:{'A1'}
Unconnected arg: 32453:{'A2'}
Unconnected arg: 32454:{'A2'}
Unconnected arg: 32461:{'A0'}
Unconnected arg: 32467:{'A0'}
Unconnected arg: 32470:{'A1'}
Unconnected arg: 32471:{'A1'}
Unconnected arg: 32472:{'A1'}
Unconnected arg: 32473:{'A1', 'A0'}
Unconnected arg: 32474:{'A1'}
Unconnected arg: 32475:{'A1'}
Unconnected arg: 32479:{'A0'}
Unconnected arg: 32485:{'A0'}
Unconnected arg: 32488:{'A2'}
Unconnected arg: 32496:{'A1', 'A0'}
Unconnected arg: 32499:{'A2'}
Unconnected arg: 32507:{'A1'}
Unconnected arg: 32513:{'A1'}
Unconnected arg: 32514:{'A0'}
Unconnected arg: 32529:{'A1'}
Unconnected arg: 32533:{'A2'}
Unconnected arg: 32534:{'A2'}
Unconnected arg: 32535:{'A2'}
Unconnected arg: 32540:{'A1'}
Unconnected arg: 32546:{'A0'}
Unconnected arg: 32547:{'A0'}
Unconnected arg: 32548:{'A1'}
Unconnected arg: 32551:{'A0'}
Unconnected arg: 32552:{'A1', 'A0'}
Unconnected arg: 32573:{'A0'}
Unconnected arg: 32579:{'A0'}
Unconnected arg: 32592:{'A0'}
Unconnected arg: 32593:{'A0'}
Unconnected arg: 32600:{'A0'}
Unconnected arg: 32603:{'A1'}
Unconnected arg: 32604:{'A1'}
Unconnected arg: 32608:{'A0'}
Unconnected arg: 32609:{'A1', 'A0'}
Unconnected arg: 32610:{'A1'}
Unconnected arg: 32616:{'A1'}
Unconnected arg: 32620:{'A0'}
Unconnected arg: 32626:{'A1'}
Unconnected arg: 32631:{'A1'}
Unconnected arg: 32635:{'A1'}
Unconnected arg: 32637:{'A1'}
Unconnected arg: 32640:{'A1'}
Unconnected arg: 32642:{'A0'}
Unconnected arg: 32655:{'A0'}
Unconnected arg: 32656:{'A1'}
Unconnected arg: 32660:{'A0'}
Unconnected arg: 32666:{'A1'}
Unconnected arg: 32668:{'A0'}
Unconnected arg: 32674:{'A0'}
Unconnected arg: 32677:{'A2'}
Unconnected arg: 32705:{'A2'}
Unconnected arg: 32706:{'A1'}
Unconnected arg: 32717:{'A1'}
Unconnected arg: 32718:{'A1'}
Unconnected arg: 32719:{'A1'}
Unconnected arg: 32720:{'A0'}
Unconnected arg: 32725:{'A1'}
Unconnected arg: 32731:{'A1'}
Unconnected arg: 32738:{'A0'}
Unconnected arg: 32753:{'A1'}
Unconnected arg: 32765:{'A0'}
Unconnected arg: 32767:{'A2'}
Unconnected arg: 32775:{'A1'}
Unconnected arg: 32783:{'A1'}
Unconnected arg: 32785:{'A0'}
Unconnected arg: 32786:{'A1'}
Unconnected arg: 32787:{'A0'}
Unconnected arg: 32797:{'A0'}
Unconnected arg: 32801:{'A0'}
Unconnected arg: 32806:{'A2'}
Unconnected arg: 32819:{'A1'}
Unconnected arg: 32824:{'A2'}
Unconnected arg: 32829:{'A2'}
Unconnected arg: 32831:{'A1'}
Unconnected arg: 32833:{'A2'}
Unconnected arg: 32838:{'A1', 'A0'}
Unconnected arg: 32839:{'A1'}
Unconnected arg: 32840:{'A1'}
Unconnected arg: 32846:{'A1'}
Unconnected arg: 32847:{'A1'}
Unconnected arg: 32856:{'A0'}
Unconnected arg: 32871:{'A0'}
Unconnected arg: 32878:{'A1', 'A0'}
Unconnected arg: 32883:{'A1', 'A0'}
Unconnected arg: 32904:{'A0'}
Unconnected arg: 32906:{'A1'}
Unconnected arg: 32910:{'A1'}
Unconnected arg: 32916:{'A2'}
Unconnected arg: 32917:{'A1'}
Unconnected arg: 32919:{'A1'}
Unconnected arg: 32925:{'A1'}
Unconnected arg: 32927:{'A1'}
Unconnected arg: 32930:{'A1'}
Unconnected arg: 32933:{'A1'}
Unconnected arg: 32934:{'A0'}
Unconnected arg: 32938:{'A1'}
Unconnected arg: 32943:{'A2'}
Unconnected arg: 32956:{'A1', 'A2'}
Unconnected arg: 32957:{'A1'}
Unconnected arg: 32960:{'A1'}
Unconnected arg: 32963:{'A1'}
Unconnected arg: 32992:{'A2'}
Unconnected arg: 32994:{'A1'}
Unconnected arg: 32997:{'A2'}
Unconnected arg: 32999:{'A2'}
Unconnected arg: 33003:{'A3'}
Unconnected arg: 33016:{'A1'}
Unconnected arg: 33020:{'A1'}
Unconnected arg: 33024:{'A1'}
Unconnected arg: 33034:{'A2'}
Unconnected arg: 33035:{'A2'}
Unconnected arg: 33038:{'A1'}
Unconnected arg: 33045:{'A0'}
Unconnected arg: 33058:{'A1'}
Unconnected arg: 33065:{'A0'}
Unconnected arg: 33066:{'A0'}
Unconnected arg: 33069:{'A1', 'A0'}
Unconnected arg: 33080:{'A1'}
Unconnected arg: 33081:{'A1'}
Unconnected arg: 33098:{'A2'}
Unconnected arg: 33105:{'A1'}
Unconnected arg: 33112:{'A2'}
Unconnected arg: 33118:{'A2'}
Unconnected arg: 33121:{'A0'}
Unconnected arg: 33122:{'A0'}
Unconnected arg: 33134:{'A1'}
Unconnected arg: 33137:{'A1'}
Unconnected arg: 33150:{'A1', 'A3'}
Unconnected arg: 33163:{'A1'}
Unconnected arg: 33167:{'A1'}
Unconnected arg: 33169:{'A1'}
Unconnected arg: 33172:{'A1', 'A2'}
Unconnected arg: 33176:{'A0'}
Unconnected arg: 33182:{'A2'}
Unconnected arg: 33201:{'A1'}
Unconnected arg: 33216:{'A1'}
Unconnected arg: 33219:{'A0'}
Unconnected arg: 33225:{'A1'}
Unconnected arg: 33233:{'A1'}
Unconnected arg: 33235:{'A1'}
Unconnected arg: 33237:{'A2'}
Unconnected arg: 33244:{'A1'}
Unconnected arg: 33245:{'A0'}
Unconnected arg: 33251:{'A1'}
Unconnected arg: 33254:{'A0'}
Unconnected arg: 33259:{'A1'}
Unconnected arg: 33262:{'A2'}
Unconnected arg: 33274:{'A1'}
Unconnected arg: 33280:{'A2'}
Unconnected arg: 33281:{'A0'}
Unconnected arg: 33292:{'A1'}
Unconnected arg: 33294:{'A0'}
Unconnected arg: 33295:{'A0'}
Unconnected arg: 33296:{'A0'}
Unconnected arg: 33310:{'A1'}
Unconnected arg: 33325:{'A1'}
Unconnected arg: 33336:{'A1'}
Unconnected arg: 33338:{'A1'}
Unconnected arg: 33343:{'A1'}
Unconnected arg: 33346:{'A1'}
Unconnected arg: 33350:{'A1'}
Unconnected arg: 33352:{'A1'}
Unconnected arg: 33353:{'A1'}
Unconnected arg: 33356:{'A1'}
Unconnected arg: 33360:{'A0'}
Unconnected arg: 33361:{'A0'}
Unconnected arg: 33362:{'A0'}
Unconnected arg: 33363:{'A0'}
Unconnected arg: 33364:{'A2'}
Unconnected arg: 33368:{'A1'}
Unconnected arg: 33370:{'A1'}
Unconnected arg: 33385:{'A1'}
Unconnected arg: 33392:{'A1'}
Unconnected arg: 33398:{'A2'}
Unconnected arg: 33399:{'A1'}
Unconnected arg: 33400:{'A1'}
Unconnected arg: 33404:{'A1'}
Unconnected arg: 33405:{'A1'}
Unconnected arg: 33412:{'A0'}
Unconnected arg: 33420:{'A2'}
Unconnected arg: 33447:{'A0'}
Unconnected arg: 33449:{'A1'}
Unconnected arg: 33450:{'A0'}
Unconnected arg: 33452:{'A0'}
Unconnected arg: 33461:{'A1'}
Unconnected arg: 33463:{'A1'}
Unconnected arg: 33464:{'A2'}
Unconnected arg: 33467:{'A2'}
Unconnected arg: 33477:{'A1'}
Unconnected arg: 33486:{'A2'}
Unconnected arg: 33491:{'A2'}
Unconnected arg: 33494:{'A2'}
Unconnected arg: 33496:{'A1'}
Unconnected arg: 33502:{'A1'}
Unconnected arg: 33533:{'A3'}
Unconnected arg: 33549:{'A0'}
Unconnected arg: 33564:{'A1'}
Unconnected arg: 33572:{'A0'}
Unconnected arg: 33585:{'A2'}
Unconnected arg: 33586:{'A1'}
Unconnected arg: 33590:{'A0'}
Unconnected arg: 33591:{'A1', 'A0'}
Unconnected arg: 33593:{'A1'}
Unconnected arg: 33594:{'A1'}
Unconnected arg: 33623:{'A3', 'A2'}
Unconnected arg: 33624:{'A1', 'A0', 'A3'}
Unconnected arg: 33627:{'A2'}
Unconnected arg: 33628:{'A1'}
Unconnected arg: 33635:{'A1'}
Unconnected arg: 33649:{'A1'}
Unconnected arg: 33654:{'A0'}
Unconnected arg: 33655:{'A1'}
Unconnected arg: 33656:{'A1'}
Unconnected arg: 33657:{'A1'}
Unconnected arg: 33660:{'A0'}
Unconnected arg: 33666:{'A0'}
Unconnected arg: 33685:{'A2'}
Unconnected arg: 33710:{'A1'}
Unconnected arg: 33713:{'A1'}
Unconnected arg: 33714:{'A1'}
Unconnected arg: 33715:{'A1'}
Unconnected arg: 33728:{'A1'}
Unconnected arg: 33732:{'A0'}
Unconnected arg: 33740:{'A1', 'A0'}
Unconnected arg: 33741:{'A0'}
Unconnected arg: 33745:{'A0'}
Unconnected arg: 33748:{'A1'}
Unconnected arg: 33749:{'A1'}
Unconnected arg: 33762:{'A1'}
Unconnected arg: 33765:{'A1'}
Unconnected arg: 33768:{'A2'}
Unconnected arg: 33774:{'A1'}
Unconnected arg: 33784:{'A1'}
Unconnected arg: 33795:{'A0'}
Unconnected arg: 33797:{'A2'}
Unconnected arg: 33814:{'A0'}
Unconnected arg: 33816:{'A0'}
Unconnected arg: 33830:{'A0'}
Unconnected arg: 33834:{'A0'}
Unconnected arg: 33836:{'A1'}
Unconnected arg: 33837:{'A1'}
Unconnected arg: 33838:{'A1'}
Unconnected arg: 33861:{'A1'}
Unconnected arg: 33876:{'A0'}
Unconnected arg: 33877:{'A1'}
Unconnected arg: 33880:{'A2'}
Unconnected arg: 33882:{'A1'}
Unconnected arg: 33884:{'A2'}
Unconnected arg: 33886:{'A0'}
Unconnected arg: 33887:{'A1', 'A0'}
Unconnected arg: 33888:{'A0'}
Unconnected arg: 33912:{'A0'}
Unconnected arg: 33914:{'A1'}
Unconnected arg: 33923:{'A1'}
Unconnected arg: 33924:{'A2'}
Unconnected arg: 33925:{'A2'}
Unconnected arg: 33934:{'A2'}
Unconnected arg: 33950:{'A1'}
Unconnected arg: 33985:{'A1'}
Unconnected arg: 33986:{'A1'}
Unconnected arg: 33991:{'A1'}
Unconnected arg: 33993:{'A2'}
Unconnected arg: 33998:{'A2'}
Unconnected arg: 34000:{'A1'}
Unconnected arg: 34003:{'A2'}
Unconnected arg: 34004:{'A2'}
Unconnected arg: 34007:{'A0'}
Unconnected arg: 34013:{'A0'}
Unconnected arg: 34020:{'A1'}
Unconnected arg: 34021:{'A1'}
Unconnected arg: 34022:{'A1'}
Unconnected arg: 34024:{'A2'}
Unconnected arg: 34030:{'A1'}
Unconnected arg: 34031:{'A1'}
Unconnected arg: 34039:{'A1'}
Unconnected arg: 34040:{'A0'}
Unconnected arg: 34041:{'A1'}
Unconnected arg: 34042:{'A1'}
Unconnected arg: 34046:{'A1'}
Unconnected arg: 34050:{'A1'}
Unconnected arg: 34056:{'A0'}
Unconnected arg: 34057:{'A1'}
Unconnected arg: 34061:{'A1'}
Unconnected arg: 34066:{'A1'}
Unconnected arg: 34070:{'A2'}
Unconnected arg: 34072:{'A1'}
Unconnected arg: 34092:{'A1'}
Unconnected arg: 34099:{'A1'}
Unconnected arg: 34102:{'A1'}
Unconnected arg: 34106:{'A0'}
Unconnected arg: 34112:{'A1'}
Unconnected arg: 34114:{'A1'}
Unconnected arg: 34117:{'A3'}
Unconnected arg: 34124:{'A1'}
Unconnected arg: 34129:{'A0'}
Unconnected arg: 34135:{'A2'}
Unconnected arg: 34136:{'A1', 'A3'}
Unconnected arg: 34137:{'A1', 'A3'}
Unconnected arg: 34138:{'A2'}
Unconnected arg: 34141:{'A0'}
Unconnected arg: 34144:{'A1'}
Unconnected arg: 34146:{'A1'}
Unconnected arg: 34148:{'A0'}
Unconnected arg: 34155:{'A1'}
Unconnected arg: 34157:{'A1'}
Unconnected arg: 34160:{'A1'}
Unconnected arg: 34170:{'A1'}
Unconnected arg: 34173:{'A0'}
Unconnected arg: 34174:{'A0'}
Unconnected arg: 34175:{'A0'}
Unconnected arg: 34176:{'A0'}
Unconnected arg: 34179:{'A1'}
Unconnected arg: 34188:{'A2'}
Unconnected arg: 34193:{'A2'}
Unconnected arg: 34196:{'A0'}
Unconnected arg: 34199:{'A2'}
Unconnected arg: 34202:{'A0'}
Unconnected arg: 34206:{'A2'}
Unconnected arg: 34213:{'A1'}
Unconnected arg: 34225:{'A1'}
Unconnected arg: 34235:{'A1'}
Unconnected arg: 34237:{'A1'}
Unconnected arg: 34244:{'A0'}
Unconnected arg: 34259:{'A1'}
Unconnected arg: 34264:{'A2'}
Unconnected arg: 34266:{'A2'}
Unconnected arg: 34268:{'A2'}
Unconnected arg: 34284:{'A0'}
Unconnected arg: 34286:{'A0'}
Unconnected arg: 34290:{'A1'}
Unconnected arg: 34320:{'A1'}
Unconnected arg: 34327:{'A4'}
Unconnected arg: 34330:{'A1'}
Unconnected arg: 34331:{'A2'}
Unconnected arg: 34332:{'A1'}
Unconnected arg: 34334:{'A1'}
Unconnected arg: 34335:{'A1'}
Unconnected arg: 34338:{'A1'}
Unconnected arg: 34340:{'A1'}
Unconnected arg: 34343:{'A1'}
Unconnected arg: 34345:{'A0'}
Unconnected arg: 34352:{'A2'}
Unconnected arg: 34353:{'A0'}
Unconnected arg: 34359:{'A1'}
Unconnected arg: 34362:{'A2'}
Unconnected arg: 34366:{'A2'}
Unconnected arg: 34369:{'A3'}
Unconnected arg: 34372:{'A0'}
Unconnected arg: 34377:{'A0'}
Unconnected arg: 34380:{'A1'}
Unconnected arg: 34398:{'A0'}
Unconnected arg: 34401:{'A0'}
Unconnected arg: 34404:{'A0'}
Unconnected arg: 34405:{'A1'}
Unconnected arg: 34409:{'A0'}
Unconnected arg: 34415:{'A1'}
Unconnected arg: 34416:{'A1'}
Unconnected arg: 34426:{'A0'}
Unconnected arg: 34430:{'A2'}
Unconnected arg: 34440:{'A1'}
Unconnected arg: 34446:{'A0'}
Unconnected arg: 34448:{'A0'}
Unconnected arg: 34449:{'A1'}
Unconnected arg: 34456:{'A1'}
Unconnected arg: 34457:{'A0'}
Unconnected arg: 34460:{'A0'}
Unconnected arg: 34462:{'A0'}
Unconnected arg: 34470:{'A1'}
Unconnected arg: 34471:{'A1'}
Unconnected arg: 34479:{'A1'}
Unconnected arg: 34483:{'A1'}
Unconnected arg: 34485:{'A0'}
Unconnected arg: 34489:{'A1', 'A0'}
Unconnected arg: 34492:{'A1'}
Unconnected arg: 34495:{'A1'}
Unconnected arg: 34496:{'A1'}
Unconnected arg: 34498:{'A1'}
Unconnected arg: 34499:{'A0'}
Unconnected arg: 34508:{'A1'}
Unconnected arg: 34515:{'A1'}
Unconnected arg: 34518:{'A1'}
Unconnected arg: 34522:{'A1', 'A0'}
Unconnected arg: 34523:{'A0'}
Unconnected arg: 34529:{'A2'}
Unconnected arg: 34536:{'A1'}
Unconnected arg: 34542:{'A1'}
Unconnected arg: 34543:{'A1'}
Unconnected arg: 34550:{'A0'}
Unconnected arg: 34551:{'A0'}
Unconnected arg: 34553:{'A1'}
Unconnected arg: 34554:{'A1'}
Unconnected arg: 34564:{'A1'}
Unconnected arg: 34589:{'A1'}
Unconnected arg: 34593:{'A0'}
Unconnected arg: 34595:{'A0'}
Unconnected arg: 34596:{'A1'}
Unconnected arg: 34597:{'A0'}
Unconnected arg: 34613:{'A0'}
Unconnected arg: 34617:{'A2'}
Unconnected arg: 34618:{'A2'}
Unconnected arg: 34620:{'A1'}
Unconnected arg: 34629:{'A0'}
Unconnected arg: 34632:{'A1'}
Unconnected arg: 34634:{'A1'}
Unconnected arg: 34635:{'A1'}
Unconnected arg: 34636:{'A1'}
Unconnected arg: 34637:{'A1'}
Unconnected arg: 34641:{'A1'}
Unconnected arg: 34649:{'A1'}
Unconnected arg: 34650:{'A1'}
Unconnected arg: 34652:{'A2'}
Unconnected arg: 34653:{'A3', 'A2'}
Unconnected arg: 34655:{'A2'}
Unconnected arg: 34659:{'A2'}
Unconnected arg: 34667:{'A1'}
Unconnected arg: 34670:{'A1'}
Unconnected arg: 34676:{'A1'}
Unconnected arg: 34684:{'A1'}
Unconnected arg: 34685:{'A2'}
Unconnected arg: 34691:{'A0'}
Unconnected arg: 34692:{'A0'}
Unconnected arg: 34695:{'A0'}
Unconnected arg: 34698:{'A1'}
Unconnected arg: 34701:{'A1'}
Unconnected arg: 34704:{'A1'}
Unconnected arg: 34705:{'A0'}
Unconnected arg: 34707:{'A1'}
Unconnected arg: 34720:{'A1'}
Unconnected arg: 34725:{'A0'}
Unconnected arg: 34735:{'A0'}
Unconnected arg: 34738:{'A0'}
Unconnected arg: 34739:{'A1'}
Unconnected arg: 34756:{'A1'}
Unconnected arg: 34760:{'A1'}
Unconnected arg: 34767:{'A1'}
Unconnected arg: 34769:{'A0'}
Unconnected arg: 34770:{'A0'}
Unconnected arg: 34773:{'A1'}
Unconnected arg: 34776:{'A1'}
Unconnected arg: 34778:{'A1'}
Unconnected arg: 34782:{'A1'}
Unconnected arg: 34783:{'A1'}
Unconnected arg: 34785:{'A1'}
Unconnected arg: 34787:{'A1'}
Unconnected arg: 34790:{'A1'}
Unconnected arg: 34802:{'A0'}
Unconnected arg: 34803:{'A1'}
Unconnected arg: 34804:{'A1'}
Unconnected arg: 34807:{'A2'}
Unconnected arg: 34809:{'A3'}
Unconnected arg: 34811:{'A1'}
Unconnected arg: 34813:{'A3'}
Unconnected arg: 34816:{'A1'}
Unconnected arg: 34817:{'A1'}
Unconnected arg: 34821:{'A1'}
Unconnected arg: 34824:{'A1'}
Unconnected arg: 34833:{'A0'}
Unconnected arg: 34852:{'A1'}
Unconnected arg: 34853:{'A1'}
Unconnected arg: 34859:{'A1'}
Unconnected arg: 34861:{'A1'}
Unconnected arg: 34873:{'A0'}
Unconnected arg: 34877:{'A1'}
Unconnected arg: 34878:{'A0'}
Unconnected arg: 34884:{'A2'}
Unconnected arg: 34886:{'A2'}
Unconnected arg: 34891:{'A0'}
Unconnected arg: 34894:{'A2'}
Unconnected arg: 34898:{'A2'}
Unconnected arg: 34899:{'A2'}
Unconnected arg: 34903:{'A0'}
Unconnected arg: 34906:{'A0'}
Unconnected arg: 34915:{'A1'}
Unconnected arg: 34931:{'A0'}
Unconnected arg: 34945:{'A2'}
Unconnected arg: 34951:{'A2'}
Unconnected arg: 34953:{'A1'}
Unconnected arg: 34954:{'A1'}
Unconnected arg: 34963:{'A1'}
Unconnected arg: 34969:{'A1'}
Unconnected arg: 34973:{'A2'}
Unconnected arg: 34979:{'A1'}
Unconnected arg: 34980:{'A2'}
Unconnected arg: 34983:{'A2'}
Unconnected arg: 34984:{'A1'}
Unconnected arg: 34986:{'A1'}
Unconnected arg: 34992:{'A0'}
Unconnected arg: 34993:{'A1'}
Unconnected arg: 34994:{'A1'}
Unconnected arg: 34995:{'A3'}
Unconnected arg: 34996:{'A3'}
Unconnected arg: 35002:{'A1'}
Unconnected arg: 35010:{'A1'}
Unconnected arg: 35011:{'A1'}
Unconnected arg: 35014:{'A0'}
Unconnected arg: 35017:{'A0'}
Unconnected arg: 35018:{'A1', 'A0'}
Unconnected arg: 35026:{'A1'}
Unconnected arg: 35035:{'A0'}
Unconnected arg: 35048:{'A0'}
Unconnected arg: 35052:{'A1'}
Unconnected arg: 35055:{'A1'}
Unconnected arg: 35062:{'A1'}
Unconnected arg: 35077:{'A1'}
Unconnected arg: 35081:{'A1'}
Unconnected arg: 35082:{'A1'}
Unconnected arg: 35083:{'A2'}
Unconnected arg: 35090:{'A1'}
Unconnected arg: 35111:{'A1'}
Unconnected arg: 35114:{'A1'}
Unconnected arg: 35115:{'A1'}
Unconnected arg: 35124:{'A1'}
Unconnected arg: 35125:{'A0'}
Unconnected arg: 35131:{'A1'}
Unconnected arg: 35138:{'A0'}
Unconnected arg: 35140:{'A1'}
Unconnected arg: 35141:{'A1'}
Unconnected arg: 35148:{'A0'}
Unconnected arg: 35149:{'A1'}
Unconnected arg: 35151:{'A0'}
Unconnected arg: 35159:{'A2'}
Unconnected arg: 35164:{'A3'}
Unconnected arg: 35166:{'A3'}
Unconnected arg: 35169:{'A1'}
Unconnected arg: 35171:{'A1'}
Unconnected arg: 35184:{'A0'}
Unconnected arg: 35185:{'A1'}
Unconnected arg: 35186:{'A0'}
Unconnected arg: 35187:{'A0'}
Unconnected arg: 35194:{'A1'}
Unconnected arg: 35198:{'A1'}
Unconnected arg: 35204:{'A3'}
Unconnected arg: 35205:{'A3', 'A2'}
Unconnected arg: 35206:{'A1', 'A0'}
Unconnected arg: 35208:{'A1'}
Unconnected arg: 35217:{'A1'}
Unconnected arg: 35223:{'A2'}
Unconnected arg: 35227:{'A2'}
Unconnected arg: 35232:{'A1'}
Unconnected arg: 35233:{'A2'}
Unconnected arg: 35234:{'A1', 'A2'}
Unconnected arg: 35255:{'A1'}
Unconnected arg: 35270:{'A0'}
Unconnected arg: 35275:{'A0'}
Unconnected arg: 35277:{'A0'}
Unconnected arg: 35283:{'A2'}
Unconnected arg: 35287:{'A1'}
Unconnected arg: 35290:{'A2'}
Unconnected arg: 35293:{'A2'}
Unconnected arg: 35294:{'A2'}
Unconnected arg: 35303:{'A1'}
Unconnected arg: 35306:{'A1'}
Unconnected arg: 35307:{'A1'}
Unconnected arg: 35319:{'A1'}
Unconnected arg: 35322:{'A1'}
Unconnected arg: 35329:{'A0'}
Unconnected arg: 35332:{'A1'}
Unconnected arg: 35334:{'A1'}
Unconnected arg: 35335:{'A1'}
Unconnected arg: 35337:{'A1'}
Unconnected arg: 35350:{'A1'}
Unconnected arg: 35351:{'A0'}
Unconnected arg: 35355:{'A1'}
Unconnected arg: 35356:{'A1'}
Unconnected arg: 35360:{'A0'}
Unconnected arg: 35362:{'A0'}
Unconnected arg: 35366:{'A1'}
Unconnected arg: 35369:{'A0'}
Unconnected arg: 35371:{'A1'}
Unconnected arg: 35373:{'A1'}
Unconnected arg: 35374:{'A1'}
Unconnected arg: 35377:{'A0'}
Unconnected arg: 35383:{'A0'}
Unconnected arg: 35400:{'A1'}
Unconnected arg: 35409:{'A2'}
Unconnected arg: 35414:{'A2'}
Unconnected arg: 35415:{'A2'}
Unconnected arg: 35417:{'A0'}
Unconnected arg: 35440:{'A1'}
Unconnected arg: 35445:{'A2'}
Unconnected arg: 35461:{'A1'}
Unconnected arg: 35473:{'A1'}
Unconnected arg: 35477:{'A1'}
Unconnected arg: 35481:{'A1'}
Unconnected arg: 35486:{'A1'}
Unconnected arg: 35492:{'A1'}
Unconnected arg: 35493:{'A0'}
Unconnected arg: 35517:{'A1'}
Unconnected arg: 35522:{'A1', 'A0'}
Unconnected arg: 35527:{'A1'}
Unconnected arg: 35531:{'A1', 'A0'}
Unconnected arg: 35542:{'A2'}
Unconnected arg: 35543:{'A1'}
Unconnected arg: 35552:{'A1'}
Unconnected arg: 35561:{'A2'}
Unconnected arg: 35562:{'A2'}
Unconnected arg: 35564:{'A1'}
Unconnected arg: 35569:{'A1'}
Unconnected arg: 35577:{'A1'}
Unconnected arg: 35581:{'A0'}
Unconnected arg: 35583:{'A0'}
Unconnected arg: 35591:{'A1'}
Unconnected arg: 35597:{'A1'}
Unconnected arg: 35598:{'A1'}
Unconnected arg: 35603:{'A0'}
Unconnected arg: 35604:{'A0'}
Unconnected arg: 35605:{'A0'}
Unconnected arg: 35609:{'A1'}
Unconnected arg: 35616:{'A1'}
Unconnected arg: 35622:{'A1'}
Unconnected arg: 35628:{'A0'}
Unconnected arg: 35631:{'A0'}
Unconnected arg: 35632:{'A0'}
Unconnected arg: 35634:{'A0'}
Unconnected arg: 35635:{'A1'}
Unconnected arg: 35652:{'A1'}
Unconnected arg: 35654:{'A2'}
Unconnected arg: 35656:{'A1'}
Unconnected arg: 35659:{'A1'}
Unconnected arg: 35660:{'A1'}
Unconnected arg: 35662:{'A1'}
Unconnected arg: 35663:{'A1'}
Unconnected arg: 35665:{'A1'}
Unconnected arg: 35669:{'A1'}
Unconnected arg: 35683:{'A2'}
Unconnected arg: 35686:{'A0'}
Unconnected arg: 35689:{'A1'}
Unconnected arg: 35690:{'A2'}
Unconnected arg: 35710:{'A0'}
Unconnected arg: 35711:{'A2'}
Unconnected arg: 35715:{'A2'}
Unconnected arg: 35718:{'A1'}
Unconnected arg: 35722:{'A1'}
Unconnected arg: 35723:{'A0'}
Unconnected arg: 35724:{'A1'}
Unconnected arg: 35726:{'A0'}
Unconnected arg: 35727:{'A1'}
Unconnected arg: 35734:{'A1'}
Unconnected arg: 35736:{'A0'}
Unconnected arg: 35743:{'A0'}
Unconnected arg: 35745:{'A1'}
Unconnected arg: 35753:{'A1'}
Unconnected arg: 35757:{'A2'}
Unconnected arg: 35765:{'A1'}
Unconnected arg: 35772:{'A0'}
Unconnected arg: 35786:{'A0'}
Unconnected arg: 35801:{'A2'}
Unconnected arg: 35808:{'A1'}
Unconnected arg: 35809:{'A1'}
Unconnected arg: 35811:{'A1'}
Unconnected arg: 35815:{'A1'}
Unconnected arg: 35823:{'A1'}
Unconnected arg: 35826:{'A0'}
Unconnected arg: 35833:{'A1'}
Unconnected arg: 35842:{'A0'}
Unconnected arg: 35845:{'A1'}
Unconnected arg: 35847:{'A1'}
Unconnected arg: 35851:{'A0'}
Unconnected arg: 35859:{'A2'}
Unconnected arg: 35868:{'A1', 'A0', 'A2'}
Unconnected arg: 35869:{'A0'}
Unconnected arg: 35873:{'A1'}
Unconnected arg: 35883:{'A1'}
Unconnected arg: 35884:{'A2'}
Unconnected arg: 35888:{'A1'}
Unconnected arg: 35892:{'A1'}
Unconnected arg: 35895:{'A1'}
Unconnected arg: 35898:{'A0'}
Unconnected arg: 35908:{'A1'}
Unconnected arg: 35913:{'A1'}
Unconnected arg: 35915:{'A1'}
Unconnected arg: 35921:{'A2'}
Unconnected arg: 35927:{'A1'}
Unconnected arg: 35928:{'A1'}
Unconnected arg: 35932:{'A0'}
Unconnected arg: 35935:{'A1'}
Unconnected arg: 35943:{'A2'}
Unconnected arg: 35945:{'A1'}
Unconnected arg: 35950:{'A1'}
Unconnected arg: 35951:{'A1'}
Unconnected arg: 35956:{'A1'}
Unconnected arg: 35985:{'A0'}
Unconnected arg: 35992:{'A0'}
Unconnected arg: 36002:{'A3', 'A2'}
Unconnected arg: 36003:{'A2'}
Unconnected arg: 36006:{'A1'}
Unconnected arg: 36007:{'A1'}
Unconnected arg: 36011:{'A1'}
Unconnected arg: 36012:{'A0'}
Unconnected arg: 36013:{'A1'}
Unconnected arg: 36014:{'A0'}
Unconnected arg: 36034:{'A0'}
Unconnected arg: 36035:{'A0'}
Unconnected arg: 36038:{'A1'}
Unconnected arg: 36045:{'A2'}
Unconnected arg: 36046:{'A4'}
Unconnected arg: 36047:{'A2'}
Unconnected arg: 36048:{'A0'}
Unconnected arg: 36049:{'A0'}
Unconnected arg: 36056:{'A3'}
Unconnected arg: 36057:{'A3'}
Unconnected arg: 36059:{'A3'}
Unconnected arg: 36077:{'A0'}
Unconnected arg: 36087:{'A2'}
Unconnected arg: 36092:{'A1'}
Unconnected arg: 36094:{'A1'}
Unconnected arg: 36105:{'A0'}
Unconnected arg: 36106:{'A2'}
Unconnected arg: 36107:{'A1'}
Unconnected arg: 36110:{'A1'}
Unconnected arg: 36111:{'A1'}
Unconnected arg: 36114:{'A0'}
Unconnected arg: 36115:{'A1'}
Unconnected arg: 36123:{'A1'}
Unconnected arg: 36124:{'A1'}
Unconnected arg: 36125:{'A1'}
Unconnected arg: 36128:{'A0'}
Unconnected arg: 36139:{'A1'}
Unconnected arg: 36150:{'A1'}
Unconnected arg: 36151:{'A1'}
Unconnected arg: 36157:{'A0'}
Unconnected arg: 36160:{'A0'}
Unconnected arg: 36163:{'A1'}
Unconnected arg: 36164:{'A0'}
Unconnected arg: 36168:{'A1', 'A2'}
Unconnected arg: 36170:{'A1'}
Unconnected arg: 36178:{'A1'}
Unconnected arg: 36179:{'A1'}
Unconnected arg: 36180:{'A1'}
Unconnected arg: 36183:{'A0'}
Unconnected arg: 36185:{'A1'}
Unconnected arg: 36188:{'A0'}
Unconnected arg: 36207:{'A1'}
Unconnected arg: 36215:{'A0'}
Unconnected arg: 36216:{'A0'}
Unconnected arg: 36227:{'A1'}
Unconnected arg: 36228:{'A0'}
Unconnected arg: 36229:{'A0'}
Unconnected arg: 36230:{'A1'}
Unconnected arg: 36242:{'A1'}
Unconnected arg: 36243:{'A0'}
Unconnected arg: 36260:{'A1'}
Unconnected arg: 36266:{'A1'}
Unconnected arg: 36269:{'A1'}
Unconnected arg: 36272:{'A0'}
Unconnected arg: 36273:{'A0'}
Unconnected arg: 36286:{'A0'}
Unconnected arg: 36298:{'A1'}
Unconnected arg: 36301:{'A1'}
Unconnected arg: 36303:{'A0'}
Unconnected arg: 36306:{'A1'}
Unconnected arg: 36309:{'A0'}
Unconnected arg: 36310:{'A0'}
Unconnected arg: 36313:{'A1', 'A0'}
Unconnected arg: 36322:{'A0'}
Unconnected arg: 36334:{'A1'}
Unconnected arg: 36343:{'A1'}
Unconnected arg: 36351:{'A1'}
Unconnected arg: 36359:{'A2'}
Unconnected arg: 36363:{'A2'}
Unconnected arg: 36369:{'A1'}
Unconnected arg: 36370:{'A1'}
Unconnected arg: 36371:{'A1'}
Unconnected arg: 36384:{'A1'}
Unconnected arg: 36388:{'A1'}
Unconnected arg: 36389:{'A0'}
Unconnected arg: 36403:{'A1', 'A2'}
Unconnected arg: 36404:{'A1'}
Unconnected arg: 36424:{'A1'}
Unconnected arg: 36425:{'A1'}
Unconnected arg: 36427:{'A1'}
Unconnected arg: 36431:{'A1'}
Unconnected arg: 36434:{'A1'}
Unconnected arg: 36436:{'A1'}
Unconnected arg: 36442:{'A1'}
Unconnected arg: 36464:{'A0'}
Unconnected arg: 36465:{'A1'}
Unconnected arg: 36466:{'A0'}
Unconnected arg: 36467:{'A1'}
Unconnected arg: 36482:{'A1'}
Unconnected arg: 36488:{'A0'}
Unconnected arg: 36502:{'A0'}
Unconnected arg: 36504:{'A2'}
Unconnected arg: 36507:{'A1'}
Unconnected arg: 36508:{'A0'}
Unconnected arg: 36510:{'A1'}
Unconnected arg: 36511:{'A1'}
Unconnected arg: 36518:{'A0'}
Unconnected arg: 36520:{'A1'}
Unconnected arg: 36524:{'A1'}
Unconnected arg: 36525:{'A0'}
Unconnected arg: 36530:{'A0'}
Unconnected arg: 36543:{'A2'}
Unconnected arg: 36544:{'A1'}
Unconnected arg: 36563:{'A1'}
Unconnected arg: 36564:{'A2'}
Unconnected arg: 36570:{'A1'}
Unconnected arg: 36596:{'A1'}
Unconnected arg: 36609:{'A1'}
Unconnected arg: 36610:{'A1'}
Unconnected arg: 36631:{'A0'}
Unconnected arg: 36632:{'A1'}
Unconnected arg: 36637:{'A1'}
Unconnected arg: 36645:{'A1'}
Unconnected arg: 36647:{'A1'}
Unconnected arg: 36651:{'A1'}
Unconnected arg: 36664:{'A1'}
Unconnected arg: 36665:{'A2'}
Unconnected arg: 36671:{'A1'}
Unconnected arg: 36674:{'A1'}
Unconnected arg: 36675:{'A1'}
Unconnected arg: 36678:{'A0'}
Unconnected arg: 36683:{'A1'}
Unconnected arg: 36687:{'A1'}
Unconnected arg: 36692:{'A0'}
Unconnected arg: 36709:{'A3'}
Unconnected arg: 36711:{'A2'}
Unconnected arg: 36723:{'A2'}
Unconnected arg: 36730:{'A1'}
Unconnected arg: 36734:{'A1'}
Unconnected arg: 36748:{'A1'}
Unconnected arg: 36749:{'A3'}
Unconnected arg: 36752:{'A1'}
Unconnected arg: 36760:{'A2'}
Unconnected arg: 36762:{'A1', 'A0'}
Unconnected arg: 36763:{'A1'}
Unconnected arg: 36764:{'A0'}
Unconnected arg: 36766:{'A3'}
Unconnected arg: 36767:{'A1'}
Unconnected arg: 36769:{'A0'}
Unconnected arg: 36770:{'A0'}
Unconnected arg: 36783:{'A1'}
Unconnected arg: 36790:{'A1'}
Unconnected arg: 36792:{'A0'}
Unconnected arg: 36796:{'A0'}
Unconnected arg: 36797:{'A2'}
Unconnected arg: 36798:{'A1', 'A2'}
Unconnected arg: 36799:{'A0'}
Unconnected arg: 36812:{'A1'}
Unconnected arg: 36816:{'A1'}
Unconnected arg: 36822:{'A2'}
Unconnected arg: 36829:{'A1'}
Unconnected arg: 36831:{'A1'}
Unconnected arg: 36832:{'A1'}
Unconnected arg: 36833:{'A1'}
Unconnected arg: 36834:{'A1'}
Unconnected arg: 36846:{'A2'}
Unconnected arg: 36847:{'A1'}
Unconnected arg: 36870:{'A0'}
Unconnected arg: 36872:{'A1'}
Unconnected arg: 36875:{'A1'}
Unconnected arg: 36881:{'A2'}
Unconnected arg: 36886:{'A1'}
Unconnected arg: 36888:{'A0'}
Unconnected arg: 36897:{'A0'}
Unconnected arg: 36912:{'A1'}
Unconnected arg: 36918:{'A1'}
Unconnected arg: 36919:{'A1'}
Unconnected arg: 36920:{'A1', 'A0'}
Unconnected arg: 36929:{'A1'}
Unconnected arg: 36938:{'A2'}
Unconnected arg: 36940:{'A2'}
Unconnected arg: 36943:{'A0'}
Unconnected arg: 36946:{'A0'}
Unconnected arg: 36947:{'A0'}
Unconnected arg: 36958:{'A0'}
Unconnected arg: 36959:{'A1'}
Unconnected arg: 36974:{'A1'}
Unconnected arg: 36975:{'A1', 'A2'}
Unconnected arg: 36976:{'A1', 'A2'}
Unconnected arg: 36978:{'A1'}
Unconnected arg: 36979:{'A1', 'A2'}
Unconnected arg: 36981:{'A1'}
Unconnected arg: 36989:{'A1'}
Unconnected arg: 36991:{'A2'}
Unconnected arg: 36993:{'A1'}
Unconnected arg: 36998:{'A1'}
Unconnected arg: 37005:{'A1'}
Unconnected arg: 37010:{'A1'}
Unconnected arg: 37018:{'A1'}
Unconnected arg: 37019:{'A2'}
Unconnected arg: 37021:{'A0'}
Unconnected arg: 37031:{'A1'}
Unconnected arg: 37037:{'A0'}
Unconnected arg: 37038:{'A1'}
Unconnected arg: 37048:{'A2'}
Unconnected arg: 37049:{'A1'}
Unconnected arg: 37050:{'A1', 'A2'}
Unconnected arg: 37054:{'A2'}
Unconnected arg: 37056:{'A1'}
Unconnected arg: 37057:{'A1'}
Unconnected arg: 37113:{'A1'}
Unconnected arg: 37117:{'A0'}
Unconnected arg: 37118:{'A0'}
Unconnected arg: 37119:{'A0'}
Unconnected arg: 37120:{'A1'}
Unconnected arg: 37123:{'A1'}
Unconnected arg: 37124:{'A0'}
Unconnected arg: 37126:{'A1'}
Unconnected arg: 37127:{'A1'}
Unconnected arg: 37137:{'A2'}
Unconnected arg: 37139:{'A1'}
Unconnected arg: 37144:{'A1'}
Unconnected arg: 37146:{'A2'}
Unconnected arg: 37151:{'A1'}
Unconnected arg: 37170:{'A1'}
Unconnected arg: 37173:{'A1'}
Unconnected arg: 37185:{'A1'}
Unconnected arg: 37199:{'A1'}
Unconnected arg: 37204:{'A1'}
Unconnected arg: 37217:{'A2'}
Unconnected arg: 37218:{'A0', 'A2'}
Unconnected arg: 37219:{'A0'}
Unconnected arg: 37221:{'A2'}
Unconnected arg: 37222:{'A2'}
Unconnected arg: 37223:{'A1'}
Unconnected arg: 37236:{'A1'}
Unconnected arg: 37238:{'A0'}
Unconnected arg: 37240:{'A1'}
Unconnected arg: 37242:{'A0'}
Unconnected arg: 37243:{'A1'}
Unconnected arg: 37245:{'A1'}
Unconnected arg: 37248:{'A0'}
Unconnected arg: 37249:{'A0'}
Unconnected arg: 37250:{'A0'}
Unconnected arg: 37253:{'A1'}
Unconnected arg: 37254:{'A1'}
Unconnected arg: 37284:{'A1'}
Unconnected arg: 37285:{'A0'}
Unconnected arg: 37301:{'A2'}
Unconnected arg: 37303:{'A1'}
Unconnected arg: 37305:{'A1'}
Unconnected arg: 37315:{'A1'}
Unconnected arg: 37316:{'A2'}
Unconnected arg: 37324:{'A1'}
Unconnected arg: 37336:{'A1'}
Unconnected arg: 37339:{'A1'}
Unconnected arg: 37340:{'A1'}
Unconnected arg: 37342:{'A1'}
Unconnected arg: 37347:{'A1', 'A0'}
Unconnected arg: 37348:{'A0'}
Unconnected arg: 37357:{'A1'}
Unconnected arg: 37359:{'A1'}
Unconnected arg: 37361:{'A1'}
Unconnected arg: 37366:{'A2'}
Unconnected arg: 37369:{'A0'}
Unconnected arg: 37376:{'A1'}
Unconnected arg: 37381:{'A0'}
Unconnected arg: 37386:{'A2'}
Unconnected arg: 37389:{'A0'}
Unconnected arg: 37390:{'A0'}
Unconnected arg: 37400:{'A1'}
Unconnected arg: 37409:{'A1'}
Unconnected arg: 37410:{'A2'}
Unconnected arg: 37411:{'A2'}
Unconnected arg: 37415:{'A0'}
Unconnected arg: 37416:{'A0'}
Unconnected arg: 37420:{'A2'}
Unconnected arg: 37430:{'A1'}
Unconnected arg: 37432:{'A2'}
Unconnected arg: 37435:{'A0'}
Unconnected arg: 37437:{'A0'}
Unconnected arg: 37438:{'A0'}
Unconnected arg: 37442:{'A1'}
Unconnected arg: 37443:{'A0'}
Unconnected arg: 37444:{'A0'}
Unconnected arg: 37445:{'A1'}
Unconnected arg: 37449:{'A0'}
Unconnected arg: 37451:{'A1'}
Unconnected arg: 37454:{'A1'}
Unconnected arg: 37459:{'A1'}
Unconnected arg: 37461:{'A0'}
Unconnected arg: 37468:{'A1'}
Unconnected arg: 37471:{'A1'}
Unconnected arg: 37476:{'A2'}
Unconnected arg: 37477:{'A1'}
Unconnected arg: 37481:{'A2'}
Unconnected arg: 37496:{'A0'}
Unconnected arg: 37500:{'A1'}
Unconnected arg: 37506:{'A1'}
Unconnected arg: 37507:{'A1'}
Unconnected arg: 37515:{'A1'}
Unconnected arg: 37518:{'A0'}
Unconnected arg: 37524:{'A1'}
Unconnected arg: 37531:{'A1'}
Unconnected arg: 37538:{'A1'}
Unconnected arg: 37547:{'A1'}
Unconnected arg: 37551:{'A1'}
Unconnected arg: 37552:{'A1'}
Unconnected arg: 37561:{'A0'}
Unconnected arg: 37590:{'A1'}
Unconnected arg: 37593:{'A1'}
Unconnected arg: 37602:{'A2'}
Unconnected arg: 37616:{'A1'}
Unconnected arg: 37617:{'A1', 'A2'}
Unconnected arg: 37625:{'A1'}
Unconnected arg: 37628:{'A1'}
Unconnected arg: 37634:{'A0'}
Unconnected arg: 37645:{'A2'}
Unconnected arg: 37652:{'A1'}
Unconnected arg: 37655:{'A1'}
Unconnected arg: 37675:{'A0'}
Unconnected arg: 37676:{'A0'}
Unconnected arg: 37685:{'A1'}
Unconnected arg: 37694:{'A1'}
Unconnected arg: 37705:{'A1'}
Unconnected arg: 37711:{'A0'}
Unconnected arg: 37722:{'A0'}
Unconnected arg: 37725:{'A0'}
Unconnected arg: 37728:{'A1', 'A0'}
Unconnected arg: 37732:{'A1'}
Unconnected arg: 37733:{'A1'}
Unconnected arg: 37735:{'A1'}
Unconnected arg: 37739:{'A2'}
Unconnected arg: 37745:{'A1'}
Unconnected arg: 37749:{'A0'}
Unconnected arg: 37757:{'A2'}
Unconnected arg: 37760:{'A1', 'A0'}
Unconnected arg: 37772:{'A0'}
Unconnected arg: 37775:{'A1'}
Unconnected arg: 37784:{'A2'}
Unconnected arg: 37795:{'A1'}
Unconnected arg: 37800:{'A1'}
Unconnected arg: 37801:{'A0'}
Unconnected arg: 37802:{'A2'}
Unconnected arg: 37804:{'A0', 'A2'}
Unconnected arg: 37808:{'A1'}
Unconnected arg: 37819:{'A0'}
Unconnected arg: 37822:{'A1'}
Unconnected arg: 37843:{'A1'}
Unconnected arg: 37852:{'A1'}
Unconnected arg: 37856:{'A1'}
Unconnected arg: 37870:{'A1'}
Unconnected arg: 37875:{'A1', 'A0'}
Unconnected arg: 37876:{'A1'}
Unconnected arg: 37877:{'A1'}
Unconnected arg: 37889:{'A1'}
Unconnected arg: 37892:{'A1'}
Unconnected arg: 37904:{'A0'}
Unconnected arg: 37905:{'A0'}
Unconnected arg: 37907:{'A1', 'A2'}
Unconnected arg: 37908:{'A2'}
Unconnected arg: 37916:{'A1'}
Unconnected arg: 37928:{'A0'}
Unconnected arg: 37936:{'A1'}
Unconnected arg: 37938:{'A1'}
Unconnected arg: 37960:{'A1'}
Unconnected arg: 37961:{'A0'}
Unconnected arg: 37962:{'A1'}
Unconnected arg: 37963:{'A1'}
Unconnected arg: 37969:{'A1'}
Unconnected arg: 37980:{'A1'}
Unconnected arg: 37982:{'A1'}
Unconnected arg: 37998:{'A0'}
Unconnected arg: 38001:{'A1'}
Unconnected arg: 38003:{'A0'}
Unconnected arg: 38015:{'A2'}
Unconnected arg: 38020:{'A1'}
Unconnected arg: 38021:{'A2'}
Unconnected arg: 38024:{'A1'}
Unconnected arg: 38031:{'A2'}
Unconnected arg: 38035:{'A1'}
Unconnected arg: 38039:{'A1'}
Unconnected arg: 38047:{'A0'}
Unconnected arg: 38061:{'A2'}
Unconnected arg: 38063:{'A1'}
Unconnected arg: 38065:{'A1'}
Unconnected arg: 38074:{'A1'}
Unconnected arg: 38075:{'A1'}
Unconnected arg: 38077:{'A1'}
Unconnected arg: 38087:{'A1'}
Unconnected arg: 38089:{'A1'}
Unconnected arg: 38097:{'A1'}
Unconnected arg: 38102:{'A1'}
Unconnected arg: 38111:{'A1'}
Unconnected arg: 38114:{'A1'}
Unconnected arg: 38120:{'A1'}
Unconnected arg: 38121:{'A1'}
Unconnected arg: 38125:{'A1'}
Unconnected arg: 38126:{'A2'}
Unconnected arg: 38134:{'A0'}
Unconnected arg: 38141:{'A2'}
Unconnected arg: 38157:{'A1'}
Unconnected arg: 38159:{'A0'}
Unconnected arg: 38161:{'A0'}
Unconnected arg: 38163:{'A1'}
Unconnected arg: 38166:{'A0'}
Unconnected arg: 38167:{'A0'}
Unconnected arg: 38169:{'A0'}
Unconnected arg: 38172:{'A1'}
Unconnected arg: 38182:{'A0'}
Unconnected arg: 38188:{'A1'}
Unconnected arg: 38190:{'A1'}
Unconnected arg: 38192:{'A1'}
Unconnected arg: 38194:{'A1', 'A0'}
Unconnected arg: 38200:{'A1'}
Unconnected arg: 38202:{'A1'}
Unconnected arg: 38204:{'A1'}
Unconnected arg: 38205:{'A1'}
Unconnected arg: 38206:{'A2'}
Unconnected arg: 38207:{'A1'}
Unconnected arg: 38208:{'A1'}
Unconnected arg: 38212:{'A1'}
Unconnected arg: 38216:{'A1'}
Unconnected arg: 38225:{'A0'}
Unconnected arg: 38228:{'A0'}
Unconnected arg: 38229:{'A1'}
Unconnected arg: 38232:{'A2'}
Unconnected arg: 38234:{'A1'}
Unconnected arg: 38237:{'A1'}
Unconnected arg: 38238:{'A1'}
Unconnected arg: 38252:{'A1'}
Unconnected arg: 38253:{'A1'}
Unconnected arg: 38257:{'A1'}
Unconnected arg: 38263:{'A1'}
Unconnected arg: 38267:{'A1'}
Unconnected arg: 38276:{'A0'}
Unconnected arg: 38283:{'A1'}
Unconnected arg: 38292:{'A1'}
Unconnected arg: 38293:{'A1'}
Unconnected arg: 38300:{'A0'}
Unconnected arg: 38313:{'A0'}
Unconnected arg: 38317:{'A1'}
Unconnected arg: 38322:{'A1'}
Unconnected arg: 38323:{'A2'}
Unconnected arg: 38342:{'A0'}
Unconnected arg: 38348:{'A0'}
Unconnected arg: 38354:{'A0'}
Unconnected arg: 38366:{'A1'}
Unconnected arg: 38372:{'A1'}
Unconnected arg: 38378:{'A1'}
Unconnected arg: 38381:{'A1'}
Unconnected arg: 38382:{'A1'}
Unconnected arg: 38385:{'A1'}
Unconnected arg: 38386:{'A2'}
Unconnected arg: 38395:{'A1'}
Unconnected arg: 38397:{'A0'}
Unconnected arg: 38401:{'A0'}
Unconnected arg: 38402:{'A0'}
Unconnected arg: 38410:{'A1'}
Unconnected arg: 38413:{'A2'}
Unconnected arg: 38417:{'A0'}
Unconnected arg: 38419:{'A0'}
Unconnected arg: 38420:{'A0'}
Unconnected arg: 38421:{'A0'}
Unconnected arg: 38426:{'A0'}
Unconnected arg: 38444:{'A1'}
Unconnected arg: 38452:{'A0'}
Unconnected arg: 38457:{'A3'}
Unconnected arg: 38459:{'A1'}
Unconnected arg: 38461:{'A0'}
Unconnected arg: 38463:{'A1'}
Unconnected arg: 38467:{'A1'}
Unconnected arg: 38470:{'A0'}
Unconnected arg: 38493:{'A1'}
Unconnected arg: 38497:{'A0'}
Unconnected arg: 38498:{'A0'}
Unconnected arg: 38499:{'A1'}
Unconnected arg: 38500:{'A1'}
Unconnected arg: 38505:{'A1'}
Unconnected arg: 38509:{'A1'}
Unconnected arg: 38511:{'A0'}
Unconnected arg: 38515:{'A2'}
Unconnected arg: 38519:{'A1'}
Unconnected arg: 38527:{'A0'}
Unconnected arg: 38540:{'A2'}
Unconnected arg: 38546:{'A1'}
Unconnected arg: 38548:{'A0'}
Unconnected arg: 38551:{'A1'}
Unconnected arg: 38553:{'A2'}
Unconnected arg: 38554:{'A2'}
Unconnected arg: 38565:{'A1'}
Unconnected arg: 38566:{'A1'}
Unconnected arg: 38586:{'A1'}
Unconnected arg: 38592:{'A2'}
Unconnected arg: 38594:{'A3'}
Unconnected arg: 38597:{'A0'}
Unconnected arg: 38598:{'A1'}
Unconnected arg: 38601:{'A2'}
Unconnected arg: 38607:{'A1'}
Unconnected arg: 38608:{'A0'}
Unconnected arg: 38614:{'A1'}
Unconnected arg: 38616:{'A0'}
Unconnected arg: 38618:{'A0'}
Unconnected arg: 38620:{'A1'}
Unconnected arg: 38623:{'A1'}
Unconnected arg: 38624:{'A1'}
Unconnected arg: 38638:{'A2'}
Unconnected arg: 38641:{'A1'}
Unconnected arg: 38642:{'A0'}
Unconnected arg: 38646:{'A2'}
Unconnected arg: 38647:{'A0'}
Unconnected arg: 38654:{'A1'}
Unconnected arg: 38662:{'A1'}
Unconnected arg: 38674:{'A1'}
Unconnected arg: 38677:{'A1'}
Unconnected arg: 38680:{'A0'}
Unconnected arg: 38682:{'A1'}
Unconnected arg: 38684:{'A1'}
Unconnected arg: 38685:{'A1'}
Unconnected arg: 38686:{'A1'}
Unconnected arg: 38688:{'A1'}
Unconnected arg: 38691:{'A1'}
Unconnected arg: 38695:{'A1'}
Unconnected arg: 38700:{'A1'}
Unconnected arg: 38706:{'A1'}
Unconnected arg: 38712:{'A1'}
Unconnected arg: 38718:{'A3'}
Unconnected arg: 38720:{'A1'}
Unconnected arg: 38725:{'A3'}
Unconnected arg: 38733:{'A0'}
Unconnected arg: 38748:{'A0'}
Unconnected arg: 38751:{'A2'}
Unconnected arg: 38752:{'A0', 'A2'}
Unconnected arg: 38754:{'A1'}
Unconnected arg: 38759:{'A1'}
Unconnected arg: 38761:{'A0'}
Unconnected arg: 38770:{'A1'}
Unconnected arg: 38773:{'A1'}
Unconnected arg: 38781:{'A1', 'A0'}
Unconnected arg: 38782:{'A1'}
Unconnected arg: 38786:{'A0'}
Unconnected arg: 38789:{'A0'}
Unconnected arg: 38790:{'A0'}
Unconnected arg: 38791:{'A3'}
Unconnected arg: 38798:{'A1', 'A2'}
Unconnected arg: 38799:{'A0'}
Unconnected arg: 38801:{'A1'}
Unconnected arg: 38803:{'A0'}
Unconnected arg: 38814:{'A1'}
Unconnected arg: 38815:{'A0'}
Unconnected arg: 38816:{'A1'}
Unconnected arg: 38822:{'A0'}
Unconnected arg: 38823:{'A0'}
Unconnected arg: 38827:{'A0'}
Unconnected arg: 38831:{'A0'}
Unconnected arg: 38833:{'A0'}
Unconnected arg: 38834:{'A0'}
Unconnected arg: 38835:{'A4', 'A2'}
Unconnected arg: 38836:{'A2'}
Unconnected arg: 38843:{'A1'}
Unconnected arg: 38851:{'A0'}
Unconnected arg: 38852:{'A1'}
Unconnected arg: 38854:{'A0'}
Unconnected arg: 38864:{'A1', 'A2'}
Unconnected arg: 38865:{'A1', 'A2'}
Unconnected arg: 38866:{'A1'}
Unconnected arg: 38877:{'A1'}
Unconnected arg: 38878:{'A1'}
Unconnected arg: 38882:{'A1'}
Unconnected arg: 38900:{'A1'}
Unconnected arg: 38902:{'A1'}
Unconnected arg: 38905:{'A1'}
Unconnected arg: 38914:{'A1'}
Unconnected arg: 38919:{'A0'}
Unconnected arg: 38920:{'A0'}
Unconnected arg: 38950:{'A1'}
Unconnected arg: 38954:{'A0'}
Unconnected arg: 38968:{'A0'}
Unconnected arg: 38975:{'A0'}
Unconnected arg: 38976:{'A0'}
Unconnected arg: 38977:{'A1'}
Unconnected arg: 38985:{'A1'}
Unconnected arg: 38986:{'A0'}
Unconnected arg: 38988:{'A1'}
Unconnected arg: 38990:{'A1'}
Unconnected arg: 38991:{'A0'}
Unconnected arg: 38994:{'A1'}
Unconnected arg: 38996:{'A2'}
Unconnected arg: 38997:{'A1'}
Unconnected arg: 38998:{'A0'}
Unconnected arg: 39004:{'A2'}
Unconnected arg: 39005:{'A1'}
Unconnected arg: 39006:{'A0'}
Unconnected arg: 39008:{'A1'}
Unconnected arg: 39016:{'A1'}
Unconnected arg: 39020:{'A1'}
Unconnected arg: 39021:{'A2'}
Unconnected arg: 39029:{'A1'}
Unconnected arg: 39033:{'A3'}
Unconnected arg: 39039:{'A1'}
Unconnected arg: 39041:{'A1'}
Unconnected arg: 39043:{'A4'}
Unconnected arg: 39044:{'A1'}
Unconnected arg: 39059:{'A2'}
Unconnected arg: 39060:{'A3'}
Unconnected arg: 39061:{'A3'}
Unconnected arg: 39067:{'A0'}
Unconnected arg: 39068:{'A0'}
Unconnected arg: 39072:{'A1'}
Unconnected arg: 39084:{'A0'}
Unconnected arg: 39085:{'A0'}
Unconnected arg: 39104:{'A2'}
Unconnected arg: 39105:{'A2'}
Unconnected arg: 39107:{'A1'}
Unconnected arg: 39109:{'A0'}
Unconnected arg: 39112:{'A1'}
Unconnected arg: 39116:{'A1'}
Unconnected arg: 39120:{'A0'}
Unconnected arg: 39122:{'A1'}
Unconnected arg: 39130:{'A0'}
Unconnected arg: 39132:{'A1', 'A2'}
Unconnected arg: 39133:{'A2'}
Unconnected arg: 39134:{'A1'}
Unconnected arg: 39135:{'A2'}
Unconnected arg: 39140:{'A2'}
Unconnected arg: 39147:{'A1'}
Unconnected arg: 39149:{'A1'}
Unconnected arg: 39151:{'A1', 'A0'}
Unconnected arg: 39152:{'A3'}
Unconnected arg: 39176:{'A1'}
Unconnected arg: 39178:{'A1'}
Unconnected arg: 39184:{'A0'}
Unconnected arg: 39206:{'A1'}
Unconnected arg: 39210:{'A1'}
Unconnected arg: 39212:{'A0'}
Unconnected arg: 39215:{'A1'}
Unconnected arg: 39223:{'A2'}
Unconnected arg: 39246:{'A1'}
Unconnected arg: 39247:{'A1'}
Unconnected arg: 39261:{'A1'}
Unconnected arg: 39266:{'A0'}
Unconnected arg: 39272:{'A1'}
Unconnected arg: 39288:{'A0'}
Unconnected arg: 39294:{'A1'}
Unconnected arg: 39300:{'A0'}
Unconnected arg: 39301:{'A1'}
Unconnected arg: 39305:{'A1'}
Unconnected arg: 39318:{'A1'}
Unconnected arg: 39319:{'A1'}
Unconnected arg: 39323:{'A1'}
Unconnected arg: 39324:{'A1'}
Unconnected arg: 39325:{'A1'}
Unconnected arg: 39328:{'A0'}
Unconnected arg: 39334:{'A1'}
Unconnected arg: 39345:{'A1'}
Unconnected arg: 39355:{'A0'}
Unconnected arg: 39365:{'A1'}
Unconnected arg: 39374:{'A1'}
Unconnected arg: 39386:{'A1'}
Unconnected arg: 39388:{'A0'}
Unconnected arg: 39396:{'A1'}
Unconnected arg: 39403:{'A0'}
Unconnected arg: 39409:{'A1'}
Unconnected arg: 39410:{'A2'}
Unconnected arg: 39422:{'A1'}
Unconnected arg: 39423:{'A2'}
Unconnected arg: 39424:{'A2'}
Unconnected arg: 39425:{'A0'}
Unconnected arg: 39432:{'A2'}
Unconnected arg: 39440:{'A2'}
Unconnected arg: 39444:{'A0'}
Unconnected arg: 39447:{'A1'}
Unconnected arg: 39449:{'A2'}
Unconnected arg: 39451:{'A2'}
Unconnected arg: 39465:{'A1'}
Unconnected arg: 39470:{'A1'}
Unconnected arg: 39480:{'A0'}
Unconnected arg: 39493:{'A0'}
Unconnected arg: 39494:{'A0'}
Unconnected arg: 39496:{'A0'}
Unconnected arg: 39497:{'A0'}
Unconnected arg: 39498:{'A1'}
Unconnected arg: 39508:{'A2'}
Unconnected arg: 39513:{'A1'}
Unconnected arg: 39514:{'A1'}
Unconnected arg: 39515:{'A1'}
Unconnected arg: 39519:{'A1'}
Unconnected arg: 39520:{'A1'}
Unconnected arg: 39521:{'A1'}
Unconnected arg: 39530:{'A3'}
Unconnected arg: 39531:{'A0'}
Unconnected arg: 39543:{'A0'}
Unconnected arg: 39549:{'A1'}
Unconnected arg: 39562:{'A1'}
Unconnected arg: 39576:{'A2'}
Unconnected arg: 39596:{'A1', 'A2'}
Unconnected arg: 39600:{'A1'}
Unconnected arg: 39607:{'A2'}
Unconnected arg: 39612:{'A2'}
Unconnected arg: 39613:{'A3'}
Unconnected arg: 39614:{'A1', 'A2'}
Unconnected arg: 39615:{'A1'}
Unconnected arg: 39617:{'A1'}
Unconnected arg: 39618:{'A2'}
Unconnected arg: 39633:{'A1'}
Unconnected arg: 39644:{'A2'}
Unconnected arg: 39645:{'A0'}
Unconnected arg: 39648:{'A0'}
Unconnected arg: 39651:{'A1'}
Unconnected arg: 39654:{'A0'}
Unconnected arg: 39661:{'A1', 'A2'}
Unconnected arg: 39666:{'A1'}
Unconnected arg: 39677:{'A1'}
Unconnected arg: 39683:{'A2'}
Unconnected arg: 39685:{'A1'}
Unconnected arg: 39686:{'A1'}
Unconnected arg: 39694:{'A1'}
Unconnected arg: 39713:{'A1'}
Unconnected arg: 39741:{'A0'}
Unconnected arg: 39748:{'A0'}
Unconnected arg: 39751:{'A0'}
Unconnected arg: 39752:{'A1'}
Unconnected arg: 39762:{'A1'}
Unconnected arg: 39765:{'A1'}
Unconnected arg: 39770:{'A1'}
Unconnected arg: 39775:{'A0'}
Unconnected arg: 39786:{'A1'}
Unconnected arg: 39790:{'A3'}
Unconnected arg: 39797:{'A1'}
Unconnected arg: 39806:{'A1'}
Unconnected arg: 39809:{'A1'}
Unconnected arg: 39817:{'A1'}
Unconnected arg: 39824:{'A1'}
Unconnected arg: 39826:{'A2'}
Unconnected arg: 39827:{'A2'}
Unconnected arg: 39831:{'A0'}
Unconnected arg: 39842:{'A0'}
Unconnected arg: 39846:{'A0'}
Unconnected arg: 39863:{'A1'}
Unconnected arg: 39866:{'A1'}
Unconnected arg: 39867:{'A0'}
Unconnected arg: 39869:{'A1', 'A2'}
Unconnected arg: 39870:{'A1'}
Unconnected arg: 39879:{'A1'}
Unconnected arg: 39883:{'A1'}
Unconnected arg: 39888:{'A2'}
Unconnected arg: 39893:{'A1'}
Unconnected arg: 39899:{'A0'}
Unconnected arg: 39901:{'A1'}
Unconnected arg: 39922:{'A1'}
Unconnected arg: 39923:{'A1'}
Unconnected arg: 39929:{'A1'}
Unconnected arg: 39931:{'A0'}
Unconnected arg: 39934:{'A3'}
Unconnected arg: 39935:{'A0'}
Unconnected arg: 39941:{'A1'}
Unconnected arg: 39942:{'A1'}
Unconnected arg: 39944:{'A0'}
Unconnected arg: 39958:{'A0'}
Unconnected arg: 39959:{'A0'}
Unconnected arg: 39960:{'A0'}
Unconnected arg: 39961:{'A1'}
Unconnected arg: 39964:{'A0'}
Unconnected arg: 39971:{'A2'}
Unconnected arg: 39973:{'A1'}
Unconnected arg: 39978:{'A1'}
Unconnected arg: 39991:{'A0'}
Unconnected arg: 39992:{'A1'}
Unconnected arg: 39997:{'A2'}
Unconnected arg: 40000:{'A0'}
Unconnected arg: 40003:{'A1'}
Unconnected arg: 40006:{'A2'}
Unconnected arg: 40013:{'A1'}
Unconnected arg: 40018:{'A1', 'A2'}
Unconnected arg: 40020:{'A1'}
Unconnected arg: 40027:{'A1'}
Unconnected arg: 40031:{'A1'}
Unconnected arg: 40038:{'A0'}
Unconnected arg: 40040:{'A1', 'A0'}
Unconnected arg: 40041:{'A0'}
Unconnected arg: 40042:{'A1'}
Unconnected arg: 40043:{'A1'}
Unconnected arg: 40044:{'A1'}
Unconnected arg: 40051:{'A1'}
Unconnected arg: 40052:{'A1'}
Unconnected arg: 40055:{'A0'}
Unconnected arg: 40058:{'A1'}
Unconnected arg: 40064:{'A0'}
Unconnected arg: 40071:{'A1'}
Unconnected arg: 40074:{'A0'}
Unconnected arg: 40086:{'A2'}
Unconnected arg: 40087:{'A2'}
Unconnected arg: 40099:{'A1'}
Unconnected arg: 40102:{'A1'}
Unconnected arg: 40107:{'A1'}
Unconnected arg: 40108:{'A1'}
Unconnected arg: 40116:{'A1'}
Unconnected arg: 40119:{'A1'}
Unconnected arg: 40145:{'A0'}
Unconnected arg: 40146:{'A1'}
Unconnected arg: 40154:{'A1'}
Unconnected arg: 40159:{'A1'}
Unconnected arg: 40162:{'A1'}
Unconnected arg: 40166:{'A1'}
Unconnected arg: 40174:{'A1'}
Unconnected arg: 40175:{'A1'}
Unconnected arg: 40177:{'A1'}
Unconnected arg: 40198:{'A1'}
Unconnected arg: 40206:{'A1'}
Unconnected arg: 40208:{'A0'}
Unconnected arg: 40214:{'A2'}
Unconnected arg: 40234:{'A1'}
Unconnected arg: 40235:{'A2'}
Unconnected arg: 40236:{'A1', 'A0'}
Unconnected arg: 40240:{'A2'}
Unconnected arg: 40242:{'A0'}
Unconnected arg: 40252:{'A0'}
Unconnected arg: 40254:{'A1'}
Unconnected arg: 40256:{'A1'}
Unconnected arg: 40276:{'A1'}
Unconnected arg: 40278:{'A1'}
Unconnected arg: 40279:{'A1'}
Unconnected arg: 40280:{'A1'}
Unconnected arg: 40295:{'A0'}
Unconnected arg: 40306:{'A1'}
Unconnected arg: 40311:{'A1'}
Unconnected arg: 40314:{'A1'}
Unconnected arg: 40318:{'A1'}
Unconnected arg: 40336:{'A2'}
Unconnected arg: 40339:{'A1', 'A0'}
Unconnected arg: 40340:{'A1'}
Unconnected arg: 40341:{'A0'}
Unconnected arg: 40345:{'A0'}
Unconnected arg: 40352:{'A1'}
Unconnected arg: 40357:{'A2'}
Unconnected arg: 40365:{'A1'}
Unconnected arg: 40372:{'A1'}
Unconnected arg: 40373:{'A1'}
Unconnected arg: 40383:{'A1'}
Unconnected arg: 40385:{'A1'}
Unconnected arg: 40387:{'A2'}
Unconnected arg: 40397:{'A1'}
Unconnected arg: 40411:{'A0'}
Unconnected arg: 40418:{'A1'}
Unconnected arg: 40419:{'A1'}
Unconnected arg: 40424:{'A1'}
Unconnected arg: 40427:{'A1'}
Unconnected arg: 40431:{'A0', 'A3'}
Unconnected arg: 40432:{'A0', 'A3'}
Unconnected arg: 40465:{'A1'}
Unconnected arg: 40467:{'A1'}
Unconnected arg: 40483:{'A0'}
Unconnected arg: 40485:{'A1'}
Unconnected arg: 40488:{'A1'}
Unconnected arg: 40491:{'A2'}
Unconnected arg: 40494:{'A1'}
Unconnected arg: 40496:{'A1'}
Unconnected arg: 40497:{'A2'}
Unconnected arg: 40498:{'A1'}
Unconnected arg: 40500:{'A1'}
Unconnected arg: 40501:{'A1'}
Unconnected arg: 40504:{'A0'}
Unconnected arg: 40507:{'A1'}
Unconnected arg: 40510:{'A0'}
Unconnected arg: 40511:{'A1'}
Unconnected arg: 40513:{'A0'}
Unconnected arg: 40516:{'A2'}
Unconnected arg: 40519:{'A1'}
Unconnected arg: 40520:{'A1'}
Unconnected arg: 40521:{'A1'}
Unconnected arg: 40522:{'A0'}
Unconnected arg: 40534:{'A1'}
Unconnected arg: 40543:{'A2'}
Unconnected arg: 40544:{'A2'}
Unconnected arg: 40551:{'A1'}
Unconnected arg: 40552:{'A1', 'A2'}
Unconnected arg: 40562:{'A1'}
Unconnected arg: 40563:{'A1'}
Unconnected arg: 40566:{'A0'}
Unconnected arg: 40567:{'A0'}
Unconnected arg: 40568:{'A1'}
Unconnected arg: 40573:{'A1'}
Unconnected arg: 40575:{'A1'}
Unconnected arg: 40578:{'A1'}
Unconnected arg: 40581:{'A1'}
Unconnected arg: 40585:{'A1'}
Unconnected arg: 40591:{'A0'}
Unconnected arg: 40598:{'A1'}
Unconnected arg: 40601:{'A0'}
Unconnected arg: 40604:{'A1'}
Unconnected arg: 40615:{'A2'}
Unconnected arg: 40621:{'A2'}
Unconnected arg: 40644:{'A1'}
Unconnected arg: 40645:{'A1', 'A0'}
Unconnected arg: 40652:{'A1'}
Unconnected arg: 40655:{'A1'}
Unconnected arg: 40659:{'A2'}
Unconnected arg: 40664:{'A0'}
Unconnected arg: 40676:{'A0'}
Unconnected arg: 40679:{'A0'}
Unconnected arg: 40683:{'A2'}
Unconnected arg: 40694:{'A1'}
Unconnected arg: 40700:{'A1'}
Unconnected arg: 40704:{'A0'}
Unconnected arg: 40705:{'A1', 'A2'}
Unconnected arg: 40706:{'A1'}
Unconnected arg: 40724:{'A1'}
Unconnected arg: 40727:{'A2'}
Unconnected arg: 40728:{'A2'}
Unconnected arg: 40730:{'A1'}
Unconnected arg: 40732:{'A0'}
Unconnected arg: 40749:{'A1', 'A0'}
Unconnected arg: 40751:{'A1'}
Unconnected arg: 40759:{'A0'}
Unconnected arg: 40762:{'A1', 'A0'}
Unconnected arg: 40765:{'A0'}
Unconnected arg: 40771:{'A0'}
Unconnected arg: 40778:{'A1'}
Unconnected arg: 40779:{'A0'}
Unconnected arg: 40796:{'A1'}
Unconnected arg: 40799:{'A3'}
Unconnected arg: 40801:{'A1', 'A2'}
Unconnected arg: 40803:{'A0'}
Unconnected arg: 40805:{'A1'}
Unconnected arg: 40809:{'A1'}
Unconnected arg: 40813:{'A2'}
Unconnected arg: 40815:{'A1'}
Unconnected arg: 40818:{'A1'}
Unconnected arg: 40829:{'A1'}
Unconnected arg: 40830:{'A0'}
Unconnected arg: 40838:{'A1'}
Unconnected arg: 40842:{'A1'}
Unconnected arg: 40846:{'A0'}
Unconnected arg: 40847:{'A1', 'A0'}
Unconnected arg: 40849:{'A2'}
Unconnected arg: 40855:{'A3'}
Unconnected arg: 40857:{'A0'}
Unconnected arg: 40858:{'A3'}
Unconnected arg: 40862:{'A1'}
Unconnected arg: 40863:{'A2'}
Unconnected arg: 40865:{'A2'}
Unconnected arg: 40866:{'A2'}
Unconnected arg: 40870:{'A3'}
Unconnected arg: 40874:{'A0'}
Unconnected arg: 40876:{'A0'}
Unconnected arg: 40883:{'A1'}
Unconnected arg: 40884:{'A1'}
Unconnected arg: 40885:{'A1', 'A2'}
Unconnected arg: 40891:{'A1'}
Unconnected arg: 40893:{'A1', 'A0'}
Unconnected arg: 40894:{'A1'}
Unconnected arg: 40895:{'A1'}
Unconnected arg: 40897:{'A1'}
Unconnected arg: 40898:{'A1'}
Unconnected arg: 40912:{'A1'}
Unconnected arg: 40915:{'A1'}
Unconnected arg: 40919:{'A1'}
Unconnected arg: 40925:{'A1'}
Unconnected arg: 40947:{'A1'}
Unconnected arg: 40958:{'A1'}
Unconnected arg: 40966:{'A0'}
Unconnected arg: 40985:{'A1'}
Unconnected arg: 40986:{'A1'}
Unconnected arg: 40992:{'A0'}
Unconnected arg: 40993:{'A0'}
Unconnected arg: 41003:{'A1'}
Unconnected arg: 41007:{'A2'}
Unconnected arg: 41008:{'A1'}
Unconnected arg: 41016:{'A1'}
Unconnected arg: 41020:{'A1'}
Unconnected arg: 41027:{'A1'}
Unconnected arg: 41040:{'A0'}
Unconnected arg: 41047:{'A1'}
Unconnected arg: 41058:{'A3'}
Unconnected arg: 41061:{'A2'}
Unconnected arg: 41064:{'A2'}
Unconnected arg: 41067:{'A1'}
Unconnected arg: 41069:{'A3', 'A2'}
Unconnected arg: 41073:{'A1'}
Unconnected arg: 41087:{'A1'}
Unconnected arg: 41101:{'A1'}
Unconnected arg: 41102:{'A1'}
Unconnected arg: 41103:{'A0'}
Unconnected arg: 41104:{'A3'}
Unconnected arg: 41114:{'A1'}
Unconnected arg: 41118:{'A0', 'A2'}
Unconnected arg: 41119:{'A0'}
Unconnected arg: 41122:{'A1'}
Unconnected arg: 41130:{'A1', 'A2'}
Unconnected arg: 41131:{'A1', 'A0'}
Unconnected arg: 41132:{'A3'}
Unconnected arg: 41133:{'A0'}
Unconnected arg: 41137:{'A1'}
Unconnected arg: 41143:{'A1'}
Unconnected arg: 41145:{'A0'}
Unconnected arg: 41149:{'A1'}
Unconnected arg: 41158:{'A1'}
Unconnected arg: 41161:{'A0'}
Unconnected arg: 41165:{'A1'}
Unconnected arg: 41168:{'A1'}
Unconnected arg: 41177:{'A1'}
Unconnected arg: 41180:{'A1'}
Unconnected arg: 41182:{'A0'}
Unconnected arg: 41192:{'A1'}
Unconnected arg: 41193:{'A1'}
Unconnected arg: 41199:{'A0'}
Unconnected arg: 41203:{'A2'}
Unconnected arg: 41204:{'A1'}
Unconnected arg: 41208:{'A0'}
Unconnected arg: 41211:{'A1'}
Unconnected arg: 41214:{'A1'}
Unconnected arg: 41220:{'A1'}
Unconnected arg: 41221:{'A1'}
Unconnected arg: 41222:{'A1'}
Unconnected arg: 41225:{'A1'}
Unconnected arg: 41228:{'A2'}
Unconnected arg: 41237:{'A1'}
Unconnected arg: 41249:{'A1', 'A0'}
Unconnected arg: 41252:{'A0'}
Unconnected arg: 41255:{'A1'}
Unconnected arg: 41256:{'A2'}
Unconnected arg: 41262:{'A1'}
Unconnected arg: 41264:{'A3'}
Unconnected arg: 41265:{'A2'}
Unconnected arg: 41278:{'A0'}
Unconnected arg: 41279:{'A0', 'A2'}
Unconnected arg: 41280:{'A0'}
Unconnected arg: 41286:{'A1'}
Unconnected arg: 41302:{'A1'}
Unconnected arg: 41307:{'A1'}
Unconnected arg: 41317:{'A2'}
Unconnected arg: 41320:{'A0'}
Unconnected arg: 41325:{'A1'}
Unconnected arg: 41327:{'A1'}
Unconnected arg: 41332:{'A0'}
Unconnected arg: 41341:{'A1'}
Unconnected arg: 41351:{'A1'}
Unconnected arg: 41355:{'A1'}
Unconnected arg: 41356:{'A1'}
Unconnected arg: 41369:{'A2'}
Unconnected arg: 41375:{'A1'}
Unconnected arg: 41381:{'A0'}
Unconnected arg: 41382:{'A0'}
Unconnected arg: 41383:{'A2'}
Unconnected arg: 41386:{'A1'}
Unconnected arg: 41387:{'A1'}
Unconnected arg: 41398:{'A1'}
Unconnected arg: 41399:{'A1'}
Unconnected arg: 41408:{'A1'}
Unconnected arg: 41410:{'A0'}
Unconnected arg: 41419:{'A1'}
Unconnected arg: 41422:{'A1'}
Unconnected arg: 41423:{'A1'}
Unconnected arg: 41424:{'A1'}
Unconnected arg: 41430:{'A1'}
Unconnected arg: 41437:{'A1'}
Unconnected arg: 41441:{'A1'}
Unconnected arg: 41446:{'A1'}
Unconnected arg: 41452:{'A2'}
Unconnected arg: 41459:{'A2'}
Unconnected arg: 41460:{'A1'}
Unconnected arg: 41469:{'A0'}
Unconnected arg: 41473:{'A1'}
Unconnected arg: 41474:{'A1', 'A3'}
Unconnected arg: 41487:{'A2'}
Unconnected arg: 41489:{'A1'}
Unconnected arg: 41490:{'A2'}
Unconnected arg: 41494:{'A1'}
Unconnected arg: 41497:{'A2'}
Unconnected arg: 41499:{'A2'}
Unconnected arg: 41501:{'A0'}
Unconnected arg: 41502:{'A1'}
Unconnected arg: 41504:{'A1'}
Unconnected arg: 41505:{'A2'}
Unconnected arg: 41512:{'A1'}
Unconnected arg: 41515:{'A1'}
Unconnected arg: 41518:{'A0'}
Unconnected arg: 41520:{'A1'}
Unconnected arg: 41521:{'A0'}
Unconnected arg: 41526:{'A0'}
Unconnected arg: 41533:{'A1'}
Unconnected arg: 41538:{'A1'}
Unconnected arg: 41549:{'A0'}
Unconnected arg: 41552:{'A0'}
Unconnected arg: 41553:{'A0'}
Unconnected arg: 41554:{'A1'}
Unconnected arg: 41565:{'A1'}
Unconnected arg: 41569:{'A2'}
Unconnected arg: 41572:{'A1'}
Unconnected arg: 41573:{'A1'}
Unconnected arg: 41574:{'A2'}
Unconnected arg: 41576:{'A1'}
Unconnected arg: 41578:{'A0'}
Unconnected arg: 41579:{'A0'}
Unconnected arg: 41587:{'A2'}
Unconnected arg: 41589:{'A1'}
Unconnected arg: 41606:{'A0'}
Unconnected arg: 41607:{'A1'}
Unconnected arg: 41620:{'A0'}
Unconnected arg: 41623:{'A1'}
Unconnected arg: 41624:{'A1'}
Unconnected arg: 41626:{'A2'}
Unconnected arg: 41628:{'A0'}
Unconnected arg: 41635:{'A1'}
Unconnected arg: 41636:{'A1', 'A2'}
Unconnected arg: 41638:{'A2'}
Unconnected arg: 41642:{'A0'}
Unconnected arg: 41645:{'A0'}
Unconnected arg: 41651:{'A1'}
Unconnected arg: 41659:{'A1'}
Unconnected arg: 41663:{'A3'}
Unconnected arg: 41678:{'A1'}
Unconnected arg: 41684:{'A2'}
Unconnected arg: 41695:{'A1'}
Unconnected arg: 41699:{'A0'}
Unconnected arg: 41705:{'A1'}
Unconnected arg: 41708:{'A1'}
Unconnected arg: 41713:{'A1', 'A2'}
Unconnected arg: 41714:{'A2'}
Unconnected arg: 41715:{'A1'}
Unconnected arg: 41716:{'A1'}
Unconnected arg: 41718:{'A0'}
Unconnected arg: 41720:{'A1', 'A0'}
Unconnected arg: 41738:{'A1'}
Unconnected arg: 41739:{'A2'}
Unconnected arg: 41740:{'A1'}
Unconnected arg: 41744:{'A2'}
Unconnected arg: 41748:{'A0'}
Unconnected arg: 41751:{'A1'}
Unconnected arg: 41752:{'A1'}
Unconnected arg: 41761:{'A1'}
Unconnected arg: 41765:{'A0'}
Unconnected arg: 41771:{'A0'}
Unconnected arg: 41773:{'A1'}
Unconnected arg: 41785:{'A2'}
Unconnected arg: 41786:{'A1'}
Unconnected arg: 41810:{'A2'}
Unconnected arg: 41819:{'A1'}
Unconnected arg: 41824:{'A1'}
Unconnected arg: 41833:{'A1'}
Unconnected arg: 41835:{'A0'}
Unconnected arg: 41837:{'A1'}
Unconnected arg: 41852:{'A1'}
Unconnected arg: 41859:{'A0'}
Unconnected arg: 41865:{'A0'}
Unconnected arg: 41870:{'A1'}
Unconnected arg: 41873:{'A0'}
Unconnected arg: 41876:{'A0'}
Unconnected arg: 41877:{'A1'}
Unconnected arg: 41883:{'A1'}
Unconnected arg: 41890:{'A1'}
Unconnected arg: 41897:{'A1'}
Unconnected arg: 41901:{'A2'}
Unconnected arg: 41906:{'A1'}
Unconnected arg: 41915:{'A2'}
Unconnected arg: 41916:{'A3'}
Unconnected arg: 41932:{'A0'}
Unconnected arg: 41933:{'A1'}
Unconnected arg: 41945:{'A2'}
Unconnected arg: 41946:{'A2'}
Unconnected arg: 41947:{'A0'}
Unconnected arg: 41948:{'A1'}
Unconnected arg: 41950:{'A1'}
Unconnected arg: 41971:{'A0'}
Unconnected arg: 41975:{'A1'}
Unconnected arg: 41976:{'A1'}
Unconnected arg: 41983:{'A0'}
Unconnected arg: 41989:{'A1'}
Unconnected arg: 41991:{'A1'}
Unconnected arg: 41996:{'A2'}
Unconnected arg: 42002:{'A2'}
Unconnected arg: 42005:{'A1'}
Unconnected arg: 42007:{'A1'}
Unconnected arg: 42009:{'A0'}
Unconnected arg: 42016:{'A0'}
Unconnected arg: 42022:{'A1'}
Unconnected arg: 42027:{'A0'}
Unconnected arg: 42030:{'A1'}
Unconnected arg: 42032:{'A0'}
Unconnected arg: 42034:{'A0'}
Unconnected arg: 42037:{'A1'}
Unconnected arg: 42039:{'A2'}
Unconnected arg: 42048:{'A3'}
Unconnected arg: 42077:{'A1'}
Unconnected arg: 42096:{'A1'}
Unconnected arg: 42098:{'A0'}
Unconnected arg: 42099:{'A1'}
Unconnected arg: 42100:{'A1'}
Unconnected arg: 42103:{'A2'}
Unconnected arg: 42114:{'A2'}
Unconnected arg: 42115:{'A0'}
Unconnected arg: 42116:{'A1'}
Unconnected arg: 42133:{'A1'}
Unconnected arg: 42142:{'A1'}
Unconnected arg: 42149:{'A0'}
Unconnected arg: 42153:{'A1'}
Unconnected arg: 42165:{'A1'}
Unconnected arg: 42173:{'A0'}
Unconnected arg: 42176:{'A1'}
Unconnected arg: 42182:{'A1'}
Unconnected arg: 42183:{'A1'}
Unconnected arg: 42186:{'A0'}
Unconnected arg: 42189:{'A1'}
Unconnected arg: 42202:{'A2'}
Unconnected arg: 42203:{'A0'}
Unconnected arg: 42215:{'A2'}
Unconnected arg: 42216:{'A1'}
Unconnected arg: 42220:{'A1'}
Unconnected arg: 42222:{'A0'}
Unconnected arg: 42228:{'A1'}
Unconnected arg: 42229:{'A0'}
Unconnected arg: 42234:{'A1'}
Unconnected arg: 42236:{'A1'}
Unconnected arg: 42261:{'A0'}
Unconnected arg: 42268:{'A0'}
Unconnected arg: 42269:{'A1'}
Unconnected arg: 42271:{'A2'}
Unconnected arg: 42276:{'A0'}
Unconnected arg: 42277:{'A0'}
Unconnected arg: 42282:{'A1'}
Unconnected arg: 42294:{'A1'}
Unconnected arg: 42295:{'A0'}
Unconnected arg: 42297:{'A1'}
Unconnected arg: 42298:{'A1'}
Unconnected arg: 42300:{'A1'}
Unconnected arg: 42301:{'A1', 'A2'}
Unconnected arg: 42304:{'A0'}
Unconnected arg: 42305:{'A1'}
Unconnected arg: 42313:{'A1'}
Unconnected arg: 42328:{'A1'}
Unconnected arg: 42334:{'A1'}
Unconnected arg: 42353:{'A1'}
Unconnected arg: 42354:{'A1'}
Unconnected arg: 42355:{'A2'}
Unconnected arg: 42366:{'A1'}
Unconnected arg: 42386:{'A1'}
Unconnected arg: 42392:{'A0'}
Unconnected arg: 42399:{'A1'}
Unconnected arg: 42401:{'A0'}
Unconnected arg: 42405:{'A2'}
Unconnected arg: 42408:{'A1'}
Unconnected arg: 42409:{'A1', 'A0'}
Unconnected arg: 42411:{'A0'}
Unconnected arg: 42412:{'A0'}
Unconnected arg: 42415:{'A1'}
Unconnected arg: 42423:{'A1'}
Unconnected arg: 42434:{'A1'}
Unconnected arg: 42435:{'A1'}
Unconnected arg: 42440:{'A1'}
Unconnected arg: 42459:{'A0'}
Unconnected arg: 42460:{'A0'}
Unconnected arg: 42466:{'A2'}
Unconnected arg: 42468:{'A4'}
Unconnected arg: 42472:{'A1'}
Unconnected arg: 42485:{'A1'}
Unconnected arg: 42488:{'A1'}
Unconnected arg: 42489:{'A1'}
Unconnected arg: 42490:{'A1'}
Unconnected arg: 42497:{'A1'}
Unconnected arg: 42501:{'A0'}
Unconnected arg: 42507:{'A3'}
Unconnected arg: 42519:{'A1', 'A2'}
Unconnected arg: 42522:{'A1'}
Unconnected arg: 42530:{'A0'}
Unconnected arg: 42531:{'A0'}
Unconnected arg: 42532:{'A1'}
Unconnected arg: 42533:{'A2'}
Unconnected arg: 42536:{'A0'}
Unconnected arg: 42539:{'A1'}
Unconnected arg: 42540:{'A1'}
Unconnected arg: 42542:{'A1'}
Unconnected arg: 42550:{'A2'}
Unconnected arg: 42552:{'A1'}
Unconnected arg: 42553:{'A1'}
Unconnected arg: 42554:{'A0'}
Unconnected arg: 42556:{'A1'}
Unconnected arg: 42565:{'A1'}
Unconnected arg: 42573:{'A1'}
Unconnected arg: 42579:{'A1'}
Unconnected arg: 42581:{'A1'}
Unconnected arg: 42586:{'A1'}
Unconnected arg: 42596:{'A0'}
Unconnected arg: 42624:{'A0'}
Unconnected arg: 42625:{'A1'}
Unconnected arg: 42628:{'A0'}
Unconnected arg: 42630:{'A1'}
Unconnected arg: 42633:{'A3'}
Unconnected arg: 42638:{'A2'}
Unconnected arg: 42639:{'A1'}
Unconnected arg: 42640:{'A1'}
Unconnected arg: 42641:{'A1'}
Unconnected arg: 42642:{'A1'}
Unconnected arg: 42653:{'A2'}
Unconnected arg: 42656:{'A1'}
Unconnected arg: 42658:{'A0'}
Unconnected arg: 42661:{'A0'}
Unconnected arg: 42662:{'A1'}
Unconnected arg: 42666:{'A0'}
Unconnected arg: 42682:{'A1'}
Unconnected arg: 42695:{'A0'}
Unconnected arg: 42702:{'A0'}
Unconnected arg: 42717:{'A1'}
Unconnected arg: 42722:{'A1'}
Unconnected arg: 42725:{'A1'}
Unconnected arg: 42726:{'A3'}
Unconnected arg: 42727:{'A1'}
Unconnected arg: 42730:{'A3'}
Unconnected arg: 42737:{'A1'}
Unconnected arg: 42743:{'A1'}
Unconnected arg: 42747:{'A1'}
Unconnected arg: 42748:{'A1', 'A0'}
Unconnected arg: 42749:{'A1'}
Unconnected arg: 42750:{'A1'}
Unconnected arg: 42752:{'A0'}
Unconnected arg: 42764:{'A1'}
Unconnected arg: 42766:{'A1'}
Unconnected arg: 42768:{'A1'}
Unconnected arg: 42776:{'A2'}
Unconnected arg: 42792:{'A0'}
Unconnected arg: 42798:{'A2'}
Unconnected arg: 42801:{'A1', 'A0'}
Unconnected arg: 42812:{'A1'}
Unconnected arg: 42827:{'A1'}
Unconnected arg: 42831:{'A1'}
Unconnected arg: 42846:{'A1'}
Unconnected arg: 42847:{'A0'}
Unconnected arg: 42862:{'A1'}
Unconnected arg: 42864:{'A0'}
Unconnected arg: 42867:{'A1'}
Unconnected arg: 42871:{'A1'}
Unconnected arg: 42874:{'A2'}
Unconnected arg: 42879:{'A2'}
Unconnected arg: 42880:{'A2'}
Unconnected arg: 42884:{'A0'}
Unconnected arg: 42885:{'A1', 'A0'}
Unconnected arg: 42886:{'A3'}
Unconnected arg: 42888:{'A1'}
Unconnected arg: 42894:{'A1'}
Unconnected arg: 42899:{'A0'}
Unconnected arg: 42903:{'A1'}
Unconnected arg: 42909:{'A1', 'A0'}
Unconnected arg: 42913:{'A2'}
Unconnected arg: 42921:{'A1'}
Unconnected arg: 42924:{'A1'}
Unconnected arg: 42936:{'A1'}
Unconnected arg: 42938:{'A1'}
Unconnected arg: 42945:{'A0'}
Unconnected arg: 42956:{'A1'}
Unconnected arg: 42967:{'A1'}
Unconnected arg: 42973:{'A1'}
Unconnected arg: 42976:{'A1'}
Unconnected arg: 42978:{'A1'}
Unconnected arg: 42979:{'A1'}
Unconnected arg: 42980:{'A1'}
Unconnected arg: 42981:{'A1'}
Unconnected arg: 42983:{'A0'}
Unconnected arg: 42986:{'A1'}
Unconnected arg: 42995:{'A0'}
Unconnected arg: 43000:{'A0'}
Unconnected arg: 43006:{'A3'}
Unconnected arg: 43013:{'A1'}
Unconnected arg: 43021:{'A0'}
Unconnected arg: 43022:{'A0'}
Unconnected arg: 43023:{'A1', 'A0'}
Unconnected arg: 43024:{'A2'}
Unconnected arg: 43025:{'A1'}
Unconnected arg: 43029:{'A2'}
Unconnected arg: 43030:{'A0'}
Unconnected arg: 43032:{'A1'}
Unconnected arg: 43035:{'A1'}
Unconnected arg: 43040:{'A1'}
Unconnected arg: 43041:{'A3'}
Unconnected arg: 43042:{'A1'}
Unconnected arg: 43043:{'A0'}
Unconnected arg: 43045:{'A1'}
Unconnected arg: 43050:{'A1'}
Unconnected arg: 43056:{'A0'}
Unconnected arg: 43059:{'A1'}
Unconnected arg: 43063:{'A1'}
Unconnected arg: 43067:{'A1'}
Unconnected arg: 43069:{'A0', 'A2'}
Unconnected arg: 43070:{'A3'}
Unconnected arg: 43072:{'A0'}
Unconnected arg: 43073:{'A1'}
Unconnected arg: 43076:{'A2'}
Unconnected arg: 43077:{'A0'}
Unconnected arg: 43079:{'A1'}
Unconnected arg: 43080:{'A1'}
Unconnected arg: 43088:{'A1'}
Unconnected arg: 43093:{'A1'}
Unconnected arg: 43094:{'A1'}
Unconnected arg: 43096:{'A1'}
Unconnected arg: 43099:{'A1', 'A0', 'A2'}
Unconnected arg: 43101:{'A0'}
Unconnected arg: 43103:{'A1'}
Unconnected arg: 43109:{'A0'}
Unconnected arg: 43114:{'A1'}
Unconnected arg: 43122:{'A1'}
Unconnected arg: 43130:{'A0'}
Unconnected arg: 43133:{'A1'}
Unconnected arg: 43138:{'A2'}
Unconnected arg: 43141:{'A1'}
Unconnected arg: 43144:{'A0'}
Unconnected arg: 43152:{'A1'}
Unconnected arg: 43159:{'A0'}
Unconnected arg: 43164:{'A2'}
Unconnected arg: 43167:{'A0'}
Unconnected arg: 43170:{'A1'}
Unconnected arg: 43175:{'A0'}
Unconnected arg: 43186:{'A0'}
Unconnected arg: 43188:{'A1'}
Unconnected arg: 43195:{'A0'}
Unconnected arg: 43223:{'A1'}
Unconnected arg: 43227:{'A1'}
Unconnected arg: 43228:{'A1'}
Unconnected arg: 43230:{'A1'}
Unconnected arg: 43231:{'A1'}
Unconnected arg: 43252:{'A0'}
Unconnected arg: 43255:{'A2'}
Unconnected arg: 43257:{'A1'}
Unconnected arg: 43263:{'A1'}
Unconnected arg: 43264:{'A1'}
Unconnected arg: 43265:{'A1'}
Unconnected arg: 43270:{'A1'}
Unconnected arg: 43275:{'A1'}
Unconnected arg: 43276:{'A1'}
Unconnected arg: 43281:{'A1'}
Unconnected arg: 43285:{'A1'}
Unconnected arg: 43290:{'A1'}
Unconnected arg: 43291:{'A0'}
Unconnected arg: 43303:{'A2'}
Unconnected arg: 43304:{'A2'}
Unconnected arg: 43309:{'A0'}
Unconnected arg: 43312:{'A1'}
Unconnected arg: 43317:{'A1'}
Unconnected arg: 43319:{'A1'}
Unconnected arg: 43333:{'A1'}
Unconnected arg: 43339:{'A1'}
Unconnected arg: 43348:{'A1'}
Unconnected arg: 43353:{'A0'}
Unconnected arg: 43356:{'A1'}
Unconnected arg: 43359:{'A1', 'A3'}
Unconnected arg: 43361:{'A1'}
Unconnected arg: 43364:{'A1'}
Unconnected arg: 43367:{'A1'}
Unconnected arg: 43368:{'A1'}
Unconnected arg: 43369:{'A2'}
Unconnected arg: 43370:{'A1'}
Unconnected arg: 43375:{'A2'}
Unconnected arg: 43383:{'A0'}
Unconnected arg: 43384:{'A1'}
Unconnected arg: 43389:{'A1'}
Unconnected arg: 43394:{'A3'}
Unconnected arg: 43395:{'A1'}
Unconnected arg: 43399:{'A1'}
Unconnected arg: 43405:{'A1'}
Unconnected arg: 43417:{'A2'}
Unconnected arg: 43420:{'A1'}
Unconnected arg: 43421:{'A1'}
Unconnected arg: 43424:{'A0'}
Unconnected arg: 43434:{'A0'}
Unconnected arg: 43436:{'A2'}
Unconnected arg: 43438:{'A1'}
Unconnected arg: 43440:{'A1'}
Unconnected arg: 43442:{'A1'}
Unconnected arg: 43451:{'A1'}
Unconnected arg: 43454:{'A2'}
Unconnected arg: 43456:{'A0'}
Unconnected arg: 43457:{'A1'}
Unconnected arg: 43458:{'A1', 'A2'}
Unconnected arg: 43469:{'A1'}
Unconnected arg: 43478:{'A1'}
Unconnected arg: 43491:{'A0'}
Unconnected arg: 43492:{'A1'}
Unconnected arg: 43493:{'A3'}
Unconnected arg: 43499:{'A1'}
Unconnected arg: 43502:{'A1'}
Unconnected arg: 43508:{'A1'}
Unconnected arg: 43509:{'A1'}
Unconnected arg: 43510:{'A3'}
Unconnected arg: 43516:{'A2'}
Unconnected arg: 43521:{'A0'}
Unconnected arg: 43524:{'A1'}
Unconnected arg: 43525:{'A1'}
Unconnected arg: 43529:{'A1'}
Unconnected arg: 43530:{'A1'}
Unconnected arg: 43543:{'A1', 'A2'}
Unconnected arg: 43549:{'A1'}
Unconnected arg: 43551:{'A1'}
Unconnected arg: 43553:{'A1'}
Unconnected arg: 43564:{'A1'}
Unconnected arg: 43569:{'A1'}
Unconnected arg: 43573:{'A1'}
Unconnected arg: 43575:{'A1'}
Unconnected arg: 43585:{'A0'}
Unconnected arg: 43595:{'A1'}
Unconnected arg: 43597:{'A1', 'A2'}
Unconnected arg: 43606:{'A1', 'A0'}
Unconnected arg: 43609:{'A1'}
Unconnected arg: 43610:{'A1', 'A0'}
Unconnected arg: 43622:{'A0'}
Unconnected arg: 43641:{'A1'}
Unconnected arg: 43648:{'A2'}
Unconnected arg: 43662:{'A0', 'A2'}
Unconnected arg: 43663:{'A0', 'A2'}
Unconnected arg: 43665:{'A1'}
Unconnected arg: 43668:{'A1'}
Unconnected arg: 43669:{'A1'}
Unconnected arg: 43672:{'A1'}
Unconnected arg: 43673:{'A1'}
Unconnected arg: 43694:{'A1'}
Unconnected arg: 43703:{'A2'}
Unconnected arg: 43705:{'A1'}
Unconnected arg: 43706:{'A1'}
Unconnected arg: 43712:{'A1'}
Unconnected arg: 43734:{'A1'}
Unconnected arg: 43737:{'A0'}
Unconnected arg: 43740:{'A2'}
Unconnected arg: 43755:{'A1'}
Unconnected arg: 43759:{'A0'}
Unconnected arg: 43767:{'A3'}
Unconnected arg: 43770:{'A1'}
Unconnected arg: 43773:{'A1'}
Unconnected arg: 43776:{'A1'}
Unconnected arg: 43792:{'A0'}
Unconnected arg: 43793:{'A0'}
Unconnected arg: 43794:{'A1'}
Unconnected arg: 43804:{'A2'}
Unconnected arg: 43807:{'A1'}
Unconnected arg: 43818:{'A1'}
Unconnected arg: 43825:{'A0'}
Unconnected arg: 43831:{'A0'}
Unconnected arg: 43836:{'A1'}
Unconnected arg: 43838:{'A1'}
Unconnected arg: 43848:{'A2'}
Unconnected arg: 43851:{'A0'}
Unconnected arg: 43864:{'A1'}
Unconnected arg: 43867:{'A3'}
Unconnected arg: 43869:{'A2'}
Unconnected arg: 43872:{'A0'}
Unconnected arg: 43876:{'A1'}
Unconnected arg: 43877:{'A1'}
Unconnected arg: 43878:{'A1'}
Unconnected arg: 43879:{'A1'}
Unconnected arg: 43881:{'A1'}
Unconnected arg: 43888:{'A1', 'A2'}
Unconnected arg: 43891:{'A2'}
Unconnected arg: 43892:{'A2'}
Unconnected arg: 43894:{'A0'}
Unconnected arg: 43895:{'A1'}
Unconnected arg: 43896:{'A1'}
Unconnected arg: 43897:{'A1'}
Unconnected arg: 43901:{'A0'}
Unconnected arg: 43903:{'A1'}
Unconnected arg: 43906:{'A1'}
Unconnected arg: 43910:{'A1'}
Unconnected arg: 43911:{'A1'}
Unconnected arg: 43914:{'A1'}
Unconnected arg: 43917:{'A0'}
Unconnected arg: 43923:{'A0'}
Unconnected arg: 43924:{'A0'}
Unconnected arg: 43925:{'A1'}
Unconnected arg: 43926:{'A1'}
Unconnected arg: 43928:{'A2'}
Unconnected arg: 43929:{'A1'}
Unconnected arg: 43930:{'A1'}
Unconnected arg: 43936:{'A2'}
Unconnected arg: 43937:{'A0'}
Unconnected arg: 43938:{'A1'}
Unconnected arg: 43949:{'A1'}
Unconnected arg: 43954:{'A0'}
Unconnected arg: 43962:{'A0'}
Unconnected arg: 43970:{'A1'}
Unconnected arg: 43980:{'A1'}
Unconnected arg: 43982:{'A1'}
Unconnected arg: 43984:{'A0'}
Unconnected arg: 43988:{'A0'}
Unconnected arg: 43989:{'A0'}
Unconnected arg: 43995:{'A1'}
Unconnected arg: 43996:{'A0'}
Unconnected arg: 43998:{'A1'}
Unconnected arg: 44001:{'A1'}
Unconnected arg: 44003:{'A0'}
Unconnected arg: 44006:{'A0'}
Unconnected arg: 44010:{'A0'}
Unconnected arg: 44017:{'A1'}
Unconnected arg: 44036:{'A0'}
Unconnected arg: 44038:{'A1'}
Unconnected arg: 44042:{'A1'}
Unconnected arg: 44043:{'A1'}
Unconnected arg: 44049:{'A1'}
Unconnected arg: 44055:{'A1'}
Unconnected arg: 44058:{'A0'}
Unconnected arg: 44060:{'A0'}
Unconnected arg: 44064:{'A1'}
Unconnected arg: 44066:{'A1'}
Unconnected arg: 44077:{'A0'}
Unconnected arg: 44083:{'A0'}
Unconnected arg: 44092:{'A1'}
Unconnected arg: 44096:{'A1'}
Unconnected arg: 44101:{'A1'}
Unconnected arg: 44109:{'A1'}
Unconnected arg: 44110:{'A1'}
Unconnected arg: 44117:{'A0'}
Unconnected arg: 44118:{'A0'}
Unconnected arg: 44119:{'A1'}
Unconnected arg: 44122:{'A0'}
Unconnected arg: 44123:{'A0'}
Unconnected arg: 44131:{'A1'}
Unconnected arg: 44132:{'A1'}
Unconnected arg: 44141:{'A1'}
Unconnected arg: 44151:{'A1'}
Unconnected arg: 44154:{'A0'}
Unconnected arg: 44155:{'A1'}
Unconnected arg: 44158:{'A1'}
Unconnected arg: 44172:{'A0'}
Unconnected arg: 44173:{'A1'}
Unconnected arg: 44193:{'A2'}
Unconnected arg: 44197:{'A0'}
Unconnected arg: 44198:{'A0'}
Unconnected arg: 44199:{'A0'}
Unconnected arg: 44201:{'A1', 'A2'}
Unconnected arg: 44202:{'A2'}
Unconnected arg: 44203:{'A1'}
Unconnected arg: 44214:{'A0'}
Unconnected arg: 44215:{'A1', 'A0'}
Unconnected arg: 44216:{'A0'}
Unconnected arg: 44218:{'A0'}
Unconnected arg: 44219:{'A1'}
Unconnected arg: 44221:{'A0'}
Unconnected arg: 44225:{'A0'}
Unconnected arg: 44227:{'A1', 'A0'}
Unconnected arg: 44233:{'A0'}
Unconnected arg: 44242:{'A1'}
Unconnected arg: 44243:{'A1'}
Unconnected arg: 44244:{'A0'}
Unconnected arg: 44245:{'A2'}
Unconnected arg: 44251:{'A0'}
Unconnected arg: 44254:{'A1'}
Unconnected arg: 44257:{'A0'}
Unconnected arg: 44258:{'A1'}
Unconnected arg: 44264:{'A1'}
Unconnected arg: 44267:{'A2'}
Unconnected arg: 44268:{'A1'}
Unconnected arg: 44279:{'A1'}
Unconnected arg: 44288:{'A1'}
Unconnected arg: 44291:{'A1'}
Unconnected arg: 44292:{'A1'}
Unconnected arg: 44294:{'A1'}
Unconnected arg: 44298:{'A1'}
Unconnected arg: 44302:{'A0'}
Unconnected arg: 44307:{'A0'}
Unconnected arg: 44308:{'A1'}
Unconnected arg: 44310:{'A0'}
Unconnected arg: 44322:{'A1'}
Unconnected arg: 44325:{'A1'}
Unconnected arg: 44331:{'A0'}
Unconnected arg: 44332:{'A0'}
Unconnected arg: 44337:{'A1'}
Unconnected arg: 44338:{'A1'}
Unconnected arg: 44343:{'A0'}
Unconnected arg: 44344:{'A0'}
Unconnected arg: 44359:{'A1'}
Unconnected arg: 44365:{'A1'}
Unconnected arg: 44367:{'A1'}
Unconnected arg: 44368:{'A1'}
Unconnected arg: 44370:{'A1'}
Unconnected arg: 44372:{'A0'}
Unconnected arg: 44378:{'A1'}
Unconnected arg: 44379:{'A1'}
Unconnected arg: 44381:{'A1'}
Unconnected arg: 44383:{'A2'}
Unconnected arg: 44393:{'A1'}
Unconnected arg: 44394:{'A1'}
Unconnected arg: 44395:{'A2'}
Unconnected arg: 44397:{'A1'}
Unconnected arg: 44398:{'A1'}
Unconnected arg: 44399:{'A0'}
Unconnected arg: 44408:{'A0'}
Unconnected arg: 44411:{'A1'}
Unconnected arg: 44412:{'A1'}
Unconnected arg: 44416:{'A0'}
Unconnected arg: 44429:{'A1'}
Unconnected arg: 44447:{'A1'}
Unconnected arg: 44451:{'A0'}
Unconnected arg: 44452:{'A1', 'A0'}
Unconnected arg: 44453:{'A1'}
Unconnected arg: 44460:{'A1'}
Unconnected arg: 44461:{'A0'}
Unconnected arg: 44473:{'A1'}
Unconnected arg: 44479:{'A1'}
Unconnected arg: 44484:{'A2'}
Unconnected arg: 44492:{'A2'}
Unconnected arg: 44496:{'A0'}
Unconnected arg: 44508:{'A1'}
Unconnected arg: 44510:{'A1'}
Unconnected arg: 44528:{'A1'}
Unconnected arg: 44530:{'A1'}
Unconnected arg: 44538:{'A1'}
Unconnected arg: 44539:{'A0'}
Unconnected arg: 44544:{'A1'}
Unconnected arg: 44545:{'A2'}
Unconnected arg: 44548:{'A0'}
Unconnected arg: 44556:{'A0'}
Unconnected arg: 44560:{'A0'}
Unconnected arg: 44563:{'A1'}
Unconnected arg: 44565:{'A0'}
Unconnected arg: 44566:{'A1', 'A2'}
Unconnected arg: 44578:{'A1'}
Unconnected arg: 44580:{'A3'}
Unconnected arg: 44583:{'A0'}
Unconnected arg: 44586:{'A1'}
Unconnected arg: 44591:{'A2'}
Unconnected arg: 44595:{'A1'}
Unconnected arg: 44597:{'A1'}
Unconnected arg: 44598:{'A1', 'A2'}
Unconnected arg: 44616:{'A1'}
Unconnected arg: 44621:{'A1'}
Unconnected arg: 44623:{'A2'}
Unconnected arg: 44626:{'A0'}
Unconnected arg: 44632:{'A1'}
Unconnected arg: 44639:{'A2'}
Unconnected arg: 44641:{'A0'}
Unconnected arg: 44650:{'A0'}
Unconnected arg: 44653:{'A0'}
Unconnected arg: 44657:{'A0'}
Unconnected arg: 44664:{'A1'}
Unconnected arg: 44713:{'A0'}
Unconnected arg: 44716:{'A1'}
Unconnected arg: 44724:{'A1'}
Unconnected arg: 44728:{'A0'}
Unconnected arg: 44732:{'A0'}
Unconnected arg: 44735:{'A1'}
Unconnected arg: 44736:{'A1'}
Unconnected arg: 44744:{'A0'}
Unconnected arg: 44746:{'A1'}
Unconnected arg: 44757:{'A1'}
Unconnected arg: 44759:{'A1'}
Unconnected arg: 44761:{'A0'}
Unconnected arg: 44768:{'A1'}
Unconnected arg: 44776:{'A0'}
Unconnected arg: 44778:{'A1'}
Unconnected arg: 44779:{'A1'}
Unconnected arg: 44783:{'A0'}
Unconnected arg: 44792:{'A1'}
Unconnected arg: 44795:{'A1'}
Unconnected arg: 44799:{'A1'}
Unconnected arg: 44807:{'A0'}
Unconnected arg: 44811:{'A0'}
Unconnected arg: 44813:{'A1'}
Unconnected arg: 44819:{'A0'}
Unconnected arg: 44826:{'A1'}
Unconnected arg: 44829:{'A0'}
Unconnected arg: 44860:{'A2'}
Unconnected arg: 44862:{'A1'}
Unconnected arg: 44863:{'A1'}
Unconnected arg: 44868:{'A1'}
Unconnected arg: 44870:{'A1'}
Unconnected arg: 44877:{'A2'}
Unconnected arg: 44878:{'A1'}
Unconnected arg: 44879:{'A1'}
Unconnected arg: 44882:{'A1'}
Unconnected arg: 44887:{'A2'}
Unconnected arg: 44890:{'A2'}
Unconnected arg: 44893:{'A1'}
Unconnected arg: 44894:{'A2'}
Unconnected arg: 44896:{'A2'}
Unconnected arg: 44905:{'A1'}
Unconnected arg: 44910:{'A1'}
Unconnected arg: 44912:{'A1'}
Unconnected arg: 44920:{'A1'}
Unconnected arg: 44925:{'A1'}
Unconnected arg: 44926:{'A0'}
Unconnected arg: 44941:{'A1'}
Unconnected arg: 44946:{'A0'}
Unconnected arg: 44948:{'A1'}
Unconnected arg: 44949:{'A1'}
Unconnected arg: 44956:{'A0'}
Unconnected arg: 44961:{'A2'}
Unconnected arg: 44965:{'A1'}
Unconnected arg: 44968:{'A0'}
Unconnected arg: 44974:{'A1'}
Unconnected arg: 44988:{'A0'}
Unconnected arg: 44994:{'A0'}
Unconnected arg: 45010:{'A2'}
Unconnected arg: 45027:{'A2'}
Unconnected arg: 45045:{'A1'}
Unconnected arg: 45057:{'A2'}
Unconnected arg: 45075:{'A0'}
Unconnected arg: 45077:{'A0'}
Unconnected arg: 45086:{'A1'}
Unconnected arg: 45091:{'A1'}
Unconnected arg: 45097:{'A0'}
Unconnected arg: 45098:{'A1'}
Unconnected arg: 45099:{'A2'}
Unconnected arg: 45105:{'A1'}
Unconnected arg: 45108:{'A1'}
Unconnected arg: 45110:{'A1'}
Unconnected arg: 45115:{'A0'}
Unconnected arg: 45117:{'A1'}
Unconnected arg: 45131:{'A1'}
Unconnected arg: 45141:{'A1'}
Unconnected arg: 45142:{'A1'}
Unconnected arg: 45145:{'A1'}
Unconnected arg: 45151:{'A1'}
Unconnected arg: 45158:{'A1'}
Unconnected arg: 45160:{'A1'}
Unconnected arg: 45164:{'A1'}
Unconnected arg: 45169:{'A0'}
Unconnected arg: 45170:{'A1'}
Unconnected arg: 45172:{'A0'}
Unconnected arg: 45179:{'A1'}
Unconnected arg: 45183:{'A0'}
Unconnected arg: 45184:{'A0'}
Unconnected arg: 45190:{'A1'}
Unconnected arg: 45191:{'A2'}
Unconnected arg: 45199:{'A1'}
Unconnected arg: 45201:{'A1'}
Unconnected arg: 45214:{'A2'}
Unconnected arg: 45215:{'A3'}
Unconnected arg: 45218:{'A1'}
Unconnected arg: 45221:{'A1'}
Unconnected arg: 45223:{'A1'}
Unconnected arg: 45224:{'A1'}
Unconnected arg: 45227:{'A1'}
Unconnected arg: 45233:{'A1'}
Unconnected arg: 45243:{'A1'}
Unconnected arg: 45244:{'A1'}
Unconnected arg: 45246:{'A1'}
Unconnected arg: 45249:{'A1'}
Unconnected arg: 45253:{'A1'}
Unconnected arg: 45255:{'A1'}
Unconnected arg: 45269:{'A1'}
Unconnected arg: 45271:{'A0'}
Unconnected arg: 45273:{'A1'}
Unconnected arg: 45276:{'A1'}
Unconnected arg: 45279:{'A1'}
Unconnected arg: 45290:{'A2'}
Unconnected arg: 45291:{'A3'}
Unconnected arg: 45292:{'A3'}
Unconnected arg: 45299:{'A1'}
Unconnected arg: 45308:{'A1'}
Unconnected arg: 45310:{'A0'}
Unconnected arg: 45312:{'A1'}
Unconnected arg: 45313:{'A1'}
Unconnected arg: 45328:{'A1'}
Unconnected arg: 45329:{'A1'}
Unconnected arg: 45347:{'A1'}
Unconnected arg: 45355:{'A1'}
Unconnected arg: 45357:{'A0'}
Unconnected arg: 45359:{'A0'}
Unconnected arg: 45362:{'A2'}
Unconnected arg: 45365:{'A1'}
Unconnected arg: 45366:{'A0'}
Unconnected arg: 45370:{'A1'}
Unconnected arg: 45379:{'A1'}
Unconnected arg: 45380:{'A1'}
Unconnected arg: 45388:{'A0'}
Unconnected arg: 45390:{'A3'}
Unconnected arg: 45412:{'A1'}
Unconnected arg: 45414:{'A2'}
Unconnected arg: 45415:{'A1'}
Unconnected arg: 45418:{'A1'}
Unconnected arg: 45420:{'A0'}
Unconnected arg: 45424:{'A1'}
Unconnected arg: 45425:{'A1'}
Unconnected arg: 45429:{'A0'}
Unconnected arg: 45441:{'A1'}
Unconnected arg: 45451:{'A2'}
Unconnected arg: 45453:{'A2'}
Unconnected arg: 45454:{'A2'}
Unconnected arg: 45456:{'A2'}
Unconnected arg: 45457:{'A1'}
Unconnected arg: 45459:{'A1'}
Unconnected arg: 45467:{'A2'}
Unconnected arg: 45470:{'A3'}
Unconnected arg: 45472:{'A0'}
Unconnected arg: 45495:{'A2'}
Unconnected arg: 45510:{'A0'}
Unconnected arg: 45515:{'A1', 'A2'}
Unconnected arg: 45546:{'A2'}
Unconnected arg: 45553:{'A0'}
Unconnected arg: 45564:{'A1'}
Unconnected arg: 45566:{'A0'}
Unconnected arg: 45579:{'A1'}
Unconnected arg: 45584:{'A0'}
Unconnected arg: 45588:{'A2'}
Unconnected arg: 45590:{'A1'}
Unconnected arg: 45593:{'A2'}
Unconnected arg: 45600:{'A1'}
Unconnected arg: 45608:{'A1'}
Unconnected arg: 45616:{'A0'}
Unconnected arg: 45628:{'A0'}
Unconnected arg: 45629:{'A0'}
Unconnected arg: 45630:{'A0'}
Unconnected arg: 45640:{'A0'}
Unconnected arg: 45642:{'A1'}
Unconnected arg: 45643:{'A1'}
Unconnected arg: 45668:{'A1'}
Unconnected arg: 45671:{'A1'}
Unconnected arg: 45673:{'A1'}
Unconnected arg: 45676:{'A2'}
Unconnected arg: 45693:{'A1'}
Unconnected arg: 45694:{'A1'}
Unconnected arg: 45700:{'A0'}
Unconnected arg: 45718:{'A1'}
Unconnected arg: 45719:{'A1'}
Unconnected arg: 45720:{'A1'}
Unconnected arg: 45722:{'A1'}
Unconnected arg: 45736:{'A2'}
Unconnected arg: 45739:{'A1'}
Unconnected arg: 45740:{'A1'}
Unconnected arg: 45741:{'A1'}
Unconnected arg: 45742:{'A0'}
Unconnected arg: 45744:{'A1'}
Unconnected arg: 45747:{'A1'}
Unconnected arg: 45750:{'A1'}
Unconnected arg: 45758:{'A1'}
Unconnected arg: 45760:{'A2'}
Unconnected arg: 45770:{'A0'}
Unconnected arg: 45771:{'A1'}
Unconnected arg: 45779:{'A1'}
Unconnected arg: 45796:{'A0'}
Unconnected arg: 45799:{'A1'}
Unconnected arg: 45803:{'A0'}
Unconnected arg: 45806:{'A1'}
Unconnected arg: 45809:{'A0'}
Unconnected arg: 45812:{'A1'}
Unconnected arg: 45817:{'A1'}
Unconnected arg: 45825:{'A1', 'A0'}
Unconnected arg: 45826:{'A2'}
Unconnected arg: 45839:{'A1'}
Unconnected arg: 45842:{'A1'}
Unconnected arg: 45844:{'A0'}
Unconnected arg: 45851:{'A2'}
Unconnected arg: 45854:{'A2'}
Unconnected arg: 45856:{'A0'}
Unconnected arg: 45857:{'A0'}
Unconnected arg: 45860:{'A0'}
Unconnected arg: 45868:{'A1'}
Unconnected arg: 45869:{'A0'}
Unconnected arg: 45881:{'A2'}
Unconnected arg: 45885:{'A1'}
Unconnected arg: 45886:{'A1'}
Unconnected arg: 45892:{'A1'}
Unconnected arg: 45897:{'A3'}
Unconnected arg: 45903:{'A1'}
Unconnected arg: 45905:{'A0'}
Unconnected arg: 45920:{'A0'}
Unconnected arg: 45926:{'A1'}
Unconnected arg: 45928:{'A0'}
Unconnected arg: 45929:{'A0'}
Unconnected arg: 45932:{'A2'}
Unconnected arg: 45938:{'A1'}
Unconnected arg: 45951:{'A1'}
Unconnected arg: 45952:{'A1'}
Unconnected arg: 45953:{'A1'}
Unconnected arg: 45960:{'A1'}
Unconnected arg: 45975:{'A1', 'A0'}
Unconnected arg: 45981:{'A1'}
Unconnected arg: 45988:{'A2'}
Unconnected arg: 45990:{'A1'}
Unconnected arg: 45992:{'A0'}
Unconnected arg: 46002:{'A2'}
Unconnected arg: 46003:{'A1'}
Unconnected arg: 46008:{'A0'}

Number of unconnected arguments: 9068
Number of out edges from argument: 3601

First sentence to process: 0
Last sentence to process: 46015

Execution finish: 2025-02-26 10:56:54.311219
Elapsed time: 167 min 30 sec

